region_lluvias_fecha_solicitud,cve_concatenada,cve_ent,cve_mun,nombre_mun,entidad,org_cuenca,clv_oc,con_cuenca,cve_conc,msm_20260131,sps_20260131,ahorro_uso_eficiente_20260131,prob_ambiental,t_prob_ambiental,prob_economica,t_prob_economica,prob_social,t_prob_social
Region A - Primeros Quince dias habiles de cada Diciembre,1001,1,1,Aguascalientes,Aguascalientes,Lerma Santiago Pacifico,VIII,Rio Santiago,16,sin dato,SIN SEQUIA,SIN REDUCCION,79.37,Alta,89.94,Muy Alta,74.87431238,Alta
Region A - Primeros Quince dias habiles de cada Diciembre,1002,1,2,Asientos,Aguascalientes,Lerma Santiago Pacifico,VIII,Rio Santiago,16,sin dato,SIN SEQUIA,SIN REDUCCION,66.02,Alta,74.65,Alta,13.54891704,Muy Baja
Region A - Primeros Quince dias habiles de cada Diciembre,1003,1,3,Calvillo,Aguascalientes,Lerma Santiago Pacifico,VIII,Rio Santiago,16,sin dato,SIN SEQUIA,SIN REDUCCION,1.84,Muy Baja,64.6,Alta,26.19849489,Baja
Region A - Primeros Quince dias habiles de cada Diciembre,1004,1,4,Cosio,Aguascalientes,Lerma Santiago Pacifico,VIII,Rio Santiago,16,sin dato,SIN SEQUIA,SIN REDUCCION,54.0,Media,65.97,Alta,8.701748664,Muy Baja
Region A - Primeros Quince dias habiles de cada Diciembre,1005,1,5,Jesus Maria,Aguascalientes,Lerma Santiago Pacifico,VIII,Rio Santiago,16,sin dato,SIN SEQUIA,SIN REDUCCION,27.57,Baja,81.85,Muy Alta,14.47665923,Muy Baja
Region A - Primeros Quince dias habiles de cada Diciembre,1006,1,6,Pabellon de Arteaga,Aguascalientes,Lerma Santiago Pacifico,VIII,Rio Santiago,16,sin dato,SIN SEQUIA,SIN REDUCCION,24.6,Baja,85.7,Muy Alta,14.73368896,Muy Baja
Region A - Primeros Quince dias habiles de cada Diciembre,1007,1,7,Rincon de Romos,Aguascalientes,Lerma Santiago Pacifico,VIII,Rio Santiago,16,sin dato,SIN SEQUIA,SIN REDUCCION,68.63,Alta,53.42,Media,16.10817335,Muy Baja
Region A - Primeros Quince dias habiles de cada Diciembre,1008,1,8,San Jose de Gracia,Aguascalientes,Lerma Santiago Pacifico,VIII,Rio Santiago,16,sin dato,SIN SEQUIA,SIN REDUCCION,93.86,Muy Alta,54.24,Media,3.694004767,Muy Baja
Region A - Primeros Quince dias habiles de cada Diciembre,1009,1,9,Tepezala,Aguascalientes,Lerma Santiago Pacifico,VIII,Rio Santiago,16,sin dato,SIN SEQUIA,SIN REDUCCION,41.03,Media,49.02,Media,7.307944638,Muy Baja
Region A - Primeros Quince dias habiles de cada Diciembre,1010,1,10,El Llano,Aguascalientes,Lerma Santiago Pacifico,VIII,Rio Santiago,16,sin dato,SIN SEQUIA,SIN REDUCCION,38.38,Baja,63.46,Alta,24.50730936,Baja
Region A - Primeros Quince dias habiles de cada Diciembre,1011,1,11,San Francisco de los Romo,Aguascalientes,Lerma Santiago Pacifico,VIII,Rio Santiago,16,sin dato,SIN SEQUIA,SIN REDUCCION,82.53,Muy Alta,88.04,Muy Alta,26.4326294,Baja
Region B - Primeros 8 dias habiles de abril,2001,2,1,Ensenada,Baja California,Peninsula de Baja California,I,Baja California,2,sin dato,SIN SEQUIA,SIN REDUCCION,31.18,Baja,14.32,Muy Baja,28.24133017,Baja
Region B - Primeros 8 dias habiles de abril,2002,2,2,Mexicali,Baja California,Peninsula de Baja California,I,Baja California,2,sin dato,SIN SEQUIA,SIN REDUCCION,73.41,Alta,83.22,Muy Alta,24.96958072,Baja
Region B - Primeros 8 dias habiles de abril,2003,2,3,Tecate,Baja California,Peninsula de Baja California,I,Baja California,2,sin dato,SIN SEQUIA,SIN REDUCCION,49.07,Media,64.17,Alta,41.0841919,Media
Region B - Primeros 8 dias habiles de abril,2004,2,4,Tijuana,Baja California,Peninsula de Baja California,I,Baja California,2,sin dato,SIN SEQUIA,SIN REDUCCION,97.49,Muy Alta,96.56,Muy Alta,30.08916388,Baja
Region B - Primeros 8 dias habiles de abril,2005,2,5,Playas de Rosarito,Baja California,Peninsula de Baja California,I,Baja California,2,sin dato,SIN SEQUIA,SIN REDUCCION,72.85,Alta,54.84,Media,61.20624099,Alta
Region B - Primeros 8 dias habiles de abril,2006,2,6,San Quintin,Baja California,Peninsula de Baja California,I,Baja California,2,sin dato,SIN SEQUIA,SIN REDUCCION,,,,,,
Region B - Primeros 8 dias habiles de abril,2007,2,7,San Felipe,Baja California,Peninsula de Baja California,I,Baja California,2,sin dato,SIN SEQUIA,SIN REDUCCION,,,,,,
Region A - Primeros Quince dias habiles de cada Diciembre,3001,3,1,Comondu,Baja California Sur,Peninsula de Baja California,I,Baja California Sur,1,sin dato,SIN SEQUIA,SIN REDUCCION,24.5,Baja,28.5,Baja,55.73417301,Media
Region B - Primeros 8 dias habiles de abril,3002,3,2,Mulege,Baja California Sur,Peninsula de Baja California,I,Baja California Sur,1,sin dato,SIN SEQUIA,SIN REDUCCION,6.62,Muy Baja,18.17,Muy Baja,91.32374822,Muy Alta
Region A - Primeros Quince dias habiles de cada Diciembre,3003,3,3,La Paz,Baja California Sur,Peninsula de Baja California,I,Baja California Sur,1,sin dato,SIN SEQUIA,SIN REDUCCION,17.6,Muy Baja,7.05,Muy Baja,2.395549309,Muy Baja
Region A - Primeros Quince dias habiles de cada Diciembre,3008,3,8,Los Cabos,Baja California Sur,Peninsula de Baja California,I,Baja California Sur,1,sin dato,SIN SEQUIA,SIN REDUCCION,29.51,Baja,57.46,Media,54.07299668,Media
Region A - Primeros Quince dias habiles de cada Diciembre,3009,3,9,Loreto,Baja California Sur,Peninsula de Baja California,I,Baja California Sur,1,sin dato,SIN SEQUIA,SIN REDUCCION,77.3,Alta,38.54,Baja,66.0423673,Alta
Region A - Primeros Quince dias habiles de cada Diciembre,4001,4,1,Calkini,Campeche,Peninsula de Yucatan,XII,Peninsula de Yucatan,25,sin dato,SIN SEQUIA,SIN REDUCCION,17.97,Muy Baja,58.7,Media,23.40169049,Baja
Region A - Primeros Quince dias habiles de cada Diciembre,4002,4,2,Campeche,Campeche,Peninsula de Yucatan,XII,Peninsula de Yucatan,25,sin dato,SIN SEQUIA,SIN REDUCCION,21.62,Baja,31.01,Baja,15.64210585,Muy Baja
Region A - Primeros Quince dias habiles de cada Diciembre,4003,4,3,Carmen,Campeche,Peninsula de Yucatan,XII,Peninsula de Yucatan,25,D0,AMARILLO,15%,1.92,Muy Baja,27.73,Baja,7.598372931,Muy Baja
Region A - Primeros Quince dias habiles de cada Diciembre,4004,4,4,Champoton,Campeche,Peninsula de Yucatan,XII,Peninsula de Yucatan,25,sin dato,SIN SEQUIA,SIN REDUCCION,19.76,Muy Baja,22.44,Baja,14.99660814,Muy Baja
Region A - Primeros Quince dias habiles de cada Diciembre,4005,4,5,Hecelchakan,Campeche,Peninsula de Yucatan,XII,Peninsula de Yucatan,25,sin dato,SIN SEQUIA,SIN REDUCCION,38.17,Baja,64.54,Alta,30.56942049,Baja
Region A - Primeros Quince dias habiles de cada Diciembre,4006,4,6,Hopelchen,Campeche,Peninsula de Yucatan,XII,Peninsula de Yucatan,25,sin dato,SIN SEQUIA,SIN REDUCCION,9.96,Muy Baja,53.86,Media,15.32780255,Muy Baja
Region A - Primeros Quince dias habiles de cada Diciembre,4007,4,7,Palizada,Campeche,Frontera Sur,XI,Rios Grijalva y Usumacinta,24,D0,AMARILLO,15%,3.82,Muy Baja,1.93,Muy Baja,28.66808022,Baja
Region A - Primeros Quince dias habiles de cada Diciembre,4008,4,8,Tenabo,Campeche,Peninsula de Yucatan,XII,Peninsula de Yucatan,25,sin dato,SIN SEQUIA,SIN REDUCCION,7.64,Muy Baja,29.93,Baja,9.799058005,Muy Baja
Region A - Primeros Quince dias habiles de cada Diciembre,4009,4,9,Escarcega,Campeche,Peninsula de Yucatan,XII,Peninsula de Yucatan,25,sin dato,SIN SEQUIA,SIN REDUCCION,20.35,Baja,14.34,Muy Baja,27.14438645,Baja
Region A - Primeros Quince dias habiles de cada Diciembre,4010,4,10,Calakmul,Campeche,Peninsula de Yucatan,XII,Peninsula de Yucatan,25,sin dato,SIN SEQUIA,SIN REDUCCION,1.11,Muy Baja,10.45,Muy Baja,94.12956494,Muy Alta
Region A - Primeros Quince dias habiles de cada Diciembre,4011,4,11,Candelaria,Campeche,Peninsula de Yucatan,XII,Peninsula de Yucatan,25,sin dato,SIN SEQUIA,SIN REDUCCION,20.08,Baja,16.96,Muy Baja,66.42346083,Alta
Region A - Primeros Quince dias habiles de cada Diciembre,4012,4,12,Seybaplaya,Campeche,Peninsula de Yucatan,XII,Peninsula de Yucatan,25,sin dato,SIN SEQUIA,SIN REDUCCION,,,,,,
Region A - Primeros Quince dias habiles de cada Diciembre,4013,4,13,Dzitbalche,Campeche,Peninsula de Yucatan,XII,Peninsula de Yucatan,25,sin dato,SIN SEQUIA,SIN REDUCCION,,,,,,
Region A - Primeros Quince dias habiles de cada Diciembre,5001,5,1,Abasolo,Coahuila,Rio Bravo,VI,Rio Bravo,12,D1,PRE-ALERTA,15%,25.74,Baja,44.45,Media,61.14339409,Alta
Region A - Primeros Quince dias habiles de cada Diciembre,5002,5,2,Acuna,Coahuila,Rio Bravo,VI,Rio Bravo,12,D3,ROJO,40%,32.63,Baja,36.37,Baja,15.16222489,Muy Baja
Region C - Primeros 8 dias habiles de CADA MES,5003,5,3,Allende,Coahuila,Rio Bravo,VI,Rio Bravo,12,D2,ROJO,30%,13.83,Muy Baja,11.26,Muy Baja,10.68235888,Muy Baja
Region A - Primeros Quince dias habiles de cada Diciembre,5004,5,4,Arteaga,Coahuila,Rio Bravo,VI,Del Altiplano,14,sin dato,SIN SEQUIA,SIN REDUCCION,47.86,Media,37.84,Baja,41.15124948,Media
Region A - Primeros Quince dias habiles de cada Diciembre,5005,5,5,Candela,Coahuila,Rio Bravo,VI,Rio Bravo,12,D1,PRE-ALERTA,15%,37.03,Baja,23.95,Baja,29.39299996,Baja
Region A - Primeros Quince dias habiles de cada Diciembre,5006,5,6,Castanos,Coahuila,Rio Bravo,VI,Rio Bravo,12,D0,PRE-ALERTA,10%,12.21,Muy Baja,40.67,Media,42.79760441,Media
Region A - Primeros Quince dias habiles de cada Diciembre,5007,5,7,Cuatro Cienegas,Coahuila,Rio Bravo,VI,Rio Bravo,12,sin dato,SIN SEQUIA,SIN REDUCCION,17.55,Muy Baja,27.35,Baja,34.15079496,Baja
Region A - Primeros Quince dias habiles de cada Diciembre,5008,5,8,Escobedo,Coahuila,Rio Bravo,VI,Rio Bravo,12,D1,PRE-ALERTA,15%,35.17,Baja,35.17,Baja,54.26758669,Media
Region A - Primeros Quince dias habiles de cada Diciembre,5009,5,9,Francisco I. Madero,Coahuila,Cuencas Centrales del Norte,VII,Nazas-Aguanaval,13,sin dato,SIN SEQUIA,SIN REDUCCION,73.15,Alta,58.93,Media,17.27927531,Muy Baja
Region A - Primeros Quince dias habiles de cada Diciembre,5010,5,10,Frontera,Coahuila,Rio Bravo,VI,Rio Bravo,12,sin dato,SIN SEQUIA,SIN REDUCCION,47.41,Media,48.3,Media,24.11750959,Baja
Region A - Primeros Quince dias habiles de cada Diciembre,5011,5,11,General Cepeda,Coahuila,Rio Bravo,VI,Rio Bravo,12,sin dato,SIN SEQUIA,SIN REDUCCION,63.33,Alta,56.95,Media,52.54919501,Media
Region A - Primeros Quince dias habiles de cada Diciembre,5012,5,12,Guerrero,Coahuila,Rio Bravo,VI,Rio Bravo,12,D3,ROJO,40%,14.94,Muy Baja,11.16,Muy Baja,46.4471667,Media
Region A - Primeros Quince dias habiles de cada Diciembre,5013,5,13,Hidalgo,Coahuila,Rio Bravo,VI,Rio Bravo,12,D3,ROJO,40%,13.09,Muy Baja,6.95,Muy Baja,33.34807333,Baja
Region C - Primeros 8 dias habiles de CADA MES,5014,5,14,Jimenez,Coahuila,Rio Bravo,VI,Rio Bravo,12,D2,ROJO,30%,13.46,Muy Baja,8.03,Muy Baja,14.84360864,Muy Baja
Region C - Primeros 8 dias habiles de CADA MES,5015,5,15,Juarez,Coahuila,Rio Bravo,VI,Rio Bravo,12,D2,ROJO,30%,26.43,Baja,18.15,Muy Baja,28.19347911,Baja
Region A - Primeros Quince dias habiles de cada Diciembre,5016,5,16,Lamadrid,Coahuila,Rio Bravo,VI,Rio Bravo,12,sin dato,SIN SEQUIA,SIN REDUCCION,4.63,Muy Baja,39.36,Baja,10.92858073,Muy Baja
Region A - Primeros Quince dias habiles de cada Diciembre,5017,5,17,Matamoros,Coahuila,Cuencas Centrales del Norte,VII,Nazas-Aguanaval,13,sin dato,SIN SEQUIA,SIN REDUCCION,80.84,Muy Alta,81.57,Muy Alta,33.78925365,Baja
Region A - Primeros Quince dias habiles de cada Diciembre,5018,5,18,Monclova,Coahuila,Rio Bravo,VI,Rio Bravo,12,D1,PRE-ALERTA,15%,33.25,Baja,47.02,Media,10.63560983,Muy Baja
Region A - Primeros Quince dias habiles de cada Diciembre,5019,5,19,Morelos,Coahuila,Rio Bravo,VI,Rio Bravo,12,D2,ROJO,30%,27.3,Baja,23.06,Baja,37.66460239,Baja
Region A - Primeros Quince dias habiles de cada Diciembre,5020,5,20,Muzquiz,Coahuila,Rio Bravo,VI,Rio Bravo,12,D2,ROJO,30%,77.59,Alta,7.31,Muy Baja,2.957993758,Muy Baja
Region A - Primeros Quince dias habiles de cada Diciembre,5021,5,21,Nadadores,Coahuila,Rio Bravo,VI,Rio Bravo,12,D0,AMARILLO,15%,18.44,Muy Baja,45.97,Media,27.85806205,Baja
Region A - Primeros Quince dias habiles de cada Diciembre,5022,5,22,Nava,Coahuila,Rio Bravo,VI,Rio Bravo,12,D3,ROJO,40%,10.7,Muy Baja,5.62,Muy Baja,8.270485559,Muy Baja
Region A - Primeros Quince dias habiles de cada Diciembre,5023,5,23,Ocampo,Coahuila,Rio Bravo,VI,Rio Bravo,12,D4,ROJO,SUPERIOR AL 40%,4.82,Muy Baja,5.15,Muy Baja,18.16295013,Muy Baja
Region A - Primeros Quince dias habiles de cada Diciembre,5024,5,24,Parras,Coahuila,Cuencas Centrales del Norte,VII,Nazas-Aguanaval,13,sin dato,SIN SEQUIA,SIN REDUCCION,1.78,Muy Baja,21.2,Baja,8.657067512,Muy Baja
Region A - Primeros Quince dias habiles de cada Diciembre,5025,5,25,Piedras Negras,Coahuila,Rio Bravo,VI,Rio Bravo,12,D2,ROJO,30%,12.86,Muy Baja,15.14,Muy Baja,14.802418,Muy Baja
Region A - Primeros Quince dias habiles de cada Diciembre,5026,5,26,Progreso,Coahuila,Rio Bravo,VI,Rio Bravo,12,D1,NARANJA,25%,26.69,Baja,19.72,Muy Baja,53.67931319,Media
Region C - Primeros 8 dias habiles de CADA MES,5027,5,27,Ramos Arizpe,Coahuila,Rio Bravo,VI,Rio Bravo,12,sin dato,SIN SEQUIA,SIN REDUCCION,49.77,Media,60.95,Alta,28.49400262,Baja
Region A - Primeros Quince dias habiles de cada Diciembre,5028,5,28,Sabinas,Coahuila,Rio Bravo,VI,Rio Bravo,12,D2,ROJO,30%,35.55,Baja,34.54,Baja,26.53249143,Baja
Region A - Primeros Quince dias habiles de cada Diciembre,5029,5,29,Sacramento,Coahuila,Rio Bravo,VI,Rio Bravo,12,sin dato,SIN SEQUIA,SIN REDUCCION,10.53,Muy Baja,41.83,Media,12.19583331,Muy Baja
Region C - Primeros 8 dias habiles de CADA MES,5030,5,30,Saltillo,Coahuila,Rio Bravo,VI,Del Altiplano,14,sin dato,SIN SEQUIA,SIN REDUCCION,10.13,Muy Baja,28.87,Baja,15.69164081,Muy Baja
Region C - Primeros 8 dias habiles de CADA MES,5031,5,31,San Buenaventura,Coahuila,Rio Bravo,VI,Rio Bravo,12,D1,NARANJA,25%,8.5,Muy Baja,18.4,Muy Baja,16.23896142,Muy Baja
Region A - Primeros Quince dias habiles de cada Diciembre,5032,5,32,San Juan de Sabinas,Coahuila,Rio Bravo,VI,Rio Bravo,12,D1,NARANJA,25%,13.6,Muy Baja,16.35,Muy Baja,5.844296608,Muy Baja
Region A - Primeros Quince dias habiles de cada Diciembre,5033,5,33,San Pedro,Coahuila,Cuencas Centrales del Norte,VII,Nazas-Aguanaval,13,sin dato,SIN SEQUIA,SIN REDUCCION,72.01,Alta,5.61,Muy Baja,31.35955507,Baja
Region A - Primeros Quince dias habiles de cada Diciembre,5034,5,34,Sierra Mojada,Coahuila,Cuencas Centrales del Norte,VII,Nazas-Aguanaval,13,D1,NARANJA,25%,8.38,Muy Baja,25.71,Baja,41.05152821,Media
Region A - Primeros Quince dias habiles de cada Diciembre,5035,5,35,Torreon,Coahuila,Cuencas Centrales del Norte,VII,Nazas-Aguanaval,13,sin dato,SIN SEQUIA,SIN REDUCCION,84.82,Muy Alta,98.5,Muy Alta,12.92073995,Muy Baja
Region A - Primeros Quince dias habiles de cada Diciembre,5036,5,36,Viesca,Coahuila,Cuencas Centrales del Norte,VII,Nazas-Aguanaval,13,sin dato,SIN SEQUIA,SIN REDUCCION,96.04,Muy Alta,3.02,Muy Baja,45.73812829,Media
Region A - Primeros Quince dias habiles de cada Diciembre,5037,5,37,Villa Union,Coahuila,Rio Bravo,VI,Rio Bravo,12,D2,ROJO,30%,19.71,Muy Baja,11.65,Muy Baja,36.61451623,Baja
Region C - Primeros 8 dias habiles de CADA MES,5038,5,38,Zaragoza,Coahuila,Rio Bravo,VI,Rio Bravo,12,D2,ROJO,30%,33.61,Baja,30.44,Baja,35.26711307,Baja
Region A - Primeros Quince dias habiles de cada Diciembre,6001,6,1,Armeria,Colima,Lerma Santiago Pacifico,VIII,Costa Pacifico Centro,17,sin dato,SIN SEQUIA,SIN REDUCCION,49.48,Media,37.68,Baja,12.55967424,Muy Baja
Region A - Primeros Quince dias habiles de cada Diciembre,6002,6,2,Colima,Colima,Lerma Santiago Pacifico,VIII,Costa Pacifico Centro,17,sin dato,SIN SEQUIA,SIN REDUCCION,13.69,Muy Baja,20.52,Baja,3.39261552,Muy Baja
Region A - Primeros Quince dias habiles de cada Diciembre,6003,6,3,Comala,Colima,Lerma Santiago Pacifico,VIII,Costa Pacifico Centro,17,sin dato,SIN SEQUIA,SIN REDUCCION,24.36,Baja,67.9,Alta,25.24517597,Baja
Region A - Primeros Quince dias habiles de cada Diciembre,6004,6,4,Coquimatlan,Colima,Lerma Santiago Pacifico,VIII,Costa Pacifico Centro,17,sin dato,SIN SEQUIA,SIN REDUCCION,61.54,Alta,39.56,Baja,26.8297419,Baja
Region A - Primeros Quince dias habiles de cada Diciembre,6005,6,5,Cuauhtemoc,Colima,Lerma Santiago Pacifico,VIII,Costa Pacifico Centro,17,sin dato,SIN SEQUIA,SIN REDUCCION,28.3,Baja,19.63,Muy Baja,5.002847366,Muy Baja
Region A - Primeros Quince dias habiles de cada Diciembre,6006,6,6,Ixtlahuacan,Colima,Lerma Santiago Pacifico,VIII,Costa Pacifico Centro,17,sin dato,SIN SEQUIA,SIN REDUCCION,8.81,Muy Baja,31.28,Baja,13.6966264,Muy Baja
Region A - Primeros Quince dias habiles de cada Diciembre,6007,6,7,Manzanillo,Colima,Lerma Santiago Pacifico,VIII,Costa Pacifico Centro,17,sin dato,SIN SEQUIA,SIN REDUCCION,29.57,Baja,12.35,Muy Baja,5.577312592,Muy Baja
Region A - Primeros Quince dias habiles de cada Diciembre,6008,6,8,Minatitlan,Colima,Lerma Santiago Pacifico,VIII,Costa Pacifico Centro,17,sin dato,SIN SEQUIA,SIN REDUCCION,99.51,Muy Alta,43.51,Media,14.74112412,Muy Baja
Region A - Primeros Quince dias habiles de cada Diciembre,6009,6,9,Tecoman,Colima,Lerma Santiago Pacifico,VIII,Costa Pacifico Centro,17,sin dato,SIN SEQUIA,SIN REDUCCION,65.87,Alta,1.36,Muy Baja,16.57484015,Muy Baja
Region A - Primeros Quince dias habiles de cada Diciembre,6010,6,10,Villa de alvarez,Colima,Lerma Santiago Pacifico,VIII,Costa Pacifico Centro,17,sin dato,SIN SEQUIA,SIN REDUCCION,38.36,Baja,74.98,Alta,5.390209454,Muy Baja
Region A - Primeros Quince dias habiles de cada Diciembre,7001,7,1,Acacoyagua,Chiapas,Frontera Sur,XI,Costa de Chiapas,23,sin dato,SIN SEQUIA,SIN REDUCCION,12.69,Muy Baja,38.35,Baja,18.55389427,Muy Baja
Region A - Primeros Quince dias habiles de cada Diciembre,7002,7,2,Acala,Chiapas,Frontera Sur,XI,Rios Grijalva y Usumacinta,24,sin dato,SIN SEQUIA,SIN REDUCCION,64.66,Alta,68.15,Alta,31.91545282,Baja
Region A - Primeros Quince dias habiles de cada Diciembre,7003,7,3,Acapetahua,Chiapas,Frontera Sur,XI,Costa de Chiapas,23,sin dato,SIN SEQUIA,SIN REDUCCION,6.81,Muy Baja,63.61,Alta,28.26345542,Baja
Region A - Primeros Quince dias habiles de cada Diciembre,7004,7,4,Altamirano,Chiapas,Frontera Sur,XI,Rios Grijalva y Usumacinta,24,D1,NARANJA,25%,58.6,Media,52.27,Media,40.13823984,Media
Region A - Primeros Quince dias habiles de cada Diciembre,7005,7,5,Amatan,Chiapas,Frontera Sur,XI,Rios Grijalva y Usumacinta,24,sin dato,SIN SEQUIA,SIN REDUCCION,29.37,Baja,27.3,Baja,43.36352819,Media
Region A - Primeros Quince dias habiles de cada Diciembre,7006,7,6,Amatenango de la Frontera,Chiapas,Frontera Sur,XI,Rios Grijalva y Usumacinta,24,sin dato,SIN SEQUIA,SIN REDUCCION,39.06,Baja,16.61,Muy Baja,22.29047467,Baja
Region A - Primeros Quince dias habiles de cada Diciembre,7007,7,7,Amatenango del Valle,Chiapas,Frontera Sur,XI,Rios Grijalva y Usumacinta,24,sin dato,SIN SEQUIA,SIN REDUCCION,22.77,Baja,21.19,Baja,85.67517215,Muy Alta
Region A - Primeros Quince dias habiles de cada Diciembre,7008,7,8,Angel Albino Corzo,Chiapas,Frontera Sur,XI,Rios Grijalva y Usumacinta,24,sin dato,SIN SEQUIA,SIN REDUCCION,55.25,Media,60.81,Alta,37.44117237,Baja
Region A - Primeros Quince dias habiles de cada Diciembre,7009,7,9,Arriaga,Chiapas,Frontera Sur,XI,Costa de Chiapas,23,sin dato,SIN SEQUIA,SIN REDUCCION,35.94,Baja,62.74,Alta,45.02546638,Media
Region A - Primeros Quince dias habiles de cada Diciembre,7010,7,10,Bejucal de Ocampo,Chiapas,Frontera Sur,XI,Rios Grijalva y Usumacinta,24,sin dato,SIN SEQUIA,SIN REDUCCION,18.35,Muy Baja,14.74,Muy Baja,56.16470322,Media
Region A - Primeros Quince dias habiles de cada Diciembre,7011,7,11,Bella Vista,Chiapas,Frontera Sur,XI,Rios Grijalva y Usumacinta,24,sin dato,SIN SEQUIA,SIN REDUCCION,30.7,Baja,23.8,Baja,25.69918831,Baja
Region A - Primeros Quince dias habiles de cada Diciembre,7012,7,12,Berriozabal,Chiapas,Frontera Sur,XI,Rios Grijalva y Usumacinta,24,D0,PRE-ALERTA,10%,53.42,Media,73.22,Alta,70.79752579,Alta
Region A - Primeros Quince dias habiles de cada Diciembre,7013,7,13,Bochil,Chiapas,Frontera Sur,XI,Rios Grijalva y Usumacinta,24,sin dato,SIN SEQUIA,SIN REDUCCION,5.41,Muy Baja,19.36,Muy Baja,45.42733539,Media
Region A - Primeros Quince dias habiles de cada Diciembre,7014,7,14,El Bosque,Chiapas,Frontera Sur,XI,Rios Grijalva y Usumacinta,24,sin dato,SIN SEQUIA,SIN REDUCCION,25.35,Baja,9.65,Muy Baja,41.00828927,Media
Region A - Primeros Quince dias habiles de cada Diciembre,7015,7,15,Cacahoatan,Chiapas,Frontera Sur,XI,Costa de Chiapas,23,sin dato,SIN SEQUIA,SIN REDUCCION,23.28,Baja,83.6,Muy Alta,53.77496403,Media
Region A - Primeros Quince dias habiles de cada Diciembre,7016,7,16,Catazaja,Chiapas,Frontera Sur,XI,Rios Grijalva y Usumacinta,24,sin dato,SIN SEQUIA,SIN REDUCCION,21.46,Baja,18.83,Muy Baja,53.92498047,Media
Region A - Primeros Quince dias habiles de cada Diciembre,7017,7,17,Cintalapa,Chiapas,Frontera Sur,XI,Rios Grijalva y Usumacinta,24,D0,PRE-ALERTA,10%,99.61,Muy Alta,52.3,Media,62.72596194,Alta
Region A - Primeros Quince dias habiles de cada Diciembre,7018,7,18,Coapilla,Chiapas,Frontera Sur,XI,Rios Grijalva y Usumacinta,24,sin dato,SIN SEQUIA,SIN REDUCCION,79.96,Alta,78.69,Alta,46.11423982,Media
Region A - Primeros Quince dias habiles de cada Diciembre,7019,7,19,Comitan de Dominguez,Chiapas,Frontera Sur,XI,Rios Grijalva y Usumacinta,24,sin dato,SIN SEQUIA,SIN REDUCCION,87.31,Muy Alta,92.21,Muy Alta,74.23862448,Alta
Region A - Primeros Quince dias habiles de cada Diciembre,7020,7,20,La Concordia,Chiapas,Frontera Sur,XI,Rios Grijalva y Usumacinta,24,sin dato,SIN SEQUIA,SIN REDUCCION,72.41,Alta,84.8,Muy Alta,44.06689335,Media
Region A - Primeros Quince dias habiles de cada Diciembre,7021,7,21,Copainala,Chiapas,Frontera Sur,XI,Rios Grijalva y Usumacinta,24,D0,PRE-ALERTA,10%,86.12,Muy Alta,79.57,Alta,46.81572343,Media
Region A - Primeros Quince dias habiles de cada Diciembre,7022,7,22,Chalchihuitan,Chiapas,Frontera Sur,XI,Rios Grijalva y Usumacinta,24,sin dato,SIN SEQUIA,SIN REDUCCION,32.2,Baja,10.87,Muy Baja,99.99957254,Muy Alta
Region A - Primeros Quince dias habiles de cada Diciembre,7023,7,23,Chamula,Chiapas,Frontera Sur,XI,Rios Grijalva y Usumacinta,24,sin dato,SIN SEQUIA,SIN REDUCCION,66.02,Alta,42.23,Media,81.34154883,Muy Alta
Region A - Primeros Quince dias habiles de cada Diciembre,7024,7,24,Chanal,Chiapas,Frontera Sur,XI,Rios Grijalva y Usumacinta,24,sin dato,SIN SEQUIA,SIN REDUCCION,64.72,Alta,18.58,Muy Baja,90.70754315,Muy Alta
Region A - Primeros Quince dias habiles de cada Diciembre,7025,7,25,Chapultenango,Chiapas,Frontera Sur,XI,Rios Grijalva y Usumacinta,24,sin dato,SIN SEQUIA,SIN REDUCCION,53.68,Media,37.68,Baja,44.46981971,Media
Region A - Primeros Quince dias habiles de cada Diciembre,7026,7,26,Chenalho,Chiapas,Frontera Sur,XI,Rios Grijalva y Usumacinta,24,sin dato,SIN SEQUIA,SIN REDUCCION,29.18,Baja,12.49,Muy Baja,79.57251504,Alta
Region A - Primeros Quince dias habiles de cada Diciembre,7027,7,27,Chiapa de Corzo,Chiapas,Frontera Sur,XI,Rios Grijalva y Usumacinta,24,sin dato,SIN SEQUIA,SIN REDUCCION,86.09,Muy Alta,90.23,Muy Alta,56.97388993,Media
Region A - Primeros Quince dias habiles de cada Diciembre,7028,7,28,Chiapilla,Chiapas,Frontera Sur,XI,Rios Grijalva y Usumacinta,24,sin dato,SIN SEQUIA,SIN REDUCCION,70.67,Alta,59.61,Media,59.85457106,Media
Region A - Primeros Quince dias habiles de cada Diciembre,7029,7,29,Chicoasen,Chiapas,Frontera Sur,XI,Rios Grijalva y Usumacinta,24,D0,PRE-ALERTA,10%,45.85,Media,24.32,Baja,50.46482977,Media
Region A - Primeros Quince dias habiles de cada Diciembre,7030,7,30,Chicomuselo,Chiapas,Frontera Sur,XI,Rios Grijalva y Usumacinta,24,sin dato,SIN SEQUIA,SIN REDUCCION,71.71,Alta,62.18,Alta,77.37968219,Alta
Region A - Primeros Quince dias habiles de cada Diciembre,7031,7,31,Chilon,Chiapas,Frontera Sur,XI,Rios Grijalva y Usumacinta,24,sin dato,SIN SEQUIA,SIN REDUCCION,64.93,Alta,76.42,Alta,96.95887147,Muy Alta
Region A - Primeros Quince dias habiles de cada Diciembre,7032,7,32,Escuintla,Chiapas,Frontera Sur,XI,Costa de Chiapas,23,sin dato,SIN SEQUIA,SIN REDUCCION,36.1,Baja,36.25,Baja,24.91038569,Baja
Region A - Primeros Quince dias habiles de cada Diciembre,7033,7,33,Francisco Leon,Chiapas,Frontera Sur,XI,Rios Grijalva y Usumacinta,24,sin dato,SIN SEQUIA,SIN REDUCCION,90.31,Muy Alta,60.02,Alta,72.04981381,Alta
Region A - Primeros Quince dias habiles de cada Diciembre,7034,7,34,Frontera Comalapa,Chiapas,Frontera Sur,XI,Rios Grijalva y Usumacinta,24,sin dato,SIN SEQUIA,SIN REDUCCION,26.59,Baja,2.05,Muy Baja,12.92168996,Muy Baja
Region A - Primeros Quince dias habiles de cada Diciembre,7035,7,35,Frontera Hidalgo,Chiapas,Frontera Sur,XI,Costa de Chiapas,23,sin dato,SIN SEQUIA,SIN REDUCCION,71.89,Alta,77.22,Alta,79.85525655,Alta
Region A - Primeros Quince dias habiles de cada Diciembre,7036,7,36,La Grandeza,Chiapas,Frontera Sur,XI,Rios Grijalva y Usumacinta,24,sin dato,SIN SEQUIA,SIN REDUCCION,38.39,Baja,13.05,Muy Baja,10.00927459,Muy Baja
Region A - Primeros Quince dias habiles de cada Diciembre,7037,7,37,Huehuetan,Chiapas,Frontera Sur,XI,Costa de Chiapas,23,sin dato,SIN SEQUIA,SIN REDUCCION,99.82,Muy Alta,85.21,Muy Alta,56.30344476,Media
Region A - Primeros Quince dias habiles de cada Diciembre,7038,7,38,Huixtan,Chiapas,Frontera Sur,XI,Rios Grijalva y Usumacinta,24,sin dato,SIN SEQUIA,SIN REDUCCION,81.83,Muy Alta,76.39,Alta,58.19644049,Media
Region A - Primeros Quince dias habiles de cada Diciembre,7039,7,39,Huitiupan,Chiapas,Frontera Sur,XI,Rios Grijalva y Usumacinta,24,sin dato,SIN SEQUIA,SIN REDUCCION,33.4,Baja,23.15,Baja,45.74315444,Media
Region A - Primeros Quince dias habiles de cada Diciembre,7040,7,40,Huixtla,Chiapas,Frontera Sur,XI,Costa de Chiapas,23,sin dato,SIN SEQUIA,SIN REDUCCION,55.64,Media,83.92,Muy Alta,16.69836104,Muy Baja
Region A - Primeros Quince dias habiles de cada Diciembre,7041,7,41,La Independencia,Chiapas,Frontera Sur,XI,Rios Grijalva y Usumacinta,24,D0,PRE-ALERTA,10%,62.93,Alta,87.0,Muy Alta,19.37601265,Muy Baja
Region A - Primeros Quince dias habiles de cada Diciembre,7042,7,42,Ixhuatan,Chiapas,Frontera Sur,XI,Rios Grijalva y Usumacinta,24,sin dato,SIN SEQUIA,SIN REDUCCION,40.49,Media,47.87,Media,8.048759537,Muy Baja
Region A - Primeros Quince dias habiles de cada Diciembre,7043,7,43,Ixtacomitan,Chiapas,Frontera Sur,XI,Rios Grijalva y Usumacinta,24,sin dato,SIN SEQUIA,SIN REDUCCION,74.6,Alta,66.59,Alta,47.99868153,Media
Region A - Primeros Quince dias habiles de cada Diciembre,7044,7,44,Ixtapa,Chiapas,Frontera Sur,XI,Rios Grijalva y Usumacinta,24,sin dato,SIN SEQUIA,SIN REDUCCION,63.62,Alta,54.5,Media,37.58621204,Baja
Region A - Primeros Quince dias habiles de cada Diciembre,7045,7,45,Ixtapangajoya,Chiapas,Frontera Sur,XI,Rios Grijalva y Usumacinta,24,sin dato,SIN SEQUIA,SIN REDUCCION,39.32,Baja,35.07,Baja,63.74994278,Alta
Region A - Primeros Quince dias habiles de cada Diciembre,7046,7,46,Jiquipilas,Chiapas,Frontera Sur,XI,Rios Grijalva y Usumacinta,24,D0,PRE-ALERTA,10%,98.28,Muy Alta,46.16,Media,13.97741648,Muy Baja
Region A - Primeros Quince dias habiles de cada Diciembre,7047,7,47,Jitotol,Chiapas,Frontera Sur,XI,Rios Grijalva y Usumacinta,24,sin dato,SIN SEQUIA,SIN REDUCCION,29.67,Baja,22.53,Baja,18.01640828,Muy Baja
Region C - Primeros 8 dias habiles de CADA MES,7048,7,48,Juarez,Chiapas,Frontera Sur,XI,Rios Grijalva y Usumacinta,24,sin dato,SIN SEQUIA,SIN REDUCCION,52.97,Media,38.19,Baja,32.93686304,Baja
Region A - Primeros Quince dias habiles de cada Diciembre,7049,7,49,Larrainzar,Chiapas,Frontera Sur,XI,Rios Grijalva y Usumacinta,24,sin dato,SIN SEQUIA,SIN REDUCCION,22.63,Baja,16.99,Muy Baja,10.53829367,Muy Baja
Region A - Primeros Quince dias habiles de cada Diciembre,7050,7,50,La Libertad,Chiapas,Frontera Sur,XI,Rios Grijalva y Usumacinta,24,sin dato,SIN SEQUIA,SIN REDUCCION,28.61,Baja,34.5,Baja,36.01236063,Baja
Region A - Primeros Quince dias habiles de cada Diciembre,7051,7,51,Mapastepec,Chiapas,Frontera Sur,XI,Costa de Chiapas,23,sin dato,SIN SEQUIA,SIN REDUCCION,15.75,Muy Baja,51.95,Media,31.77799132,Baja
Region A - Primeros Quince dias habiles de cada Diciembre,7052,7,52,Las Margaritas,Chiapas,Frontera Sur,XI,Rios Grijalva y Usumacinta,24,D1,PRE-ALERTA,15%,61.11,Alta,78.67,Alta,33.15794914,Baja
Region A - Primeros Quince dias habiles de cada Diciembre,7053,7,53,Mazapa de Madero,Chiapas,Frontera Sur,XI,Rios Grijalva y Usumacinta,24,sin dato,SIN SEQUIA,SIN REDUCCION,42.39,Media,20.81,Baja,11.69431082,Muy Baja
Region A - Primeros Quince dias habiles de cada Diciembre,7054,7,54,Mazatan,Chiapas,Frontera Sur,XI,Costa de Chiapas,23,sin dato,SIN SEQUIA,SIN REDUCCION,29.76,Baja,76.1,Alta,42.2260778,Media
Region A - Primeros Quince dias habiles de cada Diciembre,7055,7,55,Metapa,Chiapas,Frontera Sur,XI,Costa de Chiapas,23,sin dato,SIN SEQUIA,SIN REDUCCION,64.96,Alta,72.48,Alta,24.55702964,Baja
Region A - Primeros Quince dias habiles de cada Diciembre,7056,7,56,Mitontic,Chiapas,Frontera Sur,XI,Rios Grijalva y Usumacinta,24,sin dato,SIN SEQUIA,SIN REDUCCION,32.52,Baja,9.66,Muy Baja,59.70127219,Media
Region A - Primeros Quince dias habiles de cada Diciembre,7057,7,57,Motozintla,Chiapas,Frontera Sur,XI,Costa de Chiapas,23,sin dato,SIN SEQUIA,SIN REDUCCION,47.0,Media,49.06,Media,11.30763894,Muy Baja
Region A - Primeros Quince dias habiles de cada Diciembre,7058,7,58,Nicolas Ruiz,Chiapas,Frontera Sur,XI,Rios Grijalva y Usumacinta,24,sin dato,SIN SEQUIA,SIN REDUCCION,62.79,Alta,38.71,Baja,14.27745383,Muy Baja
Region A - Primeros Quince dias habiles de cada Diciembre,7059,7,59,Ocosingo,Chiapas,Frontera Sur,XI,Rios Grijalva y Usumacinta,24,D1,NARANJA,25%,40.13,Media,31.44,Baja,91.02728172,Muy Alta
Region A - Primeros Quince dias habiles de cada Diciembre,7060,7,60,Ocotepec,Chiapas,Frontera Sur,XI,Rios Grijalva y Usumacinta,24,sin dato,SIN SEQUIA,SIN REDUCCION,92.39,Muy Alta,73.98,Alta,73.00428204,Alta
Region A - Primeros Quince dias habiles de cada Diciembre,7061,7,61,Ocozocoautla de Espinosa,Chiapas,Frontera Sur,XI,Rios Grijalva y Usumacinta,24,D0,PRE-ALERTA,10%,50.8,Media,100.0,Muy Alta,85.98458277,Muy Alta
Region A - Primeros Quince dias habiles de cada Diciembre,7062,7,62,Ostuacan,Chiapas,Frontera Sur,XI,Rios Grijalva y Usumacinta,24,sin dato,SIN SEQUIA,SIN REDUCCION,80.35,Muy Alta,73.57,Alta,73.41285967,Alta
Region A - Primeros Quince dias habiles de cada Diciembre,7063,7,63,Osumacinta,Chiapas,Frontera Sur,XI,Rios Grijalva y Usumacinta,24,D0,PRE-ALERTA,10%,21.24,Baja,42.91,Media,51.13907667,Media
Region A - Primeros Quince dias habiles de cada Diciembre,7064,7,64,Oxchuc,Chiapas,Frontera Sur,XI,Rios Grijalva y Usumacinta,24,sin dato,SIN SEQUIA,SIN REDUCCION,74.65,Alta,25.8,Baja,99.68474785,Muy Alta
Region C - Primeros 8 dias habiles de CADA MES,7065,7,65,Palenque,Chiapas,Frontera Sur,XI,Rios Grijalva y Usumacinta,24,D1,AMARILLO,15%,43.77,Media,59.13,Media,45.65789372,Media
Region A - Primeros Quince dias habiles de cada Diciembre,7066,7,66,Pantelho,Chiapas,Frontera Sur,XI,Rios Grijalva y Usumacinta,24,sin dato,SIN SEQUIA,SIN REDUCCION,31.37,Baja,14.52,Muy Baja,88.7744441,Muy Alta
Region A - Primeros Quince dias habiles de cada Diciembre,7067,7,67,Pantepec,Chiapas,Frontera Sur,XI,Rios Grijalva y Usumacinta,24,sin dato,SIN SEQUIA,SIN REDUCCION,48.03,Media,59.88,Media,60.77088327,Alta
Region C - Primeros 8 dias habiles de CADA MES,7068,7,68,Pichucalco,Chiapas,Frontera Sur,XI,Rios Grijalva y Usumacinta,24,sin dato,SIN SEQUIA,SIN REDUCCION,49.2,Media,71.47,Alta,73.23486242,Alta
Region A - Primeros Quince dias habiles de cada Diciembre,7069,7,69,Pijijiapan,Chiapas,Frontera Sur,XI,Costa de Chiapas,23,sin dato,SIN SEQUIA,SIN REDUCCION,42.75,Media,70.94,Alta,85.17399316,Muy Alta
Region A - Primeros Quince dias habiles de cada Diciembre,7070,7,70,El Porvenir,Chiapas,Frontera Sur,XI,Rios Grijalva y Usumacinta,24,sin dato,SIN SEQUIA,SIN REDUCCION,42.04,Media,32.4,Baja,3.37892762,Muy Baja
Region A - Primeros Quince dias habiles de cada Diciembre,7071,7,71,Villa Comaltitlan,Chiapas,Frontera Sur,XI,Costa de Chiapas,23,sin dato,SIN SEQUIA,SIN REDUCCION,97.77,Muy Alta,59.39,Media,75.24137369,Alta
Region A - Primeros Quince dias habiles de cada Diciembre,7072,7,72,Pueblo Nuevo Solistahuacan,Chiapas,Frontera Sur,XI,Rios Grijalva y Usumacinta,24,sin dato,SIN SEQUIA,SIN REDUCCION,30.38,Baja,31.05,Baja,37.40394542,Baja
Region A - Primeros Quince dias habiles de cada Diciembre,7073,7,73,Rayon,Chiapas,Frontera Sur,XI,Rios Grijalva y Usumacinta,24,sin dato,SIN SEQUIA,SIN REDUCCION,33.32,Baja,39.94,Baja,46.51521694,Media
Region A - Primeros Quince dias habiles de cada Diciembre,7074,7,74,Reforma,Chiapas,Frontera Sur,XI,Rios Grijalva y Usumacinta,24,sin dato,SIN SEQUIA,SIN REDUCCION,51.85,Media,48.85,Media,48.55402366,Media
Region A - Primeros Quince dias habiles de cada Diciembre,7075,7,75,Las Rosas,Chiapas,Frontera Sur,XI,Rios Grijalva y Usumacinta,24,sin dato,SIN SEQUIA,SIN REDUCCION,36.46,Baja,26.26,Baja,80.66662755,Muy Alta
Region A - Primeros Quince dias habiles de cada Diciembre,7076,7,76,Sabanilla,Chiapas,Frontera Sur,XI,Rios Grijalva y Usumacinta,24,sin dato,SIN SEQUIA,SIN REDUCCION,29.01,Baja,38.11,Baja,58.07314488,Media
Region C - Primeros 8 dias habiles de CADA MES,7077,7,77,Salto de Agua,Chiapas,Frontera Sur,XI,Rios Grijalva y Usumacinta,24,sin dato,SIN SEQUIA,SIN REDUCCION,17.75,Muy Baja,33.73,Baja,70.52952483,Alta
Region A - Primeros Quince dias habiles de cada Diciembre,7078,7,78,San Cristobal de las Casas,Chiapas,Frontera Sur,XI,Rios Grijalva y Usumacinta,24,sin dato,SIN SEQUIA,SIN REDUCCION,74.81,Alta,95.46,Muy Alta,46.31298431,Media
Region A - Primeros Quince dias habiles de cada Diciembre,7079,7,79,San Fernando,Chiapas,Frontera Sur,XI,Rios Grijalva y Usumacinta,24,D0,PRE-ALERTA,10%,40.77,Media,60.48,Alta,63.59432752,Alta
Region A - Primeros Quince dias habiles de cada Diciembre,7080,7,80,Siltepec,Chiapas,Frontera Sur,XI,Rios Grijalva y Usumacinta,24,sin dato,SIN SEQUIA,SIN REDUCCION,30.62,Baja,20.82,Baja,25.08064922,Baja
Region A - Primeros Quince dias habiles de cada Diciembre,7081,7,81,Simojovel,Chiapas,Frontera Sur,XI,Rios Grijalva y Usumacinta,24,sin dato,SIN SEQUIA,SIN REDUCCION,37.38,Baja,34.42,Baja,55.51120798,Media
Region A - Primeros Quince dias habiles de cada Diciembre,7082,7,82,Sitala,Chiapas,Frontera Sur,XI,Rios Grijalva y Usumacinta,24,sin dato,SIN SEQUIA,SIN REDUCCION,34.56,Baja,10.11,Muy Baja,99.99977014,Muy Alta
Region A - Primeros Quince dias habiles de cada Diciembre,7083,7,83,Socoltenango,Chiapas,Frontera Sur,XI,Rios Grijalva y Usumacinta,24,sin dato,SIN SEQUIA,SIN REDUCCION,85.1,Muy Alta,24.92,Baja,47.57013542,Media
Region C - Primeros 8 dias habiles de CADA MES,7084,7,84,Solosuchiapa,Chiapas,Frontera Sur,XI,Rios Grijalva y Usumacinta,24,sin dato,SIN SEQUIA,SIN REDUCCION,56.15,Media,47.7,Media,50.28135719,Media
Region A - Primeros Quince dias habiles de cada Diciembre,7085,7,85,Soyalo,Chiapas,Frontera Sur,XI,Rios Grijalva y Usumacinta,24,sin dato,SIN SEQUIA,SIN REDUCCION,52.46,Media,50.87,Media,58.88330191,Media
Region A - Primeros Quince dias habiles de cada Diciembre,7086,7,86,Suchiapa,Chiapas,Frontera Sur,XI,Rios Grijalva y Usumacinta,24,sin dato,SIN SEQUIA,SIN REDUCCION,62.37,Alta,55.26,Media,66.50379822,Alta
Region A - Primeros Quince dias habiles de cada Diciembre,7087,7,87,Suchiate,Chiapas,Frontera Sur,XI,Costa de Chiapas,23,sin dato,SIN SEQUIA,SIN REDUCCION,62.79,Alta,20.32,Baja,94.1859154,Muy Alta
Region A - Primeros Quince dias habiles de cada Diciembre,7088,7,88,Sunuapa,Chiapas,Frontera Sur,XI,Rios Grijalva y Usumacinta,24,sin dato,SIN SEQUIA,SIN REDUCCION,62.13,Alta,45.3,Media,75.39145702,Alta
Region A - Primeros Quince dias habiles de cada Diciembre,7089,7,89,Tapachula,Chiapas,Frontera Sur,XI,Costa de Chiapas,23,sin dato,SIN SEQUIA,SIN REDUCCION,57.72,Media,64.26,Alta,20.02714917,Baja
Region A - Primeros Quince dias habiles de cada Diciembre,7090,7,90,Tapalapa,Chiapas,Frontera Sur,XI,Rios Grijalva y Usumacinta,24,sin dato,SIN SEQUIA,SIN REDUCCION,61.29,Alta,42.95,Media,30.63749391,Baja
Region A - Primeros Quince dias habiles de cada Diciembre,7091,7,91,Tapilula,Chiapas,Frontera Sur,XI,Rios Grijalva y Usumacinta,24,sin dato,SIN SEQUIA,SIN REDUCCION,30.44,Baja,46.26,Media,28.27225808,Baja
Region A - Primeros Quince dias habiles de cada Diciembre,7092,7,92,Tecpatan,Chiapas,Frontera Sur,XI,Rios Grijalva y Usumacinta,24,D0,PRE-ALERTA,10%,88.33,Muy Alta,86.81,Muy Alta,86.26250167,Muy Alta
Region A - Primeros Quince dias habiles de cada Diciembre,7093,7,93,Tenejapa,Chiapas,Frontera Sur,XI,Rios Grijalva y Usumacinta,24,sin dato,SIN SEQUIA,SIN REDUCCION,68.93,Alta,54.91,Media,41.79957387,Media
Region A - Primeros Quince dias habiles de cada Diciembre,7094,7,94,Teopisca,Chiapas,Frontera Sur,XI,Rios Grijalva y Usumacinta,24,sin dato,SIN SEQUIA,SIN REDUCCION,20.32,Baja,67.93,Alta,82.2259795,Muy Alta
Region A - Primeros Quince dias habiles de cada Diciembre,7096,7,96,Tila,Chiapas,Frontera Sur,XI,Rios Grijalva y Usumacinta,24,sin dato,SIN SEQUIA,SIN REDUCCION,28.4,Baja,27.83,Baja,78.11920295,Alta
Region A - Primeros Quince dias habiles de cada Diciembre,7097,7,97,Tonala,Chiapas,Frontera Sur,XI,Costa de Chiapas,23,sin dato,SIN SEQUIA,SIN REDUCCION,60.62,Alta,57.63,Media,30.14437692,Baja
Region A - Primeros Quince dias habiles de cada Diciembre,7098,7,98,Totolapa,Chiapas,Frontera Sur,XI,Rios Grijalva y Usumacinta,24,sin dato,SIN SEQUIA,SIN REDUCCION,64.66,Alta,43.4,Media,76.95649733,Alta
Region A - Primeros Quince dias habiles de cada Diciembre,7099,7,99,La Trinitaria,Chiapas,Frontera Sur,XI,Rios Grijalva y Usumacinta,24,D0,PRE-ALERTA,10%,76.22,Alta,34.35,Baja,65.92767883,Alta
Region A - Primeros Quince dias habiles de cada Diciembre,7100,7,100,Tumbala,Chiapas,Frontera Sur,XI,Rios Grijalva y Usumacinta,24,sin dato,SIN SEQUIA,SIN REDUCCION,23.24,Baja,11.44,Muy Baja,69.12910605,Alta
Region A - Primeros Quince dias habiles de cada Diciembre,7101,7,101,Tuxtla Gutierrez,Chiapas,Frontera Sur,XI,Rios Grijalva y Usumacinta,24,D0,PRE-ALERTA,10%,99.95,Muy Alta,100.0,Muy Alta,16.96618593,Muy Baja
Region A - Primeros Quince dias habiles de cada Diciembre,7102,7,102,Tuxtla Chico,Chiapas,Frontera Sur,XI,Costa de Chiapas,23,sin dato,SIN SEQUIA,SIN REDUCCION,66.89,Alta,71.15,Alta,85.14443324,Muy Alta
Region A - Primeros Quince dias habiles de cada Diciembre,7103,7,103,Tuzantan,Chiapas,Frontera Sur,XI,Costa de Chiapas,23,sin dato,SIN SEQUIA,SIN REDUCCION,56.45,Media,65.92,Alta,59.01852884,Media
Region A - Primeros Quince dias habiles de cada Diciembre,7104,7,104,Tzimol,Chiapas,Frontera Sur,XI,Rios Grijalva y Usumacinta,24,sin dato,SIN SEQUIA,SIN REDUCCION,82.02,Muy Alta,59.43,Media,75.25067181,Alta
Region A - Primeros Quince dias habiles de cada Diciembre,7105,7,105,Union Juarez,Chiapas,Frontera Sur,XI,Costa de Chiapas,23,sin dato,SIN SEQUIA,SIN REDUCCION,52.43,Media,69.39,Alta,57.85025235,Media
Region A - Primeros Quince dias habiles de cada Diciembre,7106,7,106,Venustiano Carranza,Chiapas,Frontera Sur,XI,Rios Grijalva y Usumacinta,24,sin dato,SIN SEQUIA,SIN REDUCCION,91.86,Muy Alta,43.09,Media,76.28193861,Alta
Region A - Primeros Quince dias habiles de cada Diciembre,7107,7,107,Villa Corzo,Chiapas,Frontera Sur,XI,Rios Grijalva y Usumacinta,24,sin dato,SIN SEQUIA,SIN REDUCCION,95.1,Muy Alta,96.89,Muy Alta,85.01478116,Muy Alta
Region A - Primeros Quince dias habiles de cada Diciembre,7108,7,108,Villaflores,Chiapas,Frontera Sur,XI,Rios Grijalva y Usumacinta,24,sin dato,SIN SEQUIA,SIN REDUCCION,84.35,Muy Alta,99.96,Muy Alta,32.43590873,Baja
Region A - Primeros Quince dias habiles de cada Diciembre,7109,7,109,Yajalon,Chiapas,Frontera Sur,XI,Rios Grijalva y Usumacinta,24,sin dato,SIN SEQUIA,SIN REDUCCION,52.49,Media,45.65,Media,59.87914913,Media
Region A - Primeros Quince dias habiles de cada Diciembre,7110,7,110,San Lucas,Chiapas,Frontera Sur,XI,Rios Grijalva y Usumacinta,24,sin dato,SIN SEQUIA,SIN REDUCCION,91.16,Muy Alta,61.14,Alta,55.26870286,Media
Region A - Primeros Quince dias habiles de cada Diciembre,7111,7,111,Zinacantan,Chiapas,Frontera Sur,XI,Rios Grijalva y Usumacinta,24,sin dato,SIN SEQUIA,SIN REDUCCION,69.34,Alta,57.05,Media,85.23176187,Muy Alta
Region A - Primeros Quince dias habiles de cada Diciembre,7112,7,112,San Juan Cancuc,Chiapas,Frontera Sur,XI,Rios Grijalva y Usumacinta,24,sin dato,SIN SEQUIA,SIN REDUCCION,54.12,Media,11.3,Muy Baja,89.88809477,Muy Alta
Region A - Primeros Quince dias habiles de cada Diciembre,7113,7,113,Aldama,Chiapas,Frontera Sur,XI,Rios Grijalva y Usumacinta,24,sin dato,SIN SEQUIA,SIN REDUCCION,46.82,Media,22.84,Baja,36.46348933,Baja
Region A - Primeros Quince dias habiles de cada Diciembre,7114,7,114,Benemerito de las Americas,Chiapas,Frontera Sur,XI,Rios Grijalva y Usumacinta,24,sin dato,SIN SEQUIA,SIN REDUCCION,68.26,Alta,49.22,Media,70.13382821,Alta
Region A - Primeros Quince dias habiles de cada Diciembre,7115,7,115,Maravilla Tenejapa,Chiapas,Frontera Sur,XI,Rios Grijalva y Usumacinta,24,sin dato,SIN SEQUIA,SIN REDUCCION,23.91,Baja,29.85,Baja,78.31548159,Alta
Region A - Primeros Quince dias habiles de cada Diciembre,7116,7,116,Marques de Comillas,Chiapas,Frontera Sur,XI,Rios Grijalva y Usumacinta,24,sin dato,SIN SEQUIA,SIN REDUCCION,59.05,Media,40.53,Media,70.39902523,Alta
Region A - Primeros Quince dias habiles de cada Diciembre,7117,7,117,Montecristo de Guerrero,Chiapas,Frontera Sur,XI,Rios Grijalva y Usumacinta,24,sin dato,SIN SEQUIA,SIN REDUCCION,1.97,Muy Baja,9.96,Muy Baja,20.70950779,Baja
Region A - Primeros Quince dias habiles de cada Diciembre,7118,7,118,San Andres Duraznal,Chiapas,Frontera Sur,XI,Rios Grijalva y Usumacinta,24,sin dato,SIN SEQUIA,SIN REDUCCION,0.8,Muy Baja,12.37,Muy Baja,55.19432985,Media
Region A - Primeros Quince dias habiles de cada Diciembre,7119,7,119,Santiago el Pinar,Chiapas,Frontera Sur,XI,Rios Grijalva y Usumacinta,24,sin dato,SIN SEQUIA,SIN REDUCCION,16.91,Muy Baja,19.95,Muy Baja,40.73248734,Media
Region A - Primeros Quince dias habiles de cada Diciembre,7120,7,120,Capitan Luis angel Vidal,Chiapas,Frontera Sur,XI,Rios Grijalva y Usumacinta,24,sin dato,SIN SEQUIA,SIN REDUCCION,1.4,Muy Baja,19.23,Muy Baja,38.97627851,Baja
Region A - Primeros Quince dias habiles de cada Diciembre,7121,7,121,Rincon Chamula San Pedro,Chiapas,Frontera Sur,XI,Rios Grijalva y Usumacinta,24,sin dato,SIN SEQUIA,SIN REDUCCION,2.56,Muy Baja,15.86,Muy Baja,74.68423702,Alta
Region A - Primeros Quince dias habiles de cada Diciembre,7122,7,122,El Parral,Chiapas,Frontera Sur,XI,Rios Grijalva y Usumacinta,24,sin dato,SIN SEQUIA,SIN REDUCCION,93.09,Muy Alta,88.17,Muy Alta,77.49026487,Alta
Region A - Primeros Quince dias habiles de cada Diciembre,7123,7,123,Emiliano Zapata,Chiapas,Frontera Sur,XI,Rios Grijalva y Usumacinta,24,sin dato,SIN SEQUIA,SIN REDUCCION,99.86,Muy Alta,88.04,Muy Alta,75.38837223,Alta
Region A - Primeros Quince dias habiles de cada Diciembre,7124,7,124,Mezcalapa,Chiapas,Frontera Sur,XI,Rios Grijalva y Usumacinta,24,D0,PRE-ALERTA,10%,79.97,Alta,75.98,Alta,44.79363435,Media
Region A - Primeros Quince dias habiles de cada Diciembre,7125,7,125,Honduras de la Sierra,Chiapas,Frontera Sur,XI,Rios Grijalva y Usumacinta,25,sin dato,SIN SEQUIA,SIN REDUCCION,,,,,,
Region A - Primeros Quince dias habiles de cada Diciembre,8001,8,1,Ahumada,Chihuahua,Rio Bravo,VI,Rio Bravo,12,sin dato,SIN SEQUIA,SIN REDUCCION,55.46,Media,79.85,Alta,79.12605667,Alta
Region A - Primeros Quince dias habiles de cada Diciembre,8002,8,2,Aldama,Chihuahua,Rio Bravo,VI,Rio Bravo,12,D0,PRE-ALERTA,10%,51.27,Media,31.4,Baja,45.55296297,Media
Region A - Primeros Quince dias habiles de cada Diciembre,8003,8,3,Allende,Chihuahua,Rio Bravo,VI,Rio Bravo,12,sin dato,SIN SEQUIA,SIN REDUCCION,94.44,Muy Alta,89.79,Muy Alta,91.7752823,Muy Alta
Region A - Primeros Quince dias habiles de cada Diciembre,8004,8,4,Aquiles Serdan,Chihuahua,Rio Bravo,VI,Rio Bravo,12,D0,PRE-ALERTA,10%,99.26,Muy Alta,83.1,Muy Alta,81.20555688,Muy Alta
Region A - Primeros Quince dias habiles de cada Diciembre,8005,8,5,Ascension,Chihuahua,Rio Bravo,VI,Rio Bravo,12,D2,ROJO,30%,58.55,Media,37.83,Baja,76.75359425,Alta
Region A - Primeros Quince dias habiles de cada Diciembre,8006,8,6,Bachiniva,Chihuahua,Rio Bravo,VI,Rio Bravo,12,sin dato,SIN SEQUIA,SIN REDUCCION,67.48,Alta,91.15,Muy Alta,80.81747722,Muy Alta
Region A - Primeros Quince dias habiles de cada Diciembre,8007,8,7,Balleza,Chihuahua,Rio Bravo,VI,Rio Bravo,12,sin dato,SIN SEQUIA,SIN REDUCCION,57.58,Media,33.33,Baja,89.0000515,Muy Alta
Region A - Primeros Quince dias habiles de cada Diciembre,8008,8,8,Batopilas,Chihuahua,Pacifico Norte,III,Rios Fuerte y Sinaloa,6,sin dato,SIN SEQUIA,SIN REDUCCION,50.68,Media,11.74,Muy Baja,99.88248722,Muy Alta
Region A - Primeros Quince dias habiles de cada Diciembre,8009,8,9,Bocoyna,Chihuahua,Rio Bravo,VI,Rio Bravo,12,sin dato,SIN SEQUIA,SIN REDUCCION,62.21,Alta,57.39,Media,99.99850827,Muy Alta
Region A - Primeros Quince dias habiles de cada Diciembre,8010,8,10,Buenaventura,Chihuahua,Rio Bravo,VI,Rio Bravo,12,sin dato,SIN SEQUIA,SIN REDUCCION,56.68,Media,18.21,Muy Baja,80.16586183,Muy Alta
Region A - Primeros Quince dias habiles de cada Diciembre,8011,8,11,Camargo,Chihuahua,Rio Bravo,VI,Rio Bravo,12,D1,NARANJA,25%,77.2,Alta,67.68,Alta,65.89430252,Alta
Region A - Primeros Quince dias habiles de cada Diciembre,8012,8,12,Carichi,Chihuahua,Rio Bravo,VI,Rio Bravo,12,sin dato,SIN SEQUIA,SIN REDUCCION,55.15,Media,54.85,Media,94.42712541,Muy Alta
Region A - Primeros Quince dias habiles de cada Diciembre,8013,8,13,Casas Grandes,Chihuahua,Rio Bravo,VI,Rio Bravo,12,sin dato,SIN SEQUIA,SIN REDUCCION,52.41,Media,51.65,Media,99.97788973,Muy Alta
Region A - Primeros Quince dias habiles de cada Diciembre,8014,8,14,Coronado,Chihuahua,Rio Bravo,VI,Rio Bravo,12,sin dato,SIN SEQUIA,SIN REDUCCION,92.59,Muy Alta,89.99,Muy Alta,92.37639408,Muy Alta
Region A - Primeros Quince dias habiles de cada Diciembre,8015,8,15,Coyame del Sotol,Chihuahua,Rio Bravo,VI,Rio Bravo,12,D1,NARANJA,25%,7.91,Muy Baja,4.09,Muy Baja,32.72378641,Baja
Region A - Primeros Quince dias habiles de cada Diciembre,8016,8,16,La Cruz,Chihuahua,Rio Bravo,VI,Rio Bravo,12,D0,PRE-ALERTA,10%,99.1,Muy Alta,96.13,Muy Alta,94.5408211,Muy Alta
Region A - Primeros Quince dias habiles de cada Diciembre,8017,8,17,Cuauhtemoc,Chihuahua,Rio Bravo,VI,Rio Bravo,12,sin dato,SIN SEQUIA,SIN REDUCCION,66.4,Alta,65.87,Alta,79.52896192,Alta
Region A - Primeros Quince dias habiles de cada Diciembre,8018,8,18,Cusihuiriachi,Chihuahua,Rio Bravo,VI,Rio Bravo,12,sin dato,SIN SEQUIA,SIN REDUCCION,62.41,Alta,76.08,Alta,82.40558274,Muy Alta
Region A - Primeros Quince dias habiles de cada Diciembre,8019,8,19,Chihuahua,Chihuahua,Rio Bravo,VI,Rio Bravo,12,D0,PRE-ALERTA,10%,83.37,Muy Alta,69.17,Alta,49.60432921,Media
Region A - Primeros Quince dias habiles de cada Diciembre,8020,8,20,Chinipas,Chihuahua,Pacifico Norte,III,Rios Fuerte y Sinaloa,6,sin dato,SIN SEQUIA,SIN REDUCCION,85.88,Muy Alta,28.02,Baja,12.80289631,Muy Baja
Region A - Primeros Quince dias habiles de cada Diciembre,8021,8,21,Delicias,Chihuahua,Rio Bravo,VI,Rio Bravo,12,D0,PRE-ALERTA,10%,97.1,Muy Alta,99.74,Muy Alta,97.26286555,Muy Alta
Region A - Primeros Quince dias habiles de cada Diciembre,8022,8,22,Dr. Belisario Dominguez,Chihuahua,Rio Bravo,VI,Rio Bravo,12,D0,PRE-ALERTA,10%,70.22,Alta,55.44,Media,60.37035204,Alta
Region A - Primeros Quince dias habiles de cada Diciembre,8023,8,23,Galeana,Chihuahua,Rio Bravo,VI,Rio Bravo,12,sin dato,SIN SEQUIA,SIN REDUCCION,58.35,Media,19.86,Muy Baja,65.35088727,Alta
Region A - Primeros Quince dias habiles de cada Diciembre,8024,8,24,Santa Isabel,Chihuahua,Rio Bravo,VI,Rio Bravo,12,D0,PRE-ALERTA,10%,69.17,Alta,61.19,Alta,64.13272614,Alta
Region A - Primeros Quince dias habiles de cada Diciembre,8025,8,25,Gomez Farias,Chihuahua,Rio Bravo,VI,Rio Bravo,12,sin dato,SIN SEQUIA,SIN REDUCCION,5.9,Muy Baja,3.68,Muy Baja,27.00379585,Baja
Region A - Primeros Quince dias habiles de cada Diciembre,8026,8,26,Gran Morelos,Chihuahua,Rio Bravo,VI,Rio Bravo,12,D0,PRE-ALERTA,10%,74.3,Alta,63.67,Alta,63.43748094,Alta
Region A - Primeros Quince dias habiles de cada Diciembre,8027,8,27,Guachochi,Chihuahua,Pacifico Norte,III,Rios Fuerte y Sinaloa,6,sin dato,SIN SEQUIA,SIN REDUCCION,44.28,Media,47.04,Media,52.25946168,Media
Region A - Primeros Quince dias habiles de cada Diciembre,8028,8,28,Guadalupe,Chihuahua,Rio Bravo,VI,Rio Bravo,12,D1,NARANJA,25%,58.25,Media,51.84,Media,99.43027294,Muy Alta
Region A - Primeros Quince dias habiles de cada Diciembre,8029,8,29,Guadalupe y Calvo,Chihuahua,Pacifico Norte,III,Rios Fuerte y Sinaloa,6,sin dato,SIN SEQUIA,SIN REDUCCION,85.16,Muy Alta,67.64,Alta,44.57735725,Media
Region A - Primeros Quince dias habiles de cada Diciembre,8030,8,30,Guazapares,Chihuahua,Pacifico Norte,III,Rios Fuerte y Sinaloa,6,sin dato,SIN SEQUIA,SIN REDUCCION,58.7,Media,37.62,Baja,88.37236677,Muy Alta
Region A - Primeros Quince dias habiles de cada Diciembre,8031,8,31,Guerrero,Chihuahua,Noroeste,II,Rios Yaqui y Matape,4,sin dato,SIN SEQUIA,SIN REDUCCION,13.17,Muy Baja,30.6,Baja,98.61768769,Muy Alta
Region A - Primeros Quince dias habiles de cada Diciembre,8032,8,32,Hidalgo del Parral,Chihuahua,Rio Bravo,VI,Rio Bravo,12,sin dato,SIN SEQUIA,SIN REDUCCION,66.56,Alta,64.03,Alta,51.1250846,Media
Region A - Primeros Quince dias habiles de cada Diciembre,8033,8,33,Huejotitan,Chihuahua,Rio Bravo,VI,Rio Bravo,12,sin dato,SIN SEQUIA,SIN REDUCCION,60.46,Alta,42.33,Media,62.1535705,Alta
Region A - Primeros Quince dias habiles de cada Diciembre,8034,8,34,Ignacio Zaragoza,Chihuahua,Rio Bravo,VI,Rio Bravo,12,sin dato,SIN SEQUIA,SIN REDUCCION,63.14,Alta,45.05,Media,54.8878699,Media
Region C - Primeros 8 dias habiles de CADA MES,8035,8,35,Janos,Chihuahua,Rio Bravo,VI,Rio Bravo,12,D2,ROJO,30%,15.57,Muy Baja,42.44,Media,87.87018153,Muy Alta
Region A - Primeros Quince dias habiles de cada Diciembre,8036,8,36,Jimenez,Chihuahua,Rio Bravo,VI,Rio Bravo,12,sin dato,SIN SEQUIA,SIN REDUCCION,99.84,Muy Alta,79.97,Alta,56.49222103,Media
Region A - Primeros Quince dias habiles de cada Diciembre,8037,8,37,Juarez,Chihuahua,Rio Bravo,VI,Rio Bravo,12,D1,NARANJA,25%,61.12,Alta,71.16,Alta,42.30042951,Media
Region C - Primeros 8 dias habiles de CADA MES,8038,8,38,Julimes,Chihuahua,Rio Bravo,VI,Rio Bravo,12,D0,PRE-ALERTA,10%,77.63,Alta,71.15,Alta,75.44288968,Alta
Region A - Primeros Quince dias habiles de cada Diciembre,8039,8,39,Lopez,Chihuahua,Rio Bravo,VI,Rio Bravo,12,sin dato,SIN SEQUIA,SIN REDUCCION,98.74,Muy Alta,96.74,Muy Alta,89.87675373,Muy Alta
Region C - Primeros 8 dias habiles de CADA MES,8040,8,40,Madera,Chihuahua,Noroeste,II,Rios Yaqui y Matape,4,sin dato,SIN SEQUIA,SIN REDUCCION,29.17,Baja,49.46,Media,36.32982168,Baja
Region A - Primeros Quince dias habiles de cada Diciembre,8041,8,41,Maguarichi,Chihuahua,Pacifico Norte,III,Rios Fuerte y Sinaloa,6,sin dato,SIN SEQUIA,SIN REDUCCION,56.48,Media,17.26,Muy Baja,52.75144744,Media
Region A - Primeros Quince dias habiles de cada Diciembre,8042,8,42,Manuel Benavides,Chihuahua,Rio Bravo,VI,Rio Bravo,12,D4,ROJO,SUPERIOR AL 40%,48.61,Media,1.46,Muy Baja,66.66837429,Alta
Region A - Primeros Quince dias habiles de cada Diciembre,8043,8,43,Matachi,Chihuahua,Noroeste,II,Rios Yaqui y Matape,4,sin dato,SIN SEQUIA,SIN REDUCCION,38.61,Baja,58.04,Media,53.47206474,Media
Region A - Primeros Quince dias habiles de cada Diciembre,8044,8,44,Matamoros,Chihuahua,Rio Bravo,VI,Rio Bravo,12,sin dato,SIN SEQUIA,SIN REDUCCION,97.89,Muy Alta,94.87,Muy Alta,76.53863873,Alta
Region A - Primeros Quince dias habiles de cada Diciembre,8045,8,45,Meoqui,Chihuahua,Rio Bravo,VI,Rio Bravo,12,D0,PRE-ALERTA,10%,99.34,Muy Alta,97.56,Muy Alta,82.65626984,Muy Alta
Region A - Primeros Quince dias habiles de cada Diciembre,8046,8,46,Morelos,Chihuahua,Pacifico Norte,III,Rios Fuerte y Sinaloa,6,sin dato,SIN SEQUIA,SIN REDUCCION,80.27,Muy Alta,42.63,Media,53.50634447,Media
Region A - Primeros Quince dias habiles de cada Diciembre,8047,8,47,Moris,Chihuahua,Noroeste,II,Rio Mayo,5,sin dato,SIN SEQUIA,SIN REDUCCION,1.94,Muy Baja,3.84,Muy Baja,99.94672543,Muy Alta
Region A - Primeros Quince dias habiles de cada Diciembre,8048,8,48,Namiquipa,Chihuahua,Rio Bravo,VI,Rio Bravo,12,sin dato,SIN SEQUIA,SIN REDUCCION,92.43,Muy Alta,65.7,Alta,93.08349014,Muy Alta
Region A - Primeros Quince dias habiles de cada Diciembre,8049,8,49,Nonoava,Chihuahua,Rio Bravo,VI,Rio Bravo,12,sin dato,SIN SEQUIA,SIN REDUCCION,62.02,Alta,44.29,Media,52.62877561,Media
Region A - Primeros Quince dias habiles de cada Diciembre,8050,8,50,Nuevo Casas Grandes,Chihuahua,Rio Bravo,VI,Rio Bravo,12,sin dato,SIN SEQUIA,SIN REDUCCION,75.8,Alta,73.65,Alta,84.61554646,Muy Alta
Region A - Primeros Quince dias habiles de cada Diciembre,8051,8,51,Ocampo,Chihuahua,Noroeste,II,Rio Mayo,5,sin dato,SIN SEQUIA,SIN REDUCCION,29.86,Baja,22.07,Baja,38.50834972,Baja
Region A - Primeros Quince dias habiles de cada Diciembre,8052,8,52,Ojinaga,Chihuahua,Rio Bravo,VI,Rio Bravo,12,D3,ROJO,40%,15.68,Muy Baja,98.04,Muy Alta,24.15823346,Baja
Region A - Primeros Quince dias habiles de cada Diciembre,8053,8,53,Praxedis G. Guerrero,Chihuahua,Rio Bravo,VI,Rio Bravo,12,D0,AMARILLO,15%,87.29,Muy Alta,82.99,Muy Alta,84.75972605,Muy Alta
Region A - Primeros Quince dias habiles de cada Diciembre,8054,8,54,Riva Palacio,Chihuahua,Rio Bravo,VI,Rio Bravo,12,D0,PRE-ALERTA,10%,79.91,Alta,93.22,Muy Alta,65.84178177,Alta
Region A - Primeros Quince dias habiles de cada Diciembre,8055,8,55,Rosales,Chihuahua,Rio Bravo,VI,Rio Bravo,12,D0,PRE-ALERTA,10%,95.74,Muy Alta,94.9,Muy Alta,89.19219857,Muy Alta
Region A - Primeros Quince dias habiles de cada Diciembre,8056,8,56,Rosario,Chihuahua,Rio Bravo,VI,Rio Bravo,12,sin dato,SIN SEQUIA,SIN REDUCCION,72.57,Alta,43.14,Media,49.14466723,Media
Region A - Primeros Quince dias habiles de cada Diciembre,8057,8,57,San Francisco de Borja,Chihuahua,Rio Bravo,VI,Rio Bravo,12,sin dato,SIN SEQUIA,SIN REDUCCION,63.13,Alta,52.23,Media,73.51764596,Alta
Region A - Primeros Quince dias habiles de cada Diciembre,8058,8,58,San Francisco de Conchos,Chihuahua,Rio Bravo,VI,Rio Bravo,12,D0,PRE-ALERTA,10%,96.55,Muy Alta,94.55,Muy Alta,89.40737937,Muy Alta
Region A - Primeros Quince dias habiles de cada Diciembre,8059,8,59,San Francisco del Oro,Chihuahua,Rio Bravo,VI,Rio Bravo,12,sin dato,SIN SEQUIA,SIN REDUCCION,36.29,Baja,38.11,Baja,59.36744456,Media
Region A - Primeros Quince dias habiles de cada Diciembre,8060,8,60,Santa Barbara,Chihuahua,Rio Bravo,VI,Rio Bravo,12,sin dato,SIN SEQUIA,SIN REDUCCION,46.0,Media,42.9,Media,64.96975414,Alta
Region A - Primeros Quince dias habiles de cada Diciembre,8061,8,61,Satevo,Chihuahua,Rio Bravo,VI,Rio Bravo,12,D0,PRE-ALERTA,10%,92.35,Muy Alta,80.61,Muy Alta,60.25352697,Alta
Region A - Primeros Quince dias habiles de cada Diciembre,8062,8,62,Saucillo,Chihuahua,Rio Bravo,VI,Rio Bravo,12,D0,PRE-ALERTA,10%,95.22,Muy Alta,92.65,Muy Alta,89.56780042,Muy Alta
Region A - Primeros Quince dias habiles de cada Diciembre,8063,8,63,Temosachi,Chihuahua,Noroeste,II,Rios Yaqui y Matape,4,sin dato,SIN SEQUIA,SIN REDUCCION,3.46,Muy Baja,42.0,Media,47.34970663,Media
Region A - Primeros Quince dias habiles de cada Diciembre,8064,8,64,El Tule,Chihuahua,Rio Bravo,VI,Rio Bravo,12,sin dato,SIN SEQUIA,SIN REDUCCION,52.26,Media,35.75,Baja,74.88158877,Alta
Region A - Primeros Quince dias habiles de cada Diciembre,8065,8,65,Urique,Chihuahua,Pacifico Norte,III,Rios Fuerte y Sinaloa,6,sin dato,SIN SEQUIA,SIN REDUCCION,76.46,Alta,11.46,Muy Baja,48.13918821,Media
Region A - Primeros Quince dias habiles de cada Diciembre,8066,8,66,Uruachi,Chihuahua,Noroeste,II,Rio Mayo,5,sin dato,SIN SEQUIA,SIN REDUCCION,39.68,Baja,2.29,Muy Baja,99.99996596,Muy Alta
Region A - Primeros Quince dias habiles de cada Diciembre,8067,8,67,Valle de Zaragoza,Chihuahua,Rio Bravo,VI,Rio Bravo,12,D0,PRE-ALERTA,10%,87.26,Muy Alta,85.41,Muy Alta,98.32434184,Muy Alta
Region A - Primeros Quince dias habiles de cada Diciembre,9002,9,2,Azcapotzalco,Ciudad de México,Aguas del Valle de Mexico,XIII,Valle de Mexico,26,sin dato,SIN SEQUIA,SIN REDUCCION,84.48,Muy Alta,95.14,Muy Alta,18.05055669,Muy Baja
Region A - Primeros Quince dias habiles de cada Diciembre,9003,9,3,Coyoacan,Ciudad de México,Aguas del Valle de Mexico,XIII,Valle de Mexico,26,sin dato,SIN SEQUIA,SIN REDUCCION,72.9,Alta,91.0,Muy Alta,2.280596779,Muy Baja
Region A - Primeros Quince dias habiles de cada Diciembre,9004,9,4,Cuajimalpa de Morelos,Ciudad de México,Aguas del Valle de Mexico,XIII,Valle de Mexico,26,sin dato,SIN SEQUIA,SIN REDUCCION,9.28,Muy Baja,70.95,Alta,57.17728862,Media
Region A - Primeros Quince dias habiles de cada Diciembre,9005,9,5,Gustavo A. Madero,Ciudad de México,Aguas del Valle de Mexico,XIII,Valle de Mexico,26,sin dato,SIN SEQUIA,SIN REDUCCION,94.72,Muy Alta,90.73,Muy Alta,99.99689347,Muy Alta
Region A - Primeros Quince dias habiles de cada Diciembre,9006,9,6,Iztacalco,Ciudad de México,Aguas del Valle de Mexico,XIII,Valle de Mexico,26,sin dato,SIN SEQUIA,SIN REDUCCION,86.0,Muy Alta,97.79,Muy Alta,9.453957552,Muy Baja
Region A - Primeros Quince dias habiles de cada Diciembre,9007,9,7,Iztapalapa,Ciudad de México,Aguas del Valle de Mexico,XIII,Valle de Mexico,26,sin dato,SIN SEQUIA,SIN REDUCCION,55.97,Media,95.58,Muy Alta,5.890013227,Muy Baja
Region A - Primeros Quince dias habiles de cada Diciembre,9008,9,8,La Magdalena Contreras,Ciudad de México,Aguas del Valle de Mexico,XIII,Valle de Mexico,26,sin dato,SIN SEQUIA,SIN REDUCCION,6.93,Muy Baja,79.72,Alta,7.920363072,Muy Baja
Region A - Primeros Quince dias habiles de cada Diciembre,9009,9,9,Milpa Alta,Ciudad de México,Aguas del Valle de Mexico,XIII,Valle de Mexico,26,sin dato,SIN SEQUIA,SIN REDUCCION,71.76,Alta,54.42,Media,12.22849217,Muy Baja
Region A - Primeros Quince dias habiles de cada Diciembre,9010,9,10,alvaro Obregon,Ciudad de México,Aguas del Valle de Mexico,XIII,Valle de Mexico,26,sin dato,SIN SEQUIA,SIN REDUCCION,51.58,Media,89.65,Muy Alta,54.15061416,Media
Region A - Primeros Quince dias habiles de cada Diciembre,9011,9,11,Tlahuac,Ciudad de México,Aguas del Valle de Mexico,XIII,Valle de Mexico,26,sin dato,SIN SEQUIA,SIN REDUCCION,58.11,Media,57.74,Media,7.044521899,Muy Baja
Region A - Primeros Quince dias habiles de cada Diciembre,9012,9,12,Tlalpan,Ciudad de México,Aguas del Valle de Mexico,XIII,Valle de Mexico,26,sin dato,SIN SEQUIA,SIN REDUCCION,86.22,Muy Alta,60.83,Alta,15.08584452,Muy Baja
Region A - Primeros Quince dias habiles de cada Diciembre,9013,9,13,Xochimilco,Ciudad de México,Aguas del Valle de Mexico,XIII,Valle de Mexico,26,sin dato,SIN SEQUIA,SIN REDUCCION,65.1,Alta,60.47,Alta,32.05952151,Baja
Region A - Primeros Quince dias habiles de cada Diciembre,9014,9,14,Benito Juarez,Ciudad de México,Aguas del Valle de Mexico,XIII,Valle de Mexico,26,sin dato,SIN SEQUIA,SIN REDUCCION,88.07,Muy Alta,99.57,Muy Alta,25.53728726,Baja
Region A - Primeros Quince dias habiles de cada Diciembre,9015,9,15,Cuauhtemoc,Ciudad de México,Aguas del Valle de Mexico,XIII,Valle de Mexico,26,sin dato,SIN SEQUIA,SIN REDUCCION,84.48,Muy Alta,99.38,Muy Alta,6.593571215,Muy Baja
Region A - Primeros Quince dias habiles de cada Diciembre,9016,9,16,Miguel Hidalgo,Ciudad de México,Aguas del Valle de Mexico,XIII,Valle de Mexico,26,sin dato,SIN SEQUIA,SIN REDUCCION,90.89,Muy Alta,95.24,Muy Alta,6.463690531,Muy Baja
Region A - Primeros Quince dias habiles de cada Diciembre,9017,9,17,Venustiano Carranza,Ciudad de México,Aguas del Valle de Mexico,XIII,Valle de Mexico,26,sin dato,SIN SEQUIA,SIN REDUCCION,83.47,Muy Alta,95.27,Muy Alta,8.688820232,Muy Baja
Region A - Primeros Quince dias habiles de cada Diciembre,10001,10,1,Canatlan,Durango,Pacifico Norte,III,Rios Presidio al San Pedro,8,sin dato,SIN SEQUIA,SIN REDUCCION,11.09,Muy Baja,18.31,Muy Baja,20.69446367,Baja
Region A - Primeros Quince dias habiles de cada Diciembre,10002,10,2,Canelas,Durango,Pacifico Norte,III,Rios Mocorito al Quelite,7,sin dato,SIN SEQUIA,SIN REDUCCION,98.15,Muy Alta,30.78,Baja,77.86627618,Alta
Region A - Primeros Quince dias habiles de cada Diciembre,10003,10,3,Coneto de Comonfort,Durango,Cuencas Centrales del Norte,VII,Nazas-Aguanaval,13,sin dato,SIN SEQUIA,SIN REDUCCION,29.09,Baja,8.98,Muy Baja,30.48505964,Baja
Region A - Primeros Quince dias habiles de cada Diciembre,10004,10,4,Cuencame,Durango,Cuencas Centrales del Norte,VII,Nazas-Aguanaval,13,sin dato,SIN SEQUIA,SIN REDUCCION,25.68,Baja,27.08,Baja,30.83744574,Baja
Region A - Primeros Quince dias habiles de cada Diciembre,10005,10,5,Durango,Durango,Pacifico Norte,III,Rios Presidio al San Pedro,8,sin dato,SIN SEQUIA,SIN REDUCCION,7.24,Muy Baja,12.52,Muy Baja,94.97678109,Muy Alta
Region A - Primeros Quince dias habiles de cada Diciembre,10006,10,6,General Simon Bolivar,Durango,Cuencas Centrales del Norte,VII,Nazas-Aguanaval,13,sin dato,SIN SEQUIA,SIN REDUCCION,49.18,Media,27.17,Baja,62.47854546,Alta
Region A - Primeros Quince dias habiles de cada Diciembre,10007,10,7,Gomez Palacio,Durango,Cuencas Centrales del Norte,VII,Nazas-Aguanaval,13,sin dato,SIN SEQUIA,SIN REDUCCION,92.12,Muy Alta,99.01,Muy Alta,31.25961694,Baja
Region A - Primeros Quince dias habiles de cada Diciembre,10008,10,8,Guadalupe Victoria,Durango,Pacifico Norte,III,Rios Presidio al San Pedro,8,sin dato,SIN SEQUIA,SIN REDUCCION,40.35,Media,38.58,Baja,26.34722504,Baja
Region A - Primeros Quince dias habiles de cada Diciembre,10009,10,9,Guanacevi,Durango,Cuencas Centrales del Norte,VII,Nazas-Aguanaval,13,sin dato,SIN SEQUIA,SIN REDUCCION,30.62,Baja,41.33,Media,93.9208442,Muy Alta
Region A - Primeros Quince dias habiles de cada Diciembre,10010,10,10,Hidalgo,Durango,Cuencas Centrales del Norte,VII,Nazas-Aguanaval,13,sin dato,SIN SEQUIA,SIN REDUCCION,57.18,Media,17.98,Muy Baja,27.28944569,Baja
Region A - Primeros Quince dias habiles de cada Diciembre,10011,10,11,Inde,Durango,Cuencas Centrales del Norte,VII,Nazas-Aguanaval,13,sin dato,SIN SEQUIA,SIN REDUCCION,8.94,Muy Baja,12.34,Muy Baja,16.0568334,Muy Baja
Region A - Primeros Quince dias habiles de cada Diciembre,10012,10,12,Lerdo,Durango,Cuencas Centrales del Norte,VII,Nazas-Aguanaval,13,sin dato,SIN SEQUIA,SIN REDUCCION,42.31,Media,42.53,Media,23.11249684,Baja
Region A - Primeros Quince dias habiles de cada Diciembre,10013,10,13,Mapimi,Durango,Cuencas Centrales del Norte,VII,Nazas-Aguanaval,13,sin dato,SIN SEQUIA,SIN REDUCCION,73.62,Alta,80.56,Muy Alta,71.23909444,Alta
Region A - Primeros Quince dias habiles de cada Diciembre,10014,10,14,Mezquital,Durango,Pacifico Norte,III,Rios Presidio al San Pedro,8,sin dato,SIN SEQUIA,SIN REDUCCION,49.32,Media,2.34,Muy Baja,99.99709593,Muy Alta
Region A - Primeros Quince dias habiles de cada Diciembre,10015,10,15,Nazas,Durango,Cuencas Centrales del Norte,VII,Nazas-Aguanaval,13,sin dato,SIN SEQUIA,SIN REDUCCION,13.42,Muy Baja,20.98,Baja,44.82697685,Media
Region A - Primeros Quince dias habiles de cada Diciembre,10016,10,16,Nombre de Dios,Durango,Pacifico Norte,III,Rios Presidio al San Pedro,8,sin dato,SIN SEQUIA,SIN REDUCCION,12.05,Muy Baja,85.89,Muy Alta,66.79001996,Alta
Region A - Primeros Quince dias habiles de cada Diciembre,10017,10,17,Ocampo,Durango,Rio Bravo,VI,Rio Bravo,12,sin dato,SIN SEQUIA,SIN REDUCCION,26.48,Baja,48.8,Media,53.72271137,Media
Region A - Primeros Quince dias habiles de cada Diciembre,10018,10,18,El Oro,Durango,Cuencas Centrales del Norte,VII,Nazas-Aguanaval,13,sin dato,SIN SEQUIA,SIN REDUCCION,9.46,Muy Baja,30.19,Baja,17.12400297,Muy Baja
Region A - Primeros Quince dias habiles de cada Diciembre,10019,10,19,Otaez,Durango,Pacifico Norte,III,Rios Mocorito al Quelite,7,sin dato,SIN SEQUIA,SIN REDUCCION,76.44,Alta,34.02,Baja,38.14966269,Baja
Region A - Primeros Quince dias habiles de cada Diciembre,10020,10,20,Panuco de Coronado,Durango,Pacifico Norte,III,Rios Presidio al San Pedro,8,sin dato,SIN SEQUIA,SIN REDUCCION,43.51,Media,40.51,Media,48.24234984,Media
Region A - Primeros Quince dias habiles de cada Diciembre,10021,10,21,Penon Blanco,Durango,Cuencas Centrales del Norte,VII,Nazas-Aguanaval,13,sin dato,SIN SEQUIA,SIN REDUCCION,22.08,Baja,24.63,Baja,34.13034385,Baja
Region A - Primeros Quince dias habiles de cada Diciembre,10022,10,22,Poanas,Durango,Pacifico Norte,III,Rios Presidio al San Pedro,8,sin dato,SIN SEQUIA,SIN REDUCCION,76.2,Alta,91.53,Muy Alta,66.52128043,Alta
Region A - Primeros Quince dias habiles de cada Diciembre,10023,10,23,Pueblo Nuevo,Durango,Pacifico Norte,III,Rios Presidio al San Pedro,8,sin dato,SIN SEQUIA,SIN REDUCCION,55.29,Media,16.18,Muy Baja,64.60555676,Alta
Region A - Primeros Quince dias habiles de cada Diciembre,10024,10,24,Rodeo,Durango,Cuencas Centrales del Norte,VII,Nazas-Aguanaval,13,sin dato,SIN SEQUIA,SIN REDUCCION,11.38,Muy Baja,15.38,Muy Baja,35.72257832,Baja
Region A - Primeros Quince dias habiles de cada Diciembre,10025,10,25,San Bernardo,Durango,Cuencas Centrales del Norte,VII,Nazas-Aguanaval,13,sin dato,SIN SEQUIA,SIN REDUCCION,1.2,Muy Baja,5.56,Muy Baja,47.43637372,Media
Region A - Primeros Quince dias habiles de cada Diciembre,10026,10,26,San Dimas,Durango,Pacifico Norte,III,Rios Mocorito al Quelite,7,sin dato,SIN SEQUIA,SIN REDUCCION,26.69,Baja,7.46,Muy Baja,52.54862264,Media
Region A - Primeros Quince dias habiles de cada Diciembre,10027,10,27,San Juan de Guadalupe,Durango,Cuencas Centrales del Norte,VII,Nazas-Aguanaval,13,sin dato,SIN SEQUIA,SIN REDUCCION,36.83,Baja,40.19,Media,77.13394996,Alta
Region A - Primeros Quince dias habiles de cada Diciembre,10028,10,28,San Juan del Rio,Durango,Cuencas Centrales del Norte,VII,Nazas-Aguanaval,13,sin dato,SIN SEQUIA,SIN REDUCCION,20.45,Baja,22.94,Baja,37.86412941,Baja
Region A - Primeros Quince dias habiles de cada Diciembre,10029,10,29,San Luis del Cordero,Durango,Cuencas Centrales del Norte,VII,Nazas-Aguanaval,13,sin dato,SIN SEQUIA,SIN REDUCCION,22.57,Baja,24.24,Baja,36.01561939,Baja
Region A - Primeros Quince dias habiles de cada Diciembre,10030,10,30,San Pedro del Gallo,Durango,Cuencas Centrales del Norte,VII,Nazas-Aguanaval,13,sin dato,SIN SEQUIA,SIN REDUCCION,20.27,Baja,21.32,Baja,48.67971671,Media
Region A - Primeros Quince dias habiles de cada Diciembre,10031,10,31,Santa Clara,Durango,Cuencas Centrales del Norte,VII,Nazas-Aguanaval,13,sin dato,SIN SEQUIA,SIN REDUCCION,46.56,Media,33.88,Baja,47.66151389,Media
Region A - Primeros Quince dias habiles de cada Diciembre,10032,10,32,Santiago Papasquiaro,Durango,Cuencas Centrales del Norte,VII,Nazas-Aguanaval,13,sin dato,SIN SEQUIA,SIN REDUCCION,91.31,Muy Alta,34.45,Baja,67.80578875,Alta
Region A - Primeros Quince dias habiles de cada Diciembre,10033,10,33,Suchil,Durango,Pacifico Norte,III,Rios Presidio al San Pedro,8,sin dato,SIN SEQUIA,SIN REDUCCION,41.17,Media,46.46,Media,77.43686757,Alta
Region A - Primeros Quince dias habiles de cada Diciembre,10034,10,34,Tamazula,Durango,Pacifico Norte,III,Rios Mocorito al Quelite,7,sin dato,SIN SEQUIA,SIN REDUCCION,81.83,Muy Alta,61.93,Alta,89.20924705,Muy Alta
Region A - Primeros Quince dias habiles de cada Diciembre,10035,10,35,Tepehuanes,Durango,Cuencas Centrales del Norte,VII,Nazas-Aguanaval,13,sin dato,SIN SEQUIA,SIN REDUCCION,36.65,Baja,49.66,Media,95.69145493,Muy Alta
Region A - Primeros Quince dias habiles de cada Diciembre,10036,10,36,Tlahualilo,Durango,Cuencas Centrales del Norte,VII,Nazas-Aguanaval,13,sin dato,SIN SEQUIA,SIN REDUCCION,2.42,Muy Baja,61.13,Alta,67.102737,Alta
Region A - Primeros Quince dias habiles de cada Diciembre,10037,10,37,Topia,Durango,Pacifico Norte,III,Rios Mocorito al Quelite,7,sin dato,SIN SEQUIA,SIN REDUCCION,84.0,Muy Alta,72.85,Alta,95.01074471,Muy Alta
Region A - Primeros Quince dias habiles de cada Diciembre,10038,10,38,Vicente Guerrero,Durango,Pacifico Norte,III,Rios Presidio al San Pedro,8,sin dato,SIN SEQUIA,SIN REDUCCION,79.54,Alta,97.92,Muy Alta,67.51976928,Alta
Region A - Primeros Quince dias habiles de cada Diciembre,10039,10,39,Nuevo Ideal,Durango,Pacifico Norte,III,Rios Presidio al San Pedro,8,sin dato,SIN SEQUIA,SIN REDUCCION,2.83,Muy Baja,7.66,Muy Baja,28.41854745,Baja
Region A - Primeros Quince dias habiles de cada Diciembre,11001,11,1,Abasolo,Guanajuato,Lerma Santiago Pacifico,VIII,Lerma - Chapala,15,sin dato,SIN SEQUIA,SIN REDUCCION,63.82,Alta,2.83,Muy Baja,40.04648503,Media
Region A - Primeros Quince dias habiles de cada Diciembre,11002,11,2,Acambaro,Guanajuato,Lerma Santiago Pacifico,VIII,Lerma - Chapala,15,sin dato,SIN SEQUIA,SIN REDUCCION,62.73,Alta,8.68,Muy Baja,48.49058164,Media
Region A - Primeros Quince dias habiles de cada Diciembre,11003,11,3,San Miguel de Allende,Guanajuato,Lerma Santiago Pacifico,VIII,Lerma - Chapala,15,sin dato,SIN SEQUIA,SIN REDUCCION,61.88,Alta,27.28,Baja,82.84542711,Muy Alta
Region A - Primeros Quince dias habiles de cada Diciembre,11004,11,4,Apaseo el Alto,Guanajuato,Lerma Santiago Pacifico,VIII,Lerma - Chapala,15,sin dato,SIN SEQUIA,SIN REDUCCION,81.62,Muy Alta,64.53,Alta,78.5491825,Alta
Region A - Primeros Quince dias habiles de cada Diciembre,11005,11,5,Apaseo el Grande,Guanajuato,Lerma Santiago Pacifico,VIII,Lerma - Chapala,15,sin dato,SIN SEQUIA,SIN REDUCCION,78.59,Alta,60.78,Alta,67.24686616,Alta
Region A - Primeros Quince dias habiles de cada Diciembre,11006,11,6,Atarjea,Guanajuato,Golfo Norte,IX,Rio Panuco,19,sin dato,SIN SEQUIA,SIN REDUCCION,3.93,Muy Baja,31.53,Baja,95.91473761,Muy Alta
Region A - Primeros Quince dias habiles de cada Diciembre,11007,11,7,Celaya,Guanajuato,Lerma Santiago Pacifico,VIII,Lerma - Chapala,15,sin dato,SIN SEQUIA,SIN REDUCCION,76.53,Alta,34.94,Baja,41.36017799,Media
Region A - Primeros Quince dias habiles de cada Diciembre,11008,11,8,Manuel Doblado,Guanajuato,Lerma Santiago Pacifico,VIII,Lerma - Chapala,15,sin dato,SIN SEQUIA,SIN REDUCCION,62.73,Alta,25.64,Baja,71.06014075,Alta
Region A - Primeros Quince dias habiles de cada Diciembre,11009,11,9,Comonfort,Guanajuato,Lerma Santiago Pacifico,VIII,Lerma - Chapala,15,sin dato,SIN SEQUIA,SIN REDUCCION,57.06,Media,54.09,Media,87.583792,Muy Alta
Region A - Primeros Quince dias habiles de cada Diciembre,11010,11,10,Coroneo,Guanajuato,Lerma Santiago Pacifico,VIII,Lerma - Chapala,15,sin dato,SIN SEQUIA,SIN REDUCCION,74.03,Alta,66.89,Alta,57.13259437,Media
Region A - Primeros Quince dias habiles de cada Diciembre,11011,11,11,Cortazar,Guanajuato,Lerma Santiago Pacifico,VIII,Lerma - Chapala,15,sin dato,SIN SEQUIA,SIN REDUCCION,78.37,Alta,47.18,Media,63.01006619,Alta
Region A - Primeros Quince dias habiles de cada Diciembre,11012,11,12,Cueramaro,Guanajuato,Lerma Santiago Pacifico,VIII,Lerma - Chapala,15,sin dato,SIN SEQUIA,SIN REDUCCION,79.04,Alta,49.56,Media,76.67306115,Alta
Region A - Primeros Quince dias habiles de cada Diciembre,11013,11,13,Doctor Mora,Guanajuato,Lerma Santiago Pacifico,VIII,Lerma - Chapala,15,sin dato,SIN SEQUIA,SIN REDUCCION,44.54,Media,44.7,Media,47.1579815,Media
Region A - Primeros Quince dias habiles de cada Diciembre,11014,11,14,Dolores Hidalgo Cuna de la Independencia Nal.,Guanajuato,Lerma Santiago Pacifico,VIII,Lerma - Chapala,15,sin dato,SIN SEQUIA,SIN REDUCCION,45.6,Media,6.88,Muy Baja,65.75205282,Alta
Region A - Primeros Quince dias habiles de cada Diciembre,11015,11,15,Guanajuato,Guanajuato,Lerma Santiago Pacifico,VIII,Lerma - Chapala,15,sin dato,SIN SEQUIA,SIN REDUCCION,32.52,Baja,41.41,Media,26.75910359,Baja
Region A - Primeros Quince dias habiles de cada Diciembre,11016,11,16,Huanimaro,Guanajuato,Lerma Santiago Pacifico,VIII,Lerma - Chapala,15,sin dato,SIN SEQUIA,SIN REDUCCION,70.38,Alta,39.18,Baja,56.36987668,Media
Region A - Primeros Quince dias habiles de cada Diciembre,11017,11,17,Irapuato,Guanajuato,Lerma Santiago Pacifico,VIII,Lerma - Chapala,15,sin dato,SIN SEQUIA,SIN REDUCCION,55.77,Media,1.12,Muy Baja,15.54803956,Muy Baja
Region A - Primeros Quince dias habiles de cada Diciembre,11018,11,18,Jaral del Progreso,Guanajuato,Lerma Santiago Pacifico,VIII,Lerma - Chapala,15,sin dato,SIN SEQUIA,SIN REDUCCION,70.66,Alta,37.79,Baja,68.86190505,Alta
Region A - Primeros Quince dias habiles de cada Diciembre,11019,11,19,Jerecuaro,Guanajuato,Lerma Santiago Pacifico,VIII,Lerma - Chapala,15,sin dato,SIN SEQUIA,SIN REDUCCION,71.51,Alta,32.55,Baja,83.38189951,Muy Alta
Region A - Primeros Quince dias habiles de cada Diciembre,11020,11,20,Leon,Guanajuato,Lerma Santiago Pacifico,VIII,Lerma - Chapala,15,sin dato,SIN SEQUIA,SIN REDUCCION,56.05,Media,62.73,Alta,2.346739197,Muy Baja
Region A - Primeros Quince dias habiles de cada Diciembre,11021,11,21,Moroleon,Guanajuato,Lerma Santiago Pacifico,VIII,Lerma - Chapala,15,sin dato,SIN SEQUIA,SIN REDUCCION,57.71,Media,74.05,Alta,53.20026623,Media
Region A - Primeros Quince dias habiles de cada Diciembre,11022,11,22,Ocampo,Guanajuato,Lerma Santiago Pacifico,VIII,Rio Santiago,16,sin dato,SIN SEQUIA,SIN REDUCCION,41.43,Media,37.62,Baja,66.59923063,Alta
Region A - Primeros Quince dias habiles de cada Diciembre,11023,11,23,Penjamo,Guanajuato,Lerma Santiago Pacifico,VIII,Lerma - Chapala,15,sin dato,SIN SEQUIA,SIN REDUCCION,84.63,Muy Alta,43.5,Media,42.43367049,Media
Region A - Primeros Quince dias habiles de cada Diciembre,11024,11,24,Pueblo Nuevo,Guanajuato,Lerma Santiago Pacifico,VIII,Lerma - Chapala,15,sin dato,SIN SEQUIA,SIN REDUCCION,65.7,Alta,51.18,Media,40.72721775,Media
Region A - Primeros Quince dias habiles de cada Diciembre,11025,11,25,Purisima del Rincon,Guanajuato,Lerma Santiago Pacifico,VIII,Lerma - Chapala,15,sin dato,SIN SEQUIA,SIN REDUCCION,78.46,Alta,81.76,Muy Alta,57.79479743,Media
Region A - Primeros Quince dias habiles de cada Diciembre,11026,11,26,Romita,Guanajuato,Lerma Santiago Pacifico,VIII,Lerma - Chapala,15,sin dato,SIN SEQUIA,SIN REDUCCION,57.16,Media,28.57,Baja,56.33452409,Media
Region A - Primeros Quince dias habiles de cada Diciembre,11027,11,27,Salamanca,Guanajuato,Lerma Santiago Pacifico,VIII,Lerma - Chapala,15,sin dato,SIN SEQUIA,SIN REDUCCION,58.69,Media,6.45,Muy Baja,35.87187861,Baja
Region A - Primeros Quince dias habiles de cada Diciembre,11028,11,28,Salvatierra,Guanajuato,Lerma Santiago Pacifico,VIII,Lerma - Chapala,15,sin dato,SIN SEQUIA,SIN REDUCCION,68.68,Alta,38.24,Baja,52.16761266,Media
Region A - Primeros Quince dias habiles de cada Diciembre,11029,11,29,San Diego de la Union,Guanajuato,Lerma Santiago Pacifico,VIII,Lerma - Chapala,15,sin dato,SIN SEQUIA,SIN REDUCCION,56.55,Media,23.95,Baja,67.42116135,Alta
Region A - Primeros Quince dias habiles de cada Diciembre,11030,11,30,San Felipe,Guanajuato,Lerma Santiago Pacifico,VIII,Rio Panuco,19,sin dato,SIN SEQUIA,SIN REDUCCION,11.84,Muy Baja,5.94,Muy Baja,68.52280102,Alta
Region A - Primeros Quince dias habiles de cada Diciembre,11031,11,31,San Francisco del Rincon,Guanajuato,Lerma Santiago Pacifico,VIII,Lerma - Chapala,15,sin dato,SIN SEQUIA,SIN REDUCCION,52.25,Media,41.9,Media,53.17083132,Media
Region A - Primeros Quince dias habiles de cada Diciembre,11032,11,32,San Jose Iturbide,Guanajuato,Lerma Santiago Pacifico,VIII,Lerma - Chapala,15,sin dato,SIN SEQUIA,SIN REDUCCION,60.88,Alta,51.18,Media,40.10674859,Media
Region A - Primeros Quince dias habiles de cada Diciembre,11033,11,33,San Luis de la Paz,Guanajuato,Lerma Santiago Pacifico,VIII,Rio Panuco,19,sin dato,SIN SEQUIA,SIN REDUCCION,12.75,Muy Baja,35.06,Baja,71.7521185,Alta
Region A - Primeros Quince dias habiles de cada Diciembre,11034,11,34,Santa Catarina,Guanajuato,Golfo Norte,IX,Rio Panuco,19,sin dato,SIN SEQUIA,SIN REDUCCION,18.29,Muy Baja,39.71,Baja,78.03550121,Alta
Region A - Primeros Quince dias habiles de cada Diciembre,11035,11,35,Santa Cruz de Juventino Rosas,Guanajuato,Lerma Santiago Pacifico,VIII,Lerma - Chapala,15,sin dato,SIN SEQUIA,SIN REDUCCION,65.32,Alta,38.63,Baja,70.47990354,Alta
Region A - Primeros Quince dias habiles de cada Diciembre,11036,11,36,Santiago Maravatio,Guanajuato,Lerma Santiago Pacifico,VIII,Lerma - Chapala,15,sin dato,SIN SEQUIA,SIN REDUCCION,77.69,Alta,67.07,Alta,56.03883409,Media
Region A - Primeros Quince dias habiles de cada Diciembre,11037,11,37,Silao,Guanajuato,Lerma Santiago Pacifico,VIII,Lerma - Chapala,15,sin dato,SIN SEQUIA,SIN REDUCCION,40.97,Media,46.04,Media,21.32403037,Baja
Region A - Primeros Quince dias habiles de cada Diciembre,11038,11,38,Tarandacuao,Guanajuato,Lerma Santiago Pacifico,VIII,Lerma - Chapala,15,sin dato,SIN SEQUIA,SIN REDUCCION,69.76,Alta,63.72,Alta,52.27120938,Media
Region A - Primeros Quince dias habiles de cada Diciembre,11039,11,39,Tarimoro,Guanajuato,Lerma Santiago Pacifico,VIII,Lerma - Chapala,15,sin dato,SIN SEQUIA,SIN REDUCCION,77.21,Alta,49.41,Media,55.45274874,Media
Region A - Primeros Quince dias habiles de cada Diciembre,11040,11,40,Tierra Blanca,Guanajuato,Golfo Norte,IX,Rio Panuco,19,sin dato,SIN SEQUIA,SIN REDUCCION,8.83,Muy Baja,32.46,Baja,75.01077142,Alta
Region A - Primeros Quince dias habiles de cada Diciembre,11041,11,41,Uriangato,Guanajuato,Lerma Santiago Pacifico,VIII,Lerma - Chapala,15,sin dato,SIN SEQUIA,SIN REDUCCION,57.56,Media,77.2,Alta,58.70237776,Media
Region A - Primeros Quince dias habiles de cada Diciembre,11042,11,42,Valle de Santiago,Guanajuato,Lerma Santiago Pacifico,VIII,Lerma - Chapala,15,sin dato,SIN SEQUIA,SIN REDUCCION,71.99,Alta,18.6,Muy Baja,65.62471184,Alta
Region A - Primeros Quince dias habiles de cada Diciembre,11043,11,43,Victoria,Guanajuato,Golfo Norte,IX,Rio Panuco,19,sin dato,SIN SEQUIA,SIN REDUCCION,17.96,Muy Baja,25.4,Baja,88.04071851,Muy Alta
Region A - Primeros Quince dias habiles de cada Diciembre,11044,11,44,Villagran,Guanajuato,Lerma Santiago Pacifico,VIII,Lerma - Chapala,15,sin dato,SIN SEQUIA,SIN REDUCCION,64.34,Alta,47.96,Media,60.08085188,Alta
Region A - Primeros Quince dias habiles de cada Diciembre,11045,11,45,Xichu,Guanajuato,Golfo Norte,IX,Rio Panuco,19,sin dato,SIN SEQUIA,SIN REDUCCION,89.53,Muy Alta,8.07,Muy Baja,79.60823915,Alta
Region A - Primeros Quince dias habiles de cada Diciembre,11046,11,46,Yuriria,Guanajuato,Lerma Santiago Pacifico,VIII,Lerma - Chapala,15,sin dato,SIN SEQUIA,SIN REDUCCION,69.05,Alta,30.18,Baja,61.3106647,Alta
Region A - Primeros Quince dias habiles de cada Diciembre,12001,12,1,Acapulco de Juarez,Guerrero,Pacifico Sur,V,Costa de Guerrero,10,sin dato,SIN SEQUIA,SIN REDUCCION,93.77,Muy Alta,98.2,Muy Alta,1.054452987,Muy Baja
Region A - Primeros Quince dias habiles de cada Diciembre,12002,12,2,Ahuacuotzingo,Guerrero,Balsas,IV,Rio Balsas,9,sin dato,SIN SEQUIA,SIN REDUCCION,16.8,Muy Baja,11.55,Muy Baja,94.08,Muy Alta
Region A - Primeros Quince dias habiles de cada Diciembre,12003,12,3,Ajuchitlan del Progreso,Guerrero,Balsas,IV,Rio Balsas,9,sin dato,SIN SEQUIA,SIN REDUCCION,66.71,Alta,21.18,Baja,95.75,Muy Alta
Region A - Primeros Quince dias habiles de cada Diciembre,12004,12,4,Alcozauca de Guerrero,Guerrero,Balsas,IV,Rio Balsas,9,sin dato,SIN SEQUIA,SIN REDUCCION,26.41,Baja,1.7,Muy Baja,95.52,Muy Alta
Region A - Primeros Quince dias habiles de cada Diciembre,12005,12,5,Alpoyeca,Guerrero,Balsas,IV,Rio Balsas,9,sin dato,SIN SEQUIA,SIN REDUCCION,90.07,Muy Alta,24.2,Baja,36.22,Baja
Region A - Primeros Quince dias habiles de cada Diciembre,12006,12,6,Apaxtla,Guerrero,Balsas,IV,Rio Balsas,9,sin dato,SIN SEQUIA,SIN REDUCCION,59.41,Media,25.29,Baja,70.24,Alta
Region A - Primeros Quince dias habiles de cada Diciembre,12007,12,7,Arcelia,Guerrero,Balsas,IV,Rio Balsas,9,sin dato,SIN SEQUIA,SIN REDUCCION,32.11,Baja,26.33,Baja,61.32,Alta
Region A - Primeros Quince dias habiles de cada Diciembre,12008,12,8,Atenango del Rio,Guerrero,Balsas,IV,Rio Balsas,9,sin dato,SIN SEQUIA,SIN REDUCCION,22.95,Baja,26.43,Baja,70.76,Alta
Region A - Primeros Quince dias habiles de cada Diciembre,12009,12,9,Atlamajalcingo del Monte,Guerrero,Balsas,IV,Rio Balsas,9,sin dato,SIN SEQUIA,SIN REDUCCION,2.0,Muy Baja,4.15,Muy Baja,99.81,Muy Alta
Region A - Primeros Quince dias habiles de cada Diciembre,12010,12,10,Atlixtac,Guerrero,Balsas,IV,Rio Balsas,9,sin dato,SIN SEQUIA,SIN REDUCCION,3.21,Muy Baja,3.59,Muy Baja,98.18,Muy Alta
Region A - Primeros Quince dias habiles de cada Diciembre,12011,12,11,Atoyac de alvarez,Guerrero,Pacifico Sur,V,Costa de Guerrero,10,sin dato,SIN SEQUIA,SIN REDUCCION,45.32,Media,62.65,Alta,34.2881898,Baja
Region A - Primeros Quince dias habiles de cada Diciembre,12012,12,12,Ayutla de los Libres,Guerrero,Pacifico Sur,V,Costa de Guerrero,10,sin dato,SIN SEQUIA,SIN REDUCCION,41.72,Media,64.87,Alta,86.87514471,Muy Alta
Region A - Primeros Quince dias habiles de cada Diciembre,12013,12,13,Azoyu,Guerrero,Pacifico Sur,V,Costa de Guerrero,10,sin dato,SIN SEQUIA,SIN REDUCCION,11.3,Muy Baja,32.29,Baja,62.00034349,Alta
Region A - Primeros Quince dias habiles de cada Diciembre,12014,12,14,Benito Juarez,Guerrero,Pacifico Sur,V,Costa de Guerrero,10,sin dato,SIN SEQUIA,SIN REDUCCION,33.7,Baja,81.92,Muy Alta,39.38429191,Baja
Region A - Primeros Quince dias habiles de cada Diciembre,12015,12,15,Buenavista de Cuellar,Guerrero,Balsas,IV,Rio Balsas,9,sin dato,SIN SEQUIA,SIN REDUCCION,38.84,Baja,58.87,Media,20.18,Baja
Region A - Primeros Quince dias habiles de cada Diciembre,12016,12,16,Coahuayutla de Jose Maria Izazaga,Guerrero,Balsas,IV,Rio Balsas,9,sin dato,SIN SEQUIA,SIN REDUCCION,72.39,Alta,38.76,Baja,99.97,Muy Alta
Region A - Primeros Quince dias habiles de cada Diciembre,12017,12,17,Cocula,Guerrero,Balsas,IV,Rio Balsas,9,sin dato,SIN SEQUIA,SIN REDUCCION,33.39,Baja,30.18,Baja,39.39,Baja
Region A - Primeros Quince dias habiles de cada Diciembre,12018,12,18,Copala,Guerrero,Pacifico Sur,V,Costa de Guerrero,10,sin dato,SIN SEQUIA,SIN REDUCCION,37.75,Baja,57.71,Media,75.42769872,Alta
Region A - Primeros Quince dias habiles de cada Diciembre,12019,12,19,Copalillo,Guerrero,Balsas,IV,Rio Balsas,9,sin dato,SIN SEQUIA,SIN REDUCCION,14.77,Muy Baja,7.56,Muy Baja,99.93,Muy Alta
Region A - Primeros Quince dias habiles de cada Diciembre,12020,12,20,Copanatoyac,Guerrero,Balsas,IV,Rio Balsas,9,sin dato,SIN SEQUIA,SIN REDUCCION,36.0,Baja,8.66,Muy Baja,99.74,Muy Alta
Region A - Primeros Quince dias habiles de cada Diciembre,12021,12,21,Coyuca de Benitez,Guerrero,Pacifico Sur,V,Costa de Guerrero,10,sin dato,SIN SEQUIA,SIN REDUCCION,26.15,Baja,30.63,Baja,28.29878809,Baja
Region A - Primeros Quince dias habiles de cada Diciembre,12022,12,22,Coyuca de Catalan,Guerrero,Balsas,IV,Rio Balsas,9,sin dato,SIN SEQUIA,SIN REDUCCION,69.82,Alta,24.76,Baja,97.7,Muy Alta
Region A - Primeros Quince dias habiles de cada Diciembre,12023,12,23,Cuajinicuilapa,Guerrero,Pacifico Sur,V,Costa de Guerrero,10,sin dato,SIN SEQUIA,SIN REDUCCION,12.76,Muy Baja,54.3,Media,52.87127238,Media
Region A - Primeros Quince dias habiles de cada Diciembre,12024,12,24,Cualac,Guerrero,Balsas,IV,Rio Balsas,9,sin dato,SIN SEQUIA,SIN REDUCCION,1.22,Muy Baja,16.56,Muy Baja,55.05,Media
Region A - Primeros Quince dias habiles de cada Diciembre,12025,12,25,Cuautepec,Guerrero,Pacifico Sur,V,Costa de Guerrero,10,sin dato,SIN SEQUIA,SIN REDUCCION,32.11,Baja,51.79,Media,92.27626561,Muy Alta
Region A - Primeros Quince dias habiles de cada Diciembre,12026,12,26,Cuetzala del Progreso,Guerrero,Balsas,IV,Rio Balsas,9,sin dato,SIN SEQUIA,SIN REDUCCION,32.05,Baja,29.28,Baja,98.94,Muy Alta
Region A - Primeros Quince dias habiles de cada Diciembre,12027,12,27,Cutzamala de Pinzon,Guerrero,Balsas,IV,Rio Balsas,9,sin dato,SIN SEQUIA,SIN REDUCCION,76.28,Alta,33.12,Baja,88.89,Muy Alta
Region A - Primeros Quince dias habiles de cada Diciembre,12028,12,28,Chilapa de alvarez,Guerrero,Pacifico Sur,V,Rio Balsas,9,sin dato,SIN SEQUIA,SIN REDUCCION,1.86,Muy Baja,15.02,Muy Baja,84.03952593,Muy Alta
Region A - Primeros Quince dias habiles de cada Diciembre,12029,12,29,Chilpancingo de los Bravo,Guerrero,Balsas,IV,Costa de Guerrero,10,sin dato,SIN SEQUIA,SIN REDUCCION,34.93,Baja,19.02,Muy Baja,1.917163868,Muy Baja
Region A - Primeros Quince dias habiles de cada Diciembre,12030,12,30,Florencio Villarreal,Guerrero,Pacifico Sur,V,Costa de Guerrero,10,sin dato,SIN SEQUIA,SIN REDUCCION,41.01,Media,55.46,Media,28.66940928,Baja
Region A - Primeros Quince dias habiles de cada Diciembre,12031,12,31,General Canuto A. Neri,Guerrero,Balsas,IV,Rio Balsas,9,sin dato,SIN SEQUIA,SIN REDUCCION,44.18,Media,47.3,Media,98.63,Muy Alta
Region A - Primeros Quince dias habiles de cada Diciembre,12032,12,32,General Heliodoro Castillo,Guerrero,Balsas,IV,Rio Balsas,9,sin dato,SIN SEQUIA,SIN REDUCCION,30.97,Baja,20.76,Baja,98.63,Muy Alta
Region A - Primeros Quince dias habiles de cada Diciembre,12033,12,33,Huamuxtitlan,Guerrero,Balsas,IV,Rio Balsas,9,D0,PRE-ALERTA,10%,23.46,Baja,13.88,Muy Baja,28.89,Baja
Region A - Primeros Quince dias habiles de cada Diciembre,12034,12,34,Huitzuco de los Figueroa,Guerrero,Balsas,IV,Rio Balsas,9,sin dato,SIN SEQUIA,SIN REDUCCION,36.2,Baja,41.83,Media,63.63,Alta
Region A - Primeros Quince dias habiles de cada Diciembre,12035,12,35,Iguala de la Independencia,Guerrero,Balsas,IV,Rio Balsas,9,sin dato,SIN SEQUIA,SIN REDUCCION,58.31,Media,49.71,Media,19.23,Muy Baja
Region A - Primeros Quince dias habiles de cada Diciembre,12036,12,36,Igualapa,Guerrero,Pacifico Sur,V,Costa de Guerrero,10,sin dato,SIN SEQUIA,SIN REDUCCION,11.72,Muy Baja,17.93,Muy Baja,57.36970771,Media
Region A - Primeros Quince dias habiles de cada Diciembre,12037,12,37,Ixcateopan de Cuauhtemoc,Guerrero,Balsas,IV,Rio Balsas,9,sin dato,SIN SEQUIA,SIN REDUCCION,58.36,Media,52.64,Media,67.62,Alta
Region A - Primeros Quince dias habiles de cada Diciembre,12038,12,38,Jose Azueta,Guerrero,Pacifico Sur,V,Costa de Guerrero,10,sin dato,SIN SEQUIA,SIN REDUCCION,100.0,Muy Alta,88.93,Muy Alta,44.32639742,Media
Region A - Primeros Quince dias habiles de cada Diciembre,12039,12,39,Juan R. Escudero,Guerrero,Pacifico Sur,V,Costa de Guerrero,10,sin dato,SIN SEQUIA,SIN REDUCCION,99.92,Muy Alta,67.23,Alta,37.8338153,Baja
Region A - Primeros Quince dias habiles de cada Diciembre,12040,12,40,Leonardo Bravo,Guerrero,Balsas,IV,Rio Balsas,9,sin dato,SIN SEQUIA,SIN REDUCCION,72.35,Alta,14.73,Muy Baja,47.18,Media
Region A - Primeros Quince dias habiles de cada Diciembre,12041,12,41,Malinaltepec,Guerrero,Pacifico Sur,V,Costa de Guerrero,10,sin dato,SIN SEQUIA,SIN REDUCCION,5.21,Muy Baja,3.87,Muy Baja,90.25288025,Muy Alta
Region A - Primeros Quince dias habiles de cada Diciembre,12042,12,42,Martir de Cuilapan,Guerrero,Balsas,IV,Rio Balsas,9,sin dato,SIN SEQUIA,SIN REDUCCION,22.58,Baja,41.49,Media,66.2,Alta
Region A - Primeros Quince dias habiles de cada Diciembre,12043,12,43,Metlatonoc,Guerrero,Pacifico Sur,V,Costa de Guerrero,10,sin dato,SIN SEQUIA,SIN REDUCCION,6.65,Muy Baja,74.72,Alta,96.99436333,Muy Alta
Region A - Primeros Quince dias habiles de cada Diciembre,12044,12,44,Mochitlan,Guerrero,Pacifico Sur,V,Costa de Guerrero,10,sin dato,SIN SEQUIA,SIN REDUCCION,8.5,Muy Baja,24.36,Baja,29.27897136,Baja
Region A - Primeros Quince dias habiles de cada Diciembre,12045,12,45,Olinala,Guerrero,Balsas,IV,Rio Balsas,9,sin dato,SIN SEQUIA,SIN REDUCCION,13.75,Muy Baja,8.79,Muy Baja,98.85,Muy Alta
Region A - Primeros Quince dias habiles de cada Diciembre,12046,12,46,Ometepec,Guerrero,Pacifico Sur,V,Costa de Guerrero,10,sin dato,SIN SEQUIA,SIN REDUCCION,10.86,Muy Baja,18.04,Muy Baja,44.92454032,Media
Region A - Primeros Quince dias habiles de cada Diciembre,12047,12,47,Pedro Ascencio Alquisiras,Guerrero,Balsas,IV,Rio Balsas,9,sin dato,SIN SEQUIA,SIN REDUCCION,33.15,Baja,16.83,Muy Baja,99.98,Muy Alta
Region A - Primeros Quince dias habiles de cada Diciembre,12048,12,48,Petatlan,Guerrero,Pacifico Sur,V,Costa de Guerrero,10,sin dato,SIN SEQUIA,SIN REDUCCION,87.98,Muy Alta,77.44,Alta,63.82644799,Alta
Region A - Primeros Quince dias habiles de cada Diciembre,12049,12,49,Pilcaya,Guerrero,Balsas,IV,Rio Balsas,9,sin dato,SIN SEQUIA,SIN REDUCCION,59.33,Media,52.0,Media,51.86,Media
Region A - Primeros Quince dias habiles de cada Diciembre,12050,12,50,Pungarabato,Guerrero,Balsas,IV,Rio Balsas,9,sin dato,SIN SEQUIA,SIN REDUCCION,58.02,Media,65.88,Alta,44.69,Media
Region A - Primeros Quince dias habiles de cada Diciembre,12051,12,51,Quechultenango,Guerrero,Pacifico Sur,V,Costa de Guerrero,10,sin dato,SIN SEQUIA,SIN REDUCCION,20.89,Baja,15.79,Muy Baja,63.28028087,Alta
Region A - Primeros Quince dias habiles de cada Diciembre,12052,12,52,San Luis Acatlan,Guerrero,Pacifico Sur,V,Costa de Guerrero,10,sin dato,SIN SEQUIA,SIN REDUCCION,28.56,Baja,15.73,Muy Baja,93.17130258,Muy Alta
Region A - Primeros Quince dias habiles de cada Diciembre,12053,12,53,San Marcos,Guerrero,Pacifico Sur,V,Costa de Guerrero,10,sin dato,SIN SEQUIA,SIN REDUCCION,71.99,Alta,82.88,Muy Alta,82.95886658,Muy Alta
Region A - Primeros Quince dias habiles de cada Diciembre,12054,12,54,San Miguel Totolapan,Guerrero,Balsas,IV,Rio Balsas,9,sin dato,SIN SEQUIA,SIN REDUCCION,41.38,Media,18.45,Muy Baja,99.98,Muy Alta
Region A - Primeros Quince dias habiles de cada Diciembre,12055,12,55,Taxco de Alarcon,Guerrero,Balsas,IV,Rio Balsas,9,sin dato,SIN SEQUIA,SIN REDUCCION,44.94,Media,30.15,Baja,20.16,Baja
Region A - Primeros Quince dias habiles de cada Diciembre,12056,12,56,Tecoanapa,Guerrero,Pacifico Sur,V,Costa de Guerrero,10,sin dato,SIN SEQUIA,SIN REDUCCION,66.21,Alta,78.32,Alta,83.43155527,Muy Alta
Region A - Primeros Quince dias habiles de cada Diciembre,12057,12,57,Tecpan de Galeana,Guerrero,Pacifico Sur,V,Costa de Guerrero,10,sin dato,SIN SEQUIA,SIN REDUCCION,74.0,Alta,35.72,Baja,63.68176597,Alta
Region A - Primeros Quince dias habiles de cada Diciembre,12058,12,58,Teloloapan,Guerrero,Balsas,IV,Rio Balsas,9,sin dato,SIN SEQUIA,SIN REDUCCION,43.81,Media,18.28,Muy Baja,62.01,Alta
Region A - Primeros Quince dias habiles de cada Diciembre,12059,12,59,Tepecoacuilco de Trujano,Guerrero,Balsas,IV,Rio Balsas,9,sin dato,SIN SEQUIA,SIN REDUCCION,36.26,Baja,18.8,Muy Baja,82.94,Muy Alta
Region A - Primeros Quince dias habiles de cada Diciembre,12060,12,60,Tetipac,Guerrero,Balsas,IV,Rio Balsas,9,sin dato,SIN SEQUIA,SIN REDUCCION,57.61,Media,52.37,Media,67.99,Alta
Region A - Primeros Quince dias habiles de cada Diciembre,12061,12,61,Tixtla de Guerrero,Guerrero,Pacifico Sur,V,Rio Balsas,9,sin dato,SIN SEQUIA,SIN REDUCCION,16.59,Muy Baja,44.06,Media,57.23377304,Media
Region A - Primeros Quince dias habiles de cada Diciembre,12062,12,62,Tlacoachistlahuaca,Guerrero,Pacifico Sur,V,Costa de Guerrero,10,sin dato,SIN SEQUIA,SIN REDUCCION,8.06,Muy Baja,3.73,Muy Baja,97.94944098,Muy Alta
Region A - Primeros Quince dias habiles de cada Diciembre,12063,12,63,Tlacoapa,Guerrero,Pacifico Sur,V,Costa de Guerrero,10,sin dato,SIN SEQUIA,SIN REDUCCION,3.4,Muy Baja,10.13,Muy Baja,97.73176255,Muy Alta
Region A - Primeros Quince dias habiles de cada Diciembre,12064,12,64,Tlalchapa,Guerrero,Balsas,IV,Rio Balsas,9,sin dato,SIN SEQUIA,SIN REDUCCION,99.98,Muy Alta,34.65,Baja,64.75,Alta
Region A - Primeros Quince dias habiles de cada Diciembre,12065,12,65,Tlalixtaquilla de Maldonado,Guerrero,Balsas,IV,Rio Balsas,9,sin dato,SIN SEQUIA,SIN REDUCCION,31.92,Baja,15.48,Muy Baja,82.26,Muy Alta
Region A - Primeros Quince dias habiles de cada Diciembre,12066,12,66,Tlapa de Comonfort,Guerrero,Balsas,IV,Rio Balsas,9,sin dato,SIN SEQUIA,SIN REDUCCION,2.23,Muy Baja,7.2,Muy Baja,47.46,Media
Region A - Primeros Quince dias habiles de cada Diciembre,12067,12,67,Tlapehuala,Guerrero,Balsas,IV,Rio Balsas,9,sin dato,SIN SEQUIA,SIN REDUCCION,35.69,Baja,22.23,Baja,62.26,Alta
Region A - Primeros Quince dias habiles de cada Diciembre,12068,12,68,La Union de Isidoro Montes de Oca,Guerrero,Balsas,IV,Rio Balsas,9,sin dato,SIN SEQUIA,SIN REDUCCION,71.09,Alta,28.21,Baja,82.88,Muy Alta
Region A - Primeros Quince dias habiles de cada Diciembre,12069,12,69,Xalpatlahuac,Guerrero,Balsas,IV,Rio Balsas,9,sin dato,SIN SEQUIA,SIN REDUCCION,27.3,Baja,6.52,Muy Baja,98.52,Muy Alta
Region A - Primeros Quince dias habiles de cada Diciembre,12070,12,70,Xochihuehuetlan,Guerrero,Balsas,IV,Rio Balsas,9,D0,PRE-ALERTA,10%,71.26,Alta,13.13,Muy Baja,47.27,Media
Region A - Primeros Quince dias habiles de cada Diciembre,12071,12,71,Xochistlahuaca,Guerrero,Pacifico Sur,V,Costa de Guerrero,10,sin dato,SIN SEQUIA,SIN REDUCCION,13.5,Muy Baja,38.49,Baja,61.46566422,Alta
Region A - Primeros Quince dias habiles de cada Diciembre,12072,12,72,Zapotitlan Tablas,Guerrero,Pacifico Sur,V,Costa de Guerrero,10,sin dato,SIN SEQUIA,SIN REDUCCION,2.76,Muy Baja,10.07,Muy Baja,86.09037282,Muy Alta
Region A - Primeros Quince dias habiles de cada Diciembre,12073,12,73,Zirandaro,Guerrero,Balsas,IV,Rio Balsas,9,sin dato,SIN SEQUIA,SIN REDUCCION,70.13,Alta,42.18,Media,94.92,Muy Alta
Region A - Primeros Quince dias habiles de cada Diciembre,12074,12,74,Zitlala,Guerrero,Balsas,IV,Rio Balsas,9,sin dato,SIN SEQUIA,SIN REDUCCION,5.02,Muy Baja,17.8,Muy Baja,92.37,Muy Alta
Region A - Primeros Quince dias habiles de cada Diciembre,12075,12,75,Eduardo Neri,Guerrero,Balsas,IV,Rio Balsas,9,sin dato,SIN SEQUIA,SIN REDUCCION,21.93,Baja,7.82,Muy Baja,27.52,Baja
Region A - Primeros Quince dias habiles de cada Diciembre,12076,12,76,Acatepec,Guerrero,Balsas,IV,Costa de Guerrero,10,sin dato,SIN SEQUIA,SIN REDUCCION,15.5,Muy Baja,13.53,Muy Baja,98.19142832,Muy Alta
Region A - Primeros Quince dias habiles de cada Diciembre,12077,12,77,Marquelia,Guerrero,Pacifico Sur,V,Costa de Guerrero,10,sin dato,SIN SEQUIA,SIN REDUCCION,44.66,Media,48.21,Media,40.12939385,Media
Region A - Primeros Quince dias habiles de cada Diciembre,12078,12,78,Cochoapa el Grande,Guerrero,Pacifico Sur,V,Costa de Guerrero,10,sin dato,SIN SEQUIA,SIN REDUCCION,15.94,Muy Baja,1.32,Muy Baja,99.99992543,Muy Alta
Region A - Primeros Quince dias habiles de cada Diciembre,12079,12,79,Jose Joaquin de Herrera,Guerrero,Pacifico Sur,V,Costa de Guerrero,10,sin dato,SIN SEQUIA,SIN REDUCCION,1.68,Muy Baja,10.71,Muy Baja,99.13646855,Muy Alta
Region A - Primeros Quince dias habiles de cada Diciembre,12080,12,80,Juchitan,Guerrero,Pacifico Sur,V,Costa de Guerrero,10,sin dato,SIN SEQUIA,SIN REDUCCION,11.02,Muy Baja,25.63,Baja,65.93432873,Alta
Region A - Primeros Quince dias habiles de cada Diciembre,12081,12,81,Iliatenco,Guerrero,Pacifico Sur,V,Costa de Guerrero,10,sin dato,SIN SEQUIA,SIN REDUCCION,28.95,Baja,15.91,Muy Baja,79.26514528,Alta
Region A - Primeros Quince dias habiles de cada Diciembre,13001,13,1,Acatlan,Hidalgo,Golfo Norte,IX,Rio Panuco,19,sin dato,SIN SEQUIA,SIN REDUCCION,40.73,Media,84.9,Muy Alta,90.92568422,Muy Alta
Region A - Primeros Quince dias habiles de cada Diciembre,13002,13,2,Acaxochitlan,Hidalgo,Golfo Centro,X,Rios Tuxpan al Jamapa,20,sin dato,SIN SEQUIA,SIN REDUCCION,36.84,Baja,14.6,Muy Baja,89.98138319,Muy Alta
Region A - Primeros Quince dias habiles de cada Diciembre,13003,13,3,Actopan,Hidalgo,Aguas del Valle de Mexico,XIII,Rio Panuco,19,sin dato,SIN SEQUIA,SIN REDUCCION,46.44,Media,17.3,Muy Baja,48.39379681,Media
Region A - Primeros Quince dias habiles de cada Diciembre,13004,13,4,Agua Blanca de Iturbide,Hidalgo,Golfo Centro,X,Rios Tuxpan al Jamapa,19,sin dato,SIN SEQUIA,SIN REDUCCION,23.62,Baja,21.92,Baja,52.07342912,Media
Region A - Primeros Quince dias habiles de cada Diciembre,13005,13,5,Ajacuba,Hidalgo,Aguas del Valle de Mexico,XIII,Valle de Mexico,26,sin dato,SIN SEQUIA,SIN REDUCCION,30.61,Baja,11.96,Muy Baja,72.85878224,Alta
Region A - Primeros Quince dias habiles de cada Diciembre,13006,13,6,Alfajayucan,Hidalgo,Aguas del Valle de Mexico,XIII,Valle de Mexico,26,sin dato,SIN SEQUIA,SIN REDUCCION,72.34,Alta,6.78,Muy Baja,95.61973636,Muy Alta
Region A - Primeros Quince dias habiles de cada Diciembre,13007,13,7,Almoloya,Hidalgo,Aguas del Valle de Mexico,XIII,Valle de Mexico,26,sin dato,SIN SEQUIA,SIN REDUCCION,17.86,Muy Baja,10.46,Muy Baja,43.68399652,Media
Region A - Primeros Quince dias habiles de cada Diciembre,13008,13,8,Apan,Hidalgo,Aguas del Valle de Mexico,XIII,Valle de Mexico,26,sin dato,SIN SEQUIA,SIN REDUCCION,7.29,Muy Baja,8.29,Muy Baja,29.36391577,Baja
Region A - Primeros Quince dias habiles de cada Diciembre,13009,13,9,El Arenal,Hidalgo,Aguas del Valle de Mexico,XIII,Valle de Mexico,26,sin dato,SIN SEQUIA,SIN REDUCCION,29.33,Baja,31.27,Baja,94.38618199,Muy Alta
Region A - Primeros Quince dias habiles de cada Diciembre,13010,13,10,Atitalaquia,Hidalgo,Aguas del Valle de Mexico,XIII,Valle de Mexico,26,sin dato,SIN SEQUIA,SIN REDUCCION,38.06,Baja,24.49,Baja,23.84556169,Baja
Region A - Primeros Quince dias habiles de cada Diciembre,13011,13,11,Atlapexco,Hidalgo,Golfo Norte,IX,Rio Panuco,19,sin dato,SIN SEQUIA,SIN REDUCCION,42.28,Media,41.7,Media,8.76029645,Muy Baja
Region A - Primeros Quince dias habiles de cada Diciembre,13012,13,12,Atotonilco el Grande,Hidalgo,Golfo Norte,IX,Rio Panuco,19,sin dato,SIN SEQUIA,SIN REDUCCION,36.56,Baja,74.6,Alta,50.20938873,Media
Region A - Primeros Quince dias habiles de cada Diciembre,13013,13,13,Atotonilco de Tula,Hidalgo,Aguas del Valle de Mexico,XIII,Valle de Mexico,26,sin dato,SIN SEQUIA,SIN REDUCCION,48.42,Media,22.95,Baja,40.13816337,Media
Region A - Primeros Quince dias habiles de cada Diciembre,13014,13,14,Calnali,Hidalgo,Golfo Norte,IX,Rio Panuco,19,sin dato,SIN SEQUIA,SIN REDUCCION,58.89,Media,42.87,Media,33.86381588,Baja
Region A - Primeros Quince dias habiles de cada Diciembre,13015,13,15,Cardonal,Hidalgo,Aguas del Valle de Mexico,XIII,Rio Panuco,19,sin dato,SIN SEQUIA,SIN REDUCCION,13.13,Muy Baja,10.66,Muy Baja,87.46687475,Muy Alta
Region A - Primeros Quince dias habiles de cada Diciembre,13016,13,16,Cuautepec de Hinojosa,Hidalgo,Golfo Norte,IX,Rio Panuco,19,sin dato,SIN SEQUIA,SIN REDUCCION,15.27,Muy Baja,74.77,Alta,57.68102506,Media
Region A - Primeros Quince dias habiles de cada Diciembre,13017,13,17,Chapantongo,Hidalgo,Aguas del Valle de Mexico,XIII,Valle de Mexico,26,sin dato,SIN SEQUIA,SIN REDUCCION,29.66,Baja,13.65,Muy Baja,98.62866602,Muy Alta
Region A - Primeros Quince dias habiles de cada Diciembre,13018,13,18,Chapulhuacan,Hidalgo,Golfo Norte,IX,Rio Panuco,19,sin dato,SIN SEQUIA,SIN REDUCCION,36.18,Baja,35.56,Baja,42.27536179,Media
Region A - Primeros Quince dias habiles de cada Diciembre,13019,13,19,Chilcuautla,Hidalgo,Aguas del Valle de Mexico,XIII,Valle de Mexico,26,sin dato,SIN SEQUIA,SIN REDUCCION,31.66,Baja,1.44,Muy Baja,92.25497411,Muy Alta
Region A - Primeros Quince dias habiles de cada Diciembre,13020,13,20,Eloxochitlan,Hidalgo,Golfo Norte,IX,Rio Panuco,19,sin dato,SIN SEQUIA,SIN REDUCCION,25.06,Baja,23.24,Baja,45.65019614,Media
Region A - Primeros Quince dias habiles de cada Diciembre,13021,13,21,Emiliano Zapata,Hidalgo,Aguas del Valle de Mexico,XIII,Valle de Mexico,26,sin dato,SIN SEQUIA,SIN REDUCCION,10.77,Muy Baja,23.05,Baja,52.70787507,Media
Region A - Primeros Quince dias habiles de cada Diciembre,13022,13,22,Epazoyucan,Hidalgo,Aguas del Valle de Mexico,XIII,Valle de Mexico,26,sin dato,SIN SEQUIA,SIN REDUCCION,28.8,Baja,19.59,Muy Baja,67.4415832,Alta
Region A - Primeros Quince dias habiles de cada Diciembre,13023,13,23,Francisco I. Madero,Hidalgo,Aguas del Valle de Mexico,XIII,Valle de Mexico,26,sin dato,SIN SEQUIA,SIN REDUCCION,59.57,Media,25.8,Baja,47.37268053,Media
Region A - Primeros Quince dias habiles de cada Diciembre,13024,13,24,Huasca de Ocampo,Hidalgo,Golfo Norte,IX,Rio Panuco,19,sin dato,SIN SEQUIA,SIN REDUCCION,19.33,Muy Baja,73.48,Alta,55.20051397,Media
Region A - Primeros Quince dias habiles de cada Diciembre,13025,13,25,Huautla,Hidalgo,Golfo Norte,IX,Rio Panuco,19,sin dato,SIN SEQUIA,SIN REDUCCION,35.84,Baja,45.76,Media,50.83211612,Media
Region A - Primeros Quince dias habiles de cada Diciembre,13026,13,26,Huazalingo,Hidalgo,Golfo Norte,IX,Rio Panuco,19,sin dato,SIN SEQUIA,SIN REDUCCION,45.18,Media,39.28,Baja,54.78447695,Media
Region A - Primeros Quince dias habiles de cada Diciembre,13027,13,27,Huehuetla,Hidalgo,Golfo Centro,X,Rios Tuxpan al Jamapa,20,sin dato,SIN SEQUIA,SIN REDUCCION,21.44,Baja,14.63,Muy Baja,53.19505588,Media
Region A - Primeros Quince dias habiles de cada Diciembre,13028,13,28,Huejutla de Reyes,Hidalgo,Golfo Norte,IX,Rio Panuco,19,sin dato,SIN SEQUIA,SIN REDUCCION,43.78,Media,50.41,Media,31.09094155,Baja
Region A - Primeros Quince dias habiles de cada Diciembre,13029,13,29,Huichapan,Hidalgo,Golfo Norte,IX,Rio Panuco,19,sin dato,SIN SEQUIA,SIN REDUCCION,83.65,Muy Alta,88.62,Muy Alta,31.47687247,Baja
Region A - Primeros Quince dias habiles de cada Diciembre,13030,13,30,Ixmiquilpan,Hidalgo,Aguas del Valle de Mexico,XIII,Valle de Mexico,26,sin dato,SIN SEQUIA,SIN REDUCCION,38.7,Baja,78.63,Alta,80.07376266,Muy Alta
Region A - Primeros Quince dias habiles de cada Diciembre,13031,13,31,Jacala de Ledezma,Hidalgo,Golfo Norte,IX,Rio Panuco,19,sin dato,SIN SEQUIA,SIN REDUCCION,15.7,Muy Baja,41.75,Media,23.66699497,Baja
Region A - Primeros Quince dias habiles de cada Diciembre,13032,13,32,Jaltocan,Hidalgo,Golfo Norte,IX,Rio Panuco,19,sin dato,SIN SEQUIA,SIN REDUCCION,32.68,Baja,50.33,Media,44.46165842,Media
Region A - Primeros Quince dias habiles de cada Diciembre,13033,13,33,Juarez Hidalgo,Hidalgo,Golfo Norte,IX,Rio Panuco,19,sin dato,SIN SEQUIA,SIN REDUCCION,98.78,Muy Alta,20.9,Baja,32.22097793,Baja
Region A - Primeros Quince dias habiles de cada Diciembre,13034,13,34,Lolotla,Hidalgo,Golfo Norte,IX,Rio Panuco,19,sin dato,SIN SEQUIA,SIN REDUCCION,38.83,Baja,31.09,Baja,39.9986588,Baja
Region A - Primeros Quince dias habiles de cada Diciembre,13035,13,35,Metepec,Hidalgo,Golfo Norte,IX,Rio Panuco,19,sin dato,SIN SEQUIA,SIN REDUCCION,45.17,Media,41.57,Media,65.25324279,Alta
Region A - Primeros Quince dias habiles de cada Diciembre,13036,13,36,San Agustin Metzquititlan,Hidalgo,Golfo Norte,IX,Rio Panuco,19,sin dato,SIN SEQUIA,SIN REDUCCION,3.7,Muy Baja,32.42,Baja,38.01450304,Baja
Region A - Primeros Quince dias habiles de cada Diciembre,13037,13,37,Metztitlan,Hidalgo,Golfo Norte,IX,Rio Panuco,19,sin dato,SIN SEQUIA,SIN REDUCCION,2.11,Muy Baja,55.91,Media,68.96796451,Alta
Region A - Primeros Quince dias habiles de cada Diciembre,13038,13,38,Mineral del Chico,Hidalgo,Golfo Norte,IX,Rio Panuco,19,sin dato,SIN SEQUIA,SIN REDUCCION,87.88,Muy Alta,95.94,Muy Alta,93.68605003,Muy Alta
Region A - Primeros Quince dias habiles de cada Diciembre,13039,13,39,Mineral del Monte,Hidalgo,Aguas del Valle de Mexico,XIII,Rio Panuco,19,sin dato,SIN SEQUIA,SIN REDUCCION,24.38,Baja,20.84,Baja,64.85324338,Alta
Region A - Primeros Quince dias habiles de cada Diciembre,13040,13,40,La Mision,Hidalgo,Golfo Norte,IX,Rio Panuco,19,sin dato,SIN SEQUIA,SIN REDUCCION,37.83,Baja,40.9,Media,70.56761272,Alta
Region A - Primeros Quince dias habiles de cada Diciembre,13041,13,41,Mixquiahuala de Juarez,Hidalgo,Aguas del Valle de Mexico,XIII,Valle de Mexico,26,sin dato,SIN SEQUIA,SIN REDUCCION,32.35,Baja,9.57,Muy Baja,54.77374642,Media
Region A - Primeros Quince dias habiles de cada Diciembre,13042,13,42,Molango de Escamilla,Hidalgo,Golfo Norte,IX,Rio Panuco,19,sin dato,SIN SEQUIA,SIN REDUCCION,48.41,Media,60.26,Alta,26.86045478,Baja
Region A - Primeros Quince dias habiles de cada Diciembre,13043,13,43,Nicolas Flores,Hidalgo,Golfo Norte,IX,Rio Panuco,19,sin dato,SIN SEQUIA,SIN REDUCCION,99.99,Muy Alta,39.0,Baja,54.94524731,Media
Region A - Primeros Quince dias habiles de cada Diciembre,13044,13,44,Nopala de Villagran,Hidalgo,Golfo Norte,IX,Rio Panuco,19,sin dato,SIN SEQUIA,SIN REDUCCION,83.61,Muy Alta,92.26,Muy Alta,83.4848649,Muy Alta
Region A - Primeros Quince dias habiles de cada Diciembre,13045,13,45,Omitlan de Juarez,Hidalgo,Golfo Norte,IX,Rio Panuco,19,sin dato,SIN SEQUIA,SIN REDUCCION,65.78,Alta,79.44,Alta,46.09712255,Media
Region C - Primeros 8 dias habiles de CADA MES,13046,13,46,San Felipe Orizatlan,Hidalgo,Golfo Norte,IX,Rio Panuco,19,sin dato,SIN SEQUIA,SIN REDUCCION,34.34,Baja,46.13,Media,49.91922812,Media
Region A - Primeros Quince dias habiles de cada Diciembre,13047,13,47,Pacula,Hidalgo,Golfo Norte,IX,Rio Panuco,19,sin dato,SIN SEQUIA,SIN REDUCCION,35.15,Baja,20.31,Baja,95.88356879,Muy Alta
Region A - Primeros Quince dias habiles de cada Diciembre,13048,13,48,Pachuca de Soto,Hidalgo,Aguas del Valle de Mexico,XIII,Valle de Mexico,26,sin dato,SIN SEQUIA,SIN REDUCCION,30.25,Baja,28.7,Baja,10.88549922,Muy Baja
Region A - Primeros Quince dias habiles de cada Diciembre,13049,13,49,Pisaflores,Hidalgo,Golfo Norte,IX,Rio Panuco,19,sin dato,SIN SEQUIA,SIN REDUCCION,35.7,Baja,41.0,Media,51.50140388,Media
Region A - Primeros Quince dias habiles de cada Diciembre,13050,13,50,Progreso de Obregon,Hidalgo,Aguas del Valle de Mexico,XIII,Valle de Mexico,26,sin dato,SIN SEQUIA,SIN REDUCCION,27.97,Baja,13.25,Muy Baja,52.60502858,Media
Region A - Primeros Quince dias habiles de cada Diciembre,13051,13,51,Mineral de la Reforma,Hidalgo,Aguas del Valle de Mexico,XIII,Valle de Mexico,26,sin dato,SIN SEQUIA,SIN REDUCCION,29.72,Baja,22.33,Baja,16.15733327,Muy Baja
Region A - Primeros Quince dias habiles de cada Diciembre,13052,13,52,San Agustin Tlaxiaca,Hidalgo,Aguas del Valle de Mexico,XIII,Valle de Mexico,26,sin dato,SIN SEQUIA,SIN REDUCCION,47.88,Media,25.48,Baja,75.56071147,Alta
Region A - Primeros Quince dias habiles de cada Diciembre,13053,13,53,San Bartolo Tutotepec,Hidalgo,Golfo Centro,X,Rios Tuxpan al Jamapa,20,sin dato,SIN SEQUIA,SIN REDUCCION,23.86,Baja,34.14,Baja,61.27924611,Alta
Region A - Primeros Quince dias habiles de cada Diciembre,13054,13,54,San Salvador,Hidalgo,Aguas del Valle de Mexico,XIII,Valle de Mexico,26,sin dato,SIN SEQUIA,SIN REDUCCION,51.16,Media,12.55,Muy Baja,28.57142886,Baja
Region A - Primeros Quince dias habiles de cada Diciembre,13055,13,55,Santiago de Anaya,Hidalgo,Aguas del Valle de Mexico,XIII,Valle de Mexico,26,sin dato,SIN SEQUIA,SIN REDUCCION,9.75,Muy Baja,27.23,Baja,65.21310985,Alta
Region A - Primeros Quince dias habiles de cada Diciembre,13056,13,56,Santiago Tulantepec de Lugo Guerrero,Hidalgo,Golfo Norte,IX,Rio Panuco,19,sin dato,SIN SEQUIA,SIN REDUCCION,93.66,Muy Alta,99.94,Muy Alta,64.53627892,Alta
Region A - Primeros Quince dias habiles de cada Diciembre,13057,13,57,Singuilucan,Hidalgo,Aguas del Valle de Mexico,XIII,Valle de Mexico,26,sin dato,SIN SEQUIA,SIN REDUCCION,28.51,Baja,12.15,Muy Baja,77.24782217,Alta
Region A - Primeros Quince dias habiles de cada Diciembre,13058,13,58,Tasquillo,Hidalgo,Aguas del Valle de Mexico,XIII,Valle de Mexico,26,sin dato,SIN SEQUIA,SIN REDUCCION,44.22,Media,3.71,Muy Baja,91.77220056,Muy Alta
Region A - Primeros Quince dias habiles de cada Diciembre,13059,13,59,Tecozautla,Hidalgo,Golfo Norte,IX,Rio Panuco,19,sin dato,SIN SEQUIA,SIN REDUCCION,90.06,Muy Alta,90.94,Muy Alta,66.30860566,Alta
Region A - Primeros Quince dias habiles de cada Diciembre,13060,13,60,Tenango de Doria,Hidalgo,Golfo Centro,X,Rios Tuxpan al Jamapa,20,sin dato,SIN SEQUIA,SIN REDUCCION,35.27,Baja,31.73,Baja,22.97337976,Baja
Region A - Primeros Quince dias habiles de cada Diciembre,13061,13,61,Tepeapulco,Hidalgo,Aguas del Valle de Mexico,XIII,Valle de Mexico,26,sin dato,SIN SEQUIA,SIN REDUCCION,31.22,Baja,20.11,Baja,11.38778945,Muy Baja
Region A - Primeros Quince dias habiles de cada Diciembre,13062,13,62,Tepehuacan de Guerrero,Hidalgo,Golfo Norte,IX,Rio Panuco,19,sin dato,SIN SEQUIA,SIN REDUCCION,33.44,Baja,19.58,Muy Baja,43.75059511,Media
Region A - Primeros Quince dias habiles de cada Diciembre,13063,13,63,Tepeji del Rio de Ocampo,Hidalgo,Aguas del Valle de Mexico,XIII,Valle de Mexico,26,sin dato,SIN SEQUIA,SIN REDUCCION,65.21,Alta,30.48,Baja,50.82629059,Media
Region A - Primeros Quince dias habiles de cada Diciembre,13064,13,64,Tepetitlan,Hidalgo,Aguas del Valle de Mexico,XIII,Valle de Mexico,26,sin dato,SIN SEQUIA,SIN REDUCCION,28.48,Baja,17.43,Muy Baja,60.06771775,Alta
Region A - Primeros Quince dias habiles de cada Diciembre,13065,13,65,Tetepango,Hidalgo,Aguas del Valle de Mexico,XIII,Valle de Mexico,26,sin dato,SIN SEQUIA,SIN REDUCCION,33.49,Baja,17.42,Muy Baja,35.60980681,Baja
Region A - Primeros Quince dias habiles de cada Diciembre,13066,13,66,Villa de Tezontepec,Hidalgo,Aguas del Valle de Mexico,XIII,Valle de Mexico,26,sin dato,SIN SEQUIA,SIN REDUCCION,29.72,Baja,31.55,Baja,36.85992324,Baja
Region A - Primeros Quince dias habiles de cada Diciembre,13067,13,67,Tezontepec de Aldama,Hidalgo,Aguas del Valle de Mexico,XIII,Valle de Mexico,26,sin dato,SIN SEQUIA,SIN REDUCCION,25.63,Baja,12.25,Muy Baja,56.4577315,Media
Region A - Primeros Quince dias habiles de cada Diciembre,13068,13,68,Tianguistengo,Hidalgo,Golfo Norte,IX,Rio Panuco,19,sin dato,SIN SEQUIA,SIN REDUCCION,36.82,Baja,23.64,Baja,63.99632439,Alta
Region A - Primeros Quince dias habiles de cada Diciembre,13069,13,69,Tizayuca,Hidalgo,Aguas del Valle de Mexico,XIII,Valle de Mexico,26,sin dato,SIN SEQUIA,SIN REDUCCION,45.81,Media,69.4,Alta,21.72820992,Baja
Region A - Primeros Quince dias habiles de cada Diciembre,13070,13,70,Tlahuelilpan,Hidalgo,Aguas del Valle de Mexico,XIII,Valle de Mexico,26,sin dato,SIN SEQUIA,SIN REDUCCION,37.18,Baja,26.17,Baja,40.60851885,Media
Region A - Primeros Quince dias habiles de cada Diciembre,13071,13,71,Tlahuiltepa,Hidalgo,Golfo Norte,IX,Rio Panuco,19,sin dato,SIN SEQUIA,SIN REDUCCION,46.08,Media,44.72,Media,53.64871768,Media
Region A - Primeros Quince dias habiles de cada Diciembre,13072,13,72,Tlanalapa,Hidalgo,Aguas del Valle de Mexico,XIII,Valle de Mexico,26,sin dato,SIN SEQUIA,SIN REDUCCION,38.57,Baja,17.03,Muy Baja,19.35283966,Muy Baja
Region A - Primeros Quince dias habiles de cada Diciembre,13073,13,73,Tlanchinol,Hidalgo,Golfo Norte,IX,Rio Panuco,19,sin dato,SIN SEQUIA,SIN REDUCCION,28.19,Baja,21.16,Baja,7.286606139,Muy Baja
Region A - Primeros Quince dias habiles de cada Diciembre,13074,13,74,Tlaxcoapan,Hidalgo,Aguas del Valle de Mexico,XIII,Valle de Mexico,26,sin dato,SIN SEQUIA,SIN REDUCCION,40.26,Media,27.62,Baja,50.09316059,Media
Region A - Primeros Quince dias habiles de cada Diciembre,13075,13,75,Tolcayuca,Hidalgo,Aguas del Valle de Mexico,XIII,Valle de Mexico,26,sin dato,SIN SEQUIA,SIN REDUCCION,26.19,Baja,32.41,Baja,17.18222285,Muy Baja
Region A - Primeros Quince dias habiles de cada Diciembre,13076,13,76,Tula de Allende,Hidalgo,Aguas del Valle de Mexico,XIII,Valle de Mexico,26,sin dato,SIN SEQUIA,SIN REDUCCION,32.82,Baja,9.91,Muy Baja,32.21325379,Baja
Region A - Primeros Quince dias habiles de cada Diciembre,13077,13,77,Tulancingo de Bravo,Hidalgo,Golfo Norte,IX,Rio Panuco,19,sin dato,SIN SEQUIA,SIN REDUCCION,8.02,Muy Baja,97.22,Muy Alta,6.644130372,Muy Baja
Region A - Primeros Quince dias habiles de cada Diciembre,13078,13,78,Xochiatipan,Hidalgo,Golfo Norte,IX,Rio Panuco,19,sin dato,SIN SEQUIA,SIN REDUCCION,23.61,Baja,33.64,Baja,47.50895287,Media
Region A - Primeros Quince dias habiles de cada Diciembre,13079,13,79,Xochicoatlan,Hidalgo,Golfo Norte,IX,Rio Panuco,19,sin dato,SIN SEQUIA,SIN REDUCCION,43.68,Media,46.0,Media,27.17689997,Baja
Region A - Primeros Quince dias habiles de cada Diciembre,13080,13,80,Yahualica,Hidalgo,Golfo Norte,IX,Rio Panuco,19,sin dato,SIN SEQUIA,SIN REDUCCION,42.89,Media,30.75,Baja,31.89178327,Baja
Region A - Primeros Quince dias habiles de cada Diciembre,13081,13,81,Zacualtipan de angeles,Hidalgo,Golfo Norte,IX,Rio Panuco,19,sin dato,SIN SEQUIA,SIN REDUCCION,27.41,Baja,62.36,Alta,7.514679559,Muy Baja
Region A - Primeros Quince dias habiles de cada Diciembre,13082,13,82,Zapotlan de Juarez,Hidalgo,Aguas del Valle de Mexico,XIII,Valle de Mexico,26,sin dato,SIN SEQUIA,SIN REDUCCION,12.25,Muy Baja,22.73,Baja,20.13283033,Baja
Region A - Primeros Quince dias habiles de cada Diciembre,13083,13,83,Zempoala,Hidalgo,Aguas del Valle de Mexico,XIII,Valle de Mexico,26,sin dato,SIN SEQUIA,SIN REDUCCION,29.2,Baja,33.07,Baja,35.17268913,Baja
Region A - Primeros Quince dias habiles de cada Diciembre,13084,13,84,Zimapan,Hidalgo,Golfo Norte,IX,Rio Panuco,19,sin dato,SIN SEQUIA,SIN REDUCCION,26.91,Baja,44.78,Media,38.43130552,Baja
Region A - Primeros Quince dias habiles de cada Diciembre,14001,14,1,Acatic,Jalisco,Lerma Santiago Pacifico,VIII,Rio Santiago,16,sin dato,SIN SEQUIA,SIN REDUCCION,68.58,Alta,99.25,Muy Alta,60.5753198,Alta
Region A - Primeros Quince dias habiles de cada Diciembre,14002,14,2,Acatlan de Juarez,Jalisco,Lerma Santiago Pacifico,VIII,Lerma - Chapala,15,sin dato,SIN SEQUIA,SIN REDUCCION,44.06,Media,44.1,Media,31.94256897,Baja
Region A - Primeros Quince dias habiles de cada Diciembre,14003,14,3,Ahualulco de Mercado,Jalisco,Lerma Santiago Pacifico,VIII,Costa Pacifico Centro,17,sin dato,SIN SEQUIA,SIN REDUCCION,42.9,Media,33.44,Baja,15.81171969,Muy Baja
Region A - Primeros Quince dias habiles de cada Diciembre,14004,14,4,Amacueca,Jalisco,Lerma Santiago Pacifico,VIII,Lerma - Chapala,15,sin dato,SIN SEQUIA,SIN REDUCCION,50.34,Media,51.5,Media,42.2838101,Media
Region A - Primeros Quince dias habiles de cada Diciembre,14005,14,5,Amatitan,Jalisco,Lerma Santiago Pacifico,VIII,Rio Santiago,16,sin dato,SIN SEQUIA,SIN REDUCCION,56.97,Media,78.75,Alta,36.22929008,Baja
Region A - Primeros Quince dias habiles de cada Diciembre,14006,14,6,Ameca,Jalisco,Lerma Santiago Pacifico,VIII,Costa Pacifico Centro,17,sin dato,SIN SEQUIA,SIN REDUCCION,17.84,Muy Baja,31.68,Baja,15.76248855,Muy Baja
Region A - Primeros Quince dias habiles de cada Diciembre,14007,14,7,San Juanito de Escobedo,Jalisco,Lerma Santiago Pacifico,VIII,Costa Pacifico Centro,17,sin dato,SIN SEQUIA,SIN REDUCCION,38.76,Baja,3.23,Muy Baja,18.1667549,Muy Baja
Region A - Primeros Quince dias habiles de cada Diciembre,14008,14,8,Arandas,Jalisco,Lerma Santiago Pacifico,VIII,Lerma - Chapala,15,sin dato,SIN SEQUIA,SIN REDUCCION,71.32,Alta,99.68,Muy Alta,54.37634686,Media
Region A - Primeros Quince dias habiles de cada Diciembre,14009,14,9,El Arenal,Jalisco,Lerma Santiago Pacifico,VIII,Rio Santiago,16,sin dato,SIN SEQUIA,SIN REDUCCION,64.66,Alta,63.03,Alta,23.44152791,Baja
Region A - Primeros Quince dias habiles de cada Diciembre,14010,14,10,Atemajac de Brizuela,Jalisco,Lerma Santiago Pacifico,VIII,Costa Pacifico Centro,17,sin dato,SIN SEQUIA,SIN REDUCCION,83.62,Muy Alta,45.36,Media,76.48343213,Alta
Region A - Primeros Quince dias habiles de cada Diciembre,14011,14,11,Atengo,Jalisco,Lerma Santiago Pacifico,VIII,Costa Pacifico Centro,17,sin dato,SIN SEQUIA,SIN REDUCCION,27.98,Baja,49.31,Media,62.63946973,Alta
Region A - Primeros Quince dias habiles de cada Diciembre,14012,14,12,Atenguillo,Jalisco,Lerma Santiago Pacifico,VIII,Costa Pacifico Centro,17,sin dato,SIN SEQUIA,SIN REDUCCION,2.8,Muy Baja,17.43,Muy Baja,6.138092054,Muy Baja
Region A - Primeros Quince dias habiles de cada Diciembre,14013,14,13,Atotonilco el Alto,Jalisco,Lerma Santiago Pacifico,VIII,Lerma - Chapala,15,sin dato,SIN SEQUIA,SIN REDUCCION,73.1,Alta,92.85,Muy Alta,45.74148178,Media
Region A - Primeros Quince dias habiles de cada Diciembre,14014,14,14,Atoyac,Jalisco,Lerma Santiago Pacifico,VIII,Lerma - Chapala,15,sin dato,SIN SEQUIA,SIN REDUCCION,53.25,Media,51.49,Media,59.85380327,Media
Region A - Primeros Quince dias habiles de cada Diciembre,14015,14,15,Autlan de Navarro,Jalisco,Lerma Santiago Pacifico,VIII,Costa Pacifico Centro,17,sin dato,SIN SEQUIA,SIN REDUCCION,36.68,Baja,19.26,Muy Baja,15.21270663,Muy Baja
Region A - Primeros Quince dias habiles de cada Diciembre,14016,14,16,Ayotlan,Jalisco,Lerma Santiago Pacifico,VIII,Lerma - Chapala,15,sin dato,SIN SEQUIA,SIN REDUCCION,86.69,Muy Alta,75.14,Alta,82.41885271,Muy Alta
Region A - Primeros Quince dias habiles de cada Diciembre,14017,14,17,Ayutla,Jalisco,Lerma Santiago Pacifico,VIII,Costa Pacifico Centro,17,sin dato,SIN SEQUIA,SIN REDUCCION,41.6,Media,45.11,Media,36.75998376,Baja
Region A - Primeros Quince dias habiles de cada Diciembre,14018,14,18,La Barca,Jalisco,Lerma Santiago Pacifico,VIII,Lerma - Chapala,15,sin dato,SIN SEQUIA,SIN REDUCCION,76.69,Alta,82.97,Muy Alta,48.0271234,Media
Region A - Primeros Quince dias habiles de cada Diciembre,14019,14,19,Bolanos,Jalisco,Lerma Santiago Pacifico,VIII,Rio Santiago,16,sin dato,SIN SEQUIA,SIN REDUCCION,2.22,Muy Baja,54.55,Media,99.91474298,Muy Alta
Region A - Primeros Quince dias habiles de cada Diciembre,14020,14,20,Cabo Corrientes,Jalisco,Lerma Santiago Pacifico,VIII,Costa Pacifico Centro,17,sin dato,SIN SEQUIA,SIN REDUCCION,39.52,Baja,35.8,Baja,48.45223214,Media
Region A - Primeros Quince dias habiles de cada Diciembre,14021,14,21,Casimiro Castillo,Jalisco,Lerma Santiago Pacifico,VIII,Costa Pacifico Centro,17,sin dato,SIN SEQUIA,SIN REDUCCION,52.93,Media,32.9,Baja,23.64332387,Baja
Region A - Primeros Quince dias habiles de cada Diciembre,14022,14,22,Cihuatlan,Jalisco,Lerma Santiago Pacifico,VIII,Costa Pacifico Centro,17,sin dato,SIN SEQUIA,SIN REDUCCION,31.91,Baja,39.2,Baja,28.67505537,Baja
Region A - Primeros Quince dias habiles de cada Diciembre,14023,14,23,Zapotlan el Grande,Jalisco,Lerma Santiago Pacifico,VIII,Lerma - Chapala,15,sin dato,SIN SEQUIA,SIN REDUCCION,34.02,Baja,30.59,Baja,13.95543675,Muy Baja
Region A - Primeros Quince dias habiles de cada Diciembre,14024,14,24,Cocula,Jalisco,Lerma Santiago Pacifico,VIII,Costa Pacifico Centro,17,sin dato,SIN SEQUIA,SIN REDUCCION,35.55,Baja,52.27,Media,26.31359401,Baja
Region A - Primeros Quince dias habiles de cada Diciembre,14025,14,25,Colotlan,Jalisco,Lerma Santiago Pacifico,VIII,Rio Santiago,16,sin dato,SIN SEQUIA,SIN REDUCCION,4.69,Muy Baja,25.06,Baja,9.997312241,Muy Baja
Region A - Primeros Quince dias habiles de cada Diciembre,14026,14,26,Concepcion de Buenos Aires,Jalisco,Lerma Santiago Pacifico,VIII,Lerma - Chapala,15,sin dato,SIN SEQUIA,SIN REDUCCION,46.88,Media,54.07,Media,41.90433892,Media
Region A - Primeros Quince dias habiles de cada Diciembre,14027,14,27,Cuautitlan de Garcia Barragan,Jalisco,Lerma Santiago Pacifico,VIII,Costa Pacifico Centro,17,sin dato,SIN SEQUIA,SIN REDUCCION,91.77,Muy Alta,23.19,Baja,89.447774,Muy Alta
Region A - Primeros Quince dias habiles de cada Diciembre,14028,14,28,Cuautla,Jalisco,Lerma Santiago Pacifico,VIII,Costa Pacifico Centro,17,sin dato,SIN SEQUIA,SIN REDUCCION,78.8,Alta,26.33,Baja,33.13542323,Baja
Region A - Primeros Quince dias habiles de cada Diciembre,14029,14,29,Cuquio,Jalisco,Lerma Santiago Pacifico,VIII,Rio Santiago,16,sin dato,SIN SEQUIA,SIN REDUCCION,43.41,Media,43.5,Media,42.15808353,Media
Region A - Primeros Quince dias habiles de cada Diciembre,14030,14,30,Chapala,Jalisco,Lerma Santiago Pacifico,VIII,Lerma - Chapala,15,sin dato,SIN SEQUIA,SIN REDUCCION,72.95,Alta,72.92,Alta,47.5874223,Media
Region A - Primeros Quince dias habiles de cada Diciembre,14031,14,31,Chimaltitan,Jalisco,Lerma Santiago Pacifico,VIII,Rio Santiago,16,sin dato,SIN SEQUIA,SIN REDUCCION,33.84,Baja,4.65,Muy Baja,93.59220863,Muy Alta
Region A - Primeros Quince dias habiles de cada Diciembre,14032,14,32,Chiquilistlan,Jalisco,Lerma Santiago Pacifico,VIII,Costa Pacifico Centro,17,sin dato,SIN SEQUIA,SIN REDUCCION,66.95,Alta,46.13,Media,52.09878522,Media
Region A - Primeros Quince dias habiles de cada Diciembre,14033,14,33,Degollado,Jalisco,Lerma Santiago Pacifico,VIII,Lerma - Chapala,15,sin dato,SIN SEQUIA,SIN REDUCCION,86.54,Muy Alta,74.5,Alta,85.14243145,Muy Alta
Region A - Primeros Quince dias habiles de cada Diciembre,14034,14,34,Ejutla,Jalisco,Lerma Santiago Pacifico,VIII,Costa Pacifico Centro,17,sin dato,SIN SEQUIA,SIN REDUCCION,51.56,Media,27.74,Baja,44.98958858,Media
Region A - Primeros Quince dias habiles de cada Diciembre,14035,14,35,Encarnacion de Diaz,Jalisco,Lerma Santiago Pacifico,VIII,Rio Santiago,16,sin dato,SIN SEQUIA,SIN REDUCCION,67.11,Alta,46.77,Media,45.37154017,Media
Region A - Primeros Quince dias habiles de cada Diciembre,14036,14,36,Etzatlan,Jalisco,Lerma Santiago Pacifico,VIII,Costa Pacifico Centro,17,sin dato,SIN SEQUIA,SIN REDUCCION,31.75,Baja,33.85,Baja,15.22230117,Muy Baja
Region A - Primeros Quince dias habiles de cada Diciembre,14037,14,37,El Grullo,Jalisco,Lerma Santiago Pacifico,VIII,Costa Pacifico Centro,17,sin dato,SIN SEQUIA,SIN REDUCCION,63.31,Alta,50.33,Media,31.16684766,Baja
Region A - Primeros Quince dias habiles de cada Diciembre,14038,14,38,Guachinango,Jalisco,Lerma Santiago Pacifico,VIII,Costa Pacifico Centro,17,sin dato,SIN SEQUIA,SIN REDUCCION,4.77,Muy Baja,11.88,Muy Baja,33.20976446,Baja
Region A - Primeros Quince dias habiles de cada Diciembre,14039,14,39,Guadalajara,Jalisco,Lerma Santiago Pacifico,VIII,Rio Santiago,16,sin dato,SIN SEQUIA,SIN REDUCCION,67.41,Alta,100.0,Muy Alta,5.038466536,Muy Baja
Region A - Primeros Quince dias habiles de cada Diciembre,14040,14,40,Hostotipaquillo,Jalisco,Lerma Santiago Pacifico,VIII,Rio Santiago,16,sin dato,SIN SEQUIA,SIN REDUCCION,33.72,Baja,42.33,Media,66.45640169,Alta
Region A - Primeros Quince dias habiles de cada Diciembre,14041,14,41,Huejucar,Jalisco,Lerma Santiago Pacifico,VIII,Rio Santiago,16,sin dato,SIN SEQUIA,SIN REDUCCION,21.36,Baja,19.49,Muy Baja,55.43660072,Media
Region A - Primeros Quince dias habiles de cada Diciembre,14042,14,42,Huejuquilla el Alto,Jalisco,Lerma Santiago Pacifico,VIII,Rio Santiago,16,sin dato,SIN SEQUIA,SIN REDUCCION,18.53,Muy Baja,9.7,Muy Baja,58.01671116,Media
Region A - Primeros Quince dias habiles de cada Diciembre,14043,14,43,La Huerta,Jalisco,Lerma Santiago Pacifico,VIII,Costa Pacifico Centro,17,sin dato,SIN SEQUIA,SIN REDUCCION,37.41,Baja,16.88,Muy Baja,36.99463727,Baja
Region A - Primeros Quince dias habiles de cada Diciembre,14044,14,44,Ixtlahuacan de los Membrillos,Jalisco,Lerma Santiago Pacifico,VIII,Rio Santiago,16,sin dato,SIN SEQUIA,SIN REDUCCION,95.7,Muy Alta,91.39,Muy Alta,50.97684671,Media
Region A - Primeros Quince dias habiles de cada Diciembre,14045,14,45,Ixtlahuacan del Rio,Jalisco,Lerma Santiago Pacifico,VIII,Rio Santiago,16,sin dato,SIN SEQUIA,SIN REDUCCION,26.9,Baja,41.3,Media,73.7448986,Alta
Region A - Primeros Quince dias habiles de cada Diciembre,14046,14,46,Jalostotitlan,Jalisco,Lerma Santiago Pacifico,VIII,Rio Santiago,16,sin dato,SIN SEQUIA,SIN REDUCCION,65.04,Alta,66.29,Alta,64.51892805,Alta
Region A - Primeros Quince dias habiles de cada Diciembre,14047,14,47,Jamay,Jalisco,Lerma Santiago Pacifico,VIII,Lerma - Chapala,15,sin dato,SIN SEQUIA,SIN REDUCCION,76.17,Alta,74.44,Alta,52.99702277,Media
Region A - Primeros Quince dias habiles de cada Diciembre,14048,14,48,Jesus Maria,Jalisco,Lerma Santiago Pacifico,VIII,Lerma - Chapala,15,sin dato,SIN SEQUIA,SIN REDUCCION,86.22,Muy Alta,97.42,Muy Alta,92.42365078,Muy Alta
Region A - Primeros Quince dias habiles de cada Diciembre,14049,14,49,Jilotlan de los Dolores,Jalisco,Balsas,IV,Rio Balsas,9,sin dato,SIN SEQUIA,SIN REDUCCION,70.11,Alta,70.45,Alta,76.29,Alta
Region A - Primeros Quince dias habiles de cada Diciembre,14050,14,50,Jocotepec,Jalisco,Lerma Santiago Pacifico,VIII,Lerma - Chapala,15,sin dato,SIN SEQUIA,SIN REDUCCION,70.3,Alta,85.44,Muy Alta,46.06811975,Media
Region A - Primeros Quince dias habiles de cada Diciembre,14051,14,51,Juanacatlan,Jalisco,Lerma Santiago Pacifico,VIII,Rio Santiago,16,sin dato,SIN SEQUIA,SIN REDUCCION,100.0,Muy Alta,92.41,Muy Alta,69.96517036,Alta
Region A - Primeros Quince dias habiles de cada Diciembre,14052,14,52,Juchitlan,Jalisco,Lerma Santiago Pacifico,VIII,Costa Pacifico Centro,17,sin dato,SIN SEQUIA,SIN REDUCCION,62.88,Alta,52.35,Media,53.53155951,Media
Region A - Primeros Quince dias habiles de cada Diciembre,14053,14,53,Lagos de Moreno,Jalisco,Lerma Santiago Pacifico,VIII,Rio Santiago,16,D0,PRE-ALERTA,10%,45.64,Media,64.38,Alta,56.88944697,Media
Region A - Primeros Quince dias habiles de cada Diciembre,14054,14,54,El Limon,Jalisco,Lerma Santiago Pacifico,VIII,Costa Pacifico Centro,17,sin dato,SIN SEQUIA,SIN REDUCCION,49.48,Media,33.32,Baja,35.90120282,Baja
Region A - Primeros Quince dias habiles de cada Diciembre,14055,14,55,Magdalena,Jalisco,Lerma Santiago Pacifico,VIII,Rio Santiago,16,sin dato,SIN SEQUIA,SIN REDUCCION,29.31,Baja,42.52,Media,36.45423894,Baja
Region A - Primeros Quince dias habiles de cada Diciembre,14056,14,56,Santa Maria del Oro,Jalisco,Balsas,IV,Rio Balsas,9,sin dato,SIN SEQUIA,SIN REDUCCION,92.1,Muy Alta,78.86,Alta,95.01,Muy Alta
Region A - Primeros Quince dias habiles de cada Diciembre,14057,14,57,La Manzanilla de la Paz,Jalisco,Lerma Santiago Pacifico,VIII,Lerma - Chapala,15,sin dato,SIN SEQUIA,SIN REDUCCION,61.13,Alta,54.1,Media,73.46249407,Alta
Region A - Primeros Quince dias habiles de cada Diciembre,14058,14,58,Mascota,Jalisco,Lerma Santiago Pacifico,VIII,Costa Pacifico Centro,17,sin dato,SIN SEQUIA,SIN REDUCCION,19.72,Muy Baja,43.21,Media,36.34005884,Baja
Region A - Primeros Quince dias habiles de cada Diciembre,14059,14,59,Mazamitla,Jalisco,Lerma Santiago Pacifico,VIII,Costa Pacifico Centro,17,sin dato,SIN SEQUIA,SIN REDUCCION,64.74,Alta,55.71,Media,45.01148878,Media
Region A - Primeros Quince dias habiles de cada Diciembre,14060,14,60,Mexticacan,Jalisco,Lerma Santiago Pacifico,VIII,Rio Santiago,16,sin dato,SIN SEQUIA,SIN REDUCCION,31.58,Baja,27.15,Baja,57.98237971,Media
Region A - Primeros Quince dias habiles de cada Diciembre,14061,14,61,Mezquitic,Jalisco,Lerma Santiago Pacifico,VIII,Rio Santiago,16,sin dato,SIN SEQUIA,SIN REDUCCION,12.16,Muy Baja,42.92,Media,100.0,Muy Alta
Region A - Primeros Quince dias habiles de cada Diciembre,14062,14,62,Mixtlan,Jalisco,Lerma Santiago Pacifico,VIII,Costa Pacifico Centro,17,sin dato,SIN SEQUIA,SIN REDUCCION,4.29,Muy Baja,25.65,Baja,28.20130772,Baja
Region A - Primeros Quince dias habiles de cada Diciembre,14063,14,63,Ocotlan,Jalisco,Lerma Santiago Pacifico,VIII,Lerma - Chapala,15,sin dato,SIN SEQUIA,SIN REDUCCION,78.7,Alta,86.43,Muy Alta,37.63794352,Baja
Region A - Primeros Quince dias habiles de cada Diciembre,14064,14,64,Ojuelos de Jalisco,Jalisco,Lerma Santiago Pacifico,VIII,Rio Santiago,16,sin dato,SIN SEQUIA,SIN REDUCCION,5.9,Muy Baja,49.1,Media,69.93262542,Alta
Region A - Primeros Quince dias habiles de cada Diciembre,14065,14,65,Pihuamo,Jalisco,Lerma Santiago Pacifico,VIII,Costa Pacifico Centro,17,sin dato,SIN SEQUIA,SIN REDUCCION,34.03,Baja,35.11,Baja,54.60942731,Media
Region A - Primeros Quince dias habiles de cada Diciembre,14066,14,66,Poncitlan,Jalisco,Lerma Santiago Pacifico,VIII,Lerma - Chapala,15,sin dato,SIN SEQUIA,SIN REDUCCION,85.38,Muy Alta,30.13,Baja,74.61679199,Alta
Region A - Primeros Quince dias habiles de cada Diciembre,14067,14,67,Puerto Vallarta,Jalisco,Lerma Santiago Pacifico,VIII,Costa Pacifico Centro,17,sin dato,SIN SEQUIA,SIN REDUCCION,10.07,Muy Baja,45.33,Media,6.650153645,Muy Baja
Region A - Primeros Quince dias habiles de cada Diciembre,14068,14,68,Villa Purificacion,Jalisco,Lerma Santiago Pacifico,VIII,Costa Pacifico Centro,17,sin dato,SIN SEQUIA,SIN REDUCCION,38.14,Baja,32.99,Baja,17.92091276,Muy Baja
Region A - Primeros Quince dias habiles de cada Diciembre,14069,14,69,Quitupan,Jalisco,Balsas,IV,Rio Balsas,9,sin dato,SIN SEQUIA,SIN REDUCCION,82.76,Muy Alta,59.88,Media,93.51,Muy Alta
Region A - Primeros Quince dias habiles de cada Diciembre,14070,14,70,El Salto,Jalisco,Lerma Santiago Pacifico,VIII,Rio Santiago,16,sin dato,SIN SEQUIA,SIN REDUCCION,99.7,Muy Alta,99.96,Muy Alta,89.95588449,Muy Alta
Region A - Primeros Quince dias habiles de cada Diciembre,14071,14,71,San Cristobal de la Barranca,Jalisco,Lerma Santiago Pacifico,VIII,Rio Santiago,16,sin dato,SIN SEQUIA,SIN REDUCCION,26.07,Baja,23.11,Baja,86.80977776,Muy Alta
Region A - Primeros Quince dias habiles de cada Diciembre,14072,14,72,San Diego de Alejandria,Jalisco,Lerma Santiago Pacifico,VIII,Lerma - Chapala,15,sin dato,SIN SEQUIA,SIN REDUCCION,71.02,Alta,71.02,Alta,70.87719976,Alta
Region A - Primeros Quince dias habiles de cada Diciembre,14073,14,73,San Juan de los Lagos,Jalisco,Lerma Santiago Pacifico,VIII,Rio Santiago,16,sin dato,SIN SEQUIA,SIN REDUCCION,53.77,Media,99.45,Muy Alta,47.19595377,Media
Region A - Primeros Quince dias habiles de cada Diciembre,14074,14,74,San Julian,Jalisco,Lerma Santiago Pacifico,VIII,Rio Santiago,16,sin dato,SIN SEQUIA,SIN REDUCCION,61.22,Alta,67.54,Alta,65.91072916,Alta
Region A - Primeros Quince dias habiles de cada Diciembre,14075,14,75,San Marcos,Jalisco,Lerma Santiago Pacifico,VIII,Costa Pacifico Centro,17,sin dato,SIN SEQUIA,SIN REDUCCION,24.55,Baja,23.57,Baja,22.61632276,Baja
Region A - Primeros Quince dias habiles de cada Diciembre,14076,14,76,San Martin de Bolanos,Jalisco,Lerma Santiago Pacifico,VIII,Rio Santiago,16,sin dato,SIN SEQUIA,SIN REDUCCION,5.8,Muy Baja,8.95,Muy Baja,34.35885107,Baja
Region A - Primeros Quince dias habiles de cada Diciembre,14077,14,77,San Martin Hidalgo,Jalisco,Lerma Santiago Pacifico,VIII,Costa Pacifico Centro,17,sin dato,SIN SEQUIA,SIN REDUCCION,42.65,Media,43.1,Media,15.75845733,Muy Baja
Region A - Primeros Quince dias habiles de cada Diciembre,14078,14,78,San Miguel el Alto,Jalisco,Lerma Santiago Pacifico,VIII,Rio Santiago,16,sin dato,SIN SEQUIA,SIN REDUCCION,40.22,Media,69.64,Alta,33.2224574,Baja
Region A - Primeros Quince dias habiles de cada Diciembre,14079,14,79,Gomez Farias,Jalisco,Lerma Santiago Pacifico,VIII,Costa Pacifico Centro,17,sin dato,SIN SEQUIA,SIN REDUCCION,61.7,Alta,47.73,Media,19.25350616,Muy Baja
Region A - Primeros Quince dias habiles de cada Diciembre,14080,14,80,San Sebastian del Oeste,Jalisco,Lerma Santiago Pacifico,VIII,Costa Pacifico Centro,17,sin dato,SIN SEQUIA,SIN REDUCCION,25.87,Baja,21.45,Baja,52.99741798,Media
Region A - Primeros Quince dias habiles de cada Diciembre,14081,14,81,Santa Maria de los angeles,Jalisco,Lerma Santiago Pacifico,VIII,Rio Santiago,16,sin dato,SIN SEQUIA,SIN REDUCCION,40.78,Media,27.92,Baja,65.94468847,Alta
Region A - Primeros Quince dias habiles de cada Diciembre,14082,14,82,Sayula,Jalisco,Lerma Santiago Pacifico,VIII,Lerma - Chapala,15,sin dato,SIN SEQUIA,SIN REDUCCION,85.45,Muy Alta,64.57,Alta,37.74654423,Baja
Region A - Primeros Quince dias habiles de cada Diciembre,14083,14,83,Tala,Jalisco,Lerma Santiago Pacifico,VIII,Costa Pacifico Centro,17,sin dato,SIN SEQUIA,SIN REDUCCION,18.4,Muy Baja,4.84,Muy Baja,18.42053661,Muy Baja
Region A - Primeros Quince dias habiles de cada Diciembre,14084,14,84,Talpa de Allende,Jalisco,Lerma Santiago Pacifico,VIII,Costa Pacifico Centro,17,sin dato,SIN SEQUIA,SIN REDUCCION,66.22,Alta,56.62,Media,21.80355052,Baja
Region A - Primeros Quince dias habiles de cada Diciembre,14085,14,85,Tamazula de Gordiano,Jalisco,Lerma Santiago Pacifico,VIII,Costa Pacifico Centro,17,sin dato,SIN SEQUIA,SIN REDUCCION,48.58,Media,47.25,Media,49.0826161,Media
Region A - Primeros Quince dias habiles de cada Diciembre,14086,14,86,Tapalpa,Jalisco,Lerma Santiago Pacifico,VIII,Costa Pacifico Centro,17,sin dato,SIN SEQUIA,SIN REDUCCION,63.86,Alta,38.58,Baja,68.90462996,Alta
Region A - Primeros Quince dias habiles de cada Diciembre,14087,14,87,Tecalitlan,Jalisco,Lerma Santiago Pacifico,VIII,Costa Pacifico Centro,17,sin dato,SIN SEQUIA,SIN REDUCCION,54.31,Media,46.78,Media,58.87503254,Media
Region A - Primeros Quince dias habiles de cada Diciembre,14088,14,88,Tecolotlan,Jalisco,Lerma Santiago Pacifico,VIII,Costa Pacifico Centro,17,sin dato,SIN SEQUIA,SIN REDUCCION,32.84,Baja,57.74,Media,49.63754198,Media
Region A - Primeros Quince dias habiles de cada Diciembre,14089,14,89,Techaluta de Montenegro,Jalisco,Lerma Santiago Pacifico,VIII,Lerma - Chapala,15,sin dato,SIN SEQUIA,SIN REDUCCION,55.65,Media,38.16,Baja,50.52068364,Media
Region A - Primeros Quince dias habiles de cada Diciembre,14090,14,90,Tenamaxtlan,Jalisco,Lerma Santiago Pacifico,VIII,Costa Pacifico Centro,17,sin dato,SIN SEQUIA,SIN REDUCCION,56.63,Media,59.03,Media,34.05409408,Baja
Region A - Primeros Quince dias habiles de cada Diciembre,14091,14,91,Teocaltiche,Jalisco,Lerma Santiago Pacifico,VIII,Rio Santiago,16,sin dato,SIN SEQUIA,SIN REDUCCION,29.51,Baja,32.93,Baja,38.96523339,Baja
Region A - Primeros Quince dias habiles de cada Diciembre,14092,14,92,Teocuitatlan de Corona,Jalisco,Lerma Santiago Pacifico,VIII,Lerma - Chapala,15,sin dato,SIN SEQUIA,SIN REDUCCION,54.94,Media,43.53,Media,63.93390487,Alta
Region A - Primeros Quince dias habiles de cada Diciembre,14093,14,93,Tepatitlan de Morelos,Jalisco,Lerma Santiago Pacifico,VIII,Rio Santiago,16,sin dato,SIN SEQUIA,SIN REDUCCION,81.08,Muy Alta,100.0,Muy Alta,53.42165811,Media
Region A - Primeros Quince dias habiles de cada Diciembre,14094,14,94,Tequila,Jalisco,Lerma Santiago Pacifico,VIII,Rio Santiago,16,sin dato,SIN SEQUIA,SIN REDUCCION,11.62,Muy Baja,84.86,Muy Alta,28.00897601,Baja
Region A - Primeros Quince dias habiles de cada Diciembre,14095,14,95,Teuchitlan,Jalisco,Lerma Santiago Pacifico,VIII,Costa Pacifico Centro,17,sin dato,SIN SEQUIA,SIN REDUCCION,47.63,Media,54.91,Media,39.16649801,Baja
Region A - Primeros Quince dias habiles de cada Diciembre,14096,14,96,Tizapan el Alto,Jalisco,Lerma Santiago Pacifico,VIII,Lerma - Chapala,15,sin dato,SIN SEQUIA,SIN REDUCCION,60.28,Alta,69.13,Alta,60.06718606,Alta
Region A - Primeros Quince dias habiles de cada Diciembre,14097,14,97,Tlajomulco de Zuniga,Jalisco,Lerma Santiago Pacifico,VIII,Rio Santiago,16,sin dato,SIN SEQUIA,SIN REDUCCION,85.17,Muy Alta,84.48,Muy Alta,6.361902141,Muy Baja
Region A - Primeros Quince dias habiles de cada Diciembre,14098,14,98,Tlaquepaque,Jalisco,Lerma Santiago Pacifico,VIII,Rio Santiago,16,sin dato,SIN SEQUIA,SIN REDUCCION,84.44,Muy Alta,99.99,Muy Alta,50.02941314,Media
Region A - Primeros Quince dias habiles de cada Diciembre,14099,14,99,Toliman,Jalisco,Lerma Santiago Pacifico,VIII,Costa Pacifico Centro,17,sin dato,SIN SEQUIA,SIN REDUCCION,10.57,Muy Baja,12.24,Muy Baja,64.25926292,Alta
Region A - Primeros Quince dias habiles de cada Diciembre,14100,14,100,Tomatlan,Jalisco,Lerma Santiago Pacifico,VIII,Costa Pacifico Centro,17,sin dato,SIN SEQUIA,SIN REDUCCION,35.07,Baja,36.25,Baja,8.010522347,Muy Baja
Region A - Primeros Quince dias habiles de cada Diciembre,14101,14,101,Tonala,Jalisco,Lerma Santiago Pacifico,VIII,Rio Santiago,16,sin dato,SIN SEQUIA,SIN REDUCCION,83.87,Muy Alta,99.49,Muy Alta,20.77808507,Baja
Region A - Primeros Quince dias habiles de cada Diciembre,14102,14,102,Tonaya,Jalisco,Lerma Santiago Pacifico,VIII,Costa Pacifico Centro,17,sin dato,SIN SEQUIA,SIN REDUCCION,24.63,Baja,47.08,Media,38.88537094,Baja
Region A - Primeros Quince dias habiles de cada Diciembre,14103,14,103,Tonila,Jalisco,Lerma Santiago Pacifico,VIII,Costa Pacifico Centro,17,sin dato,SIN SEQUIA,SIN REDUCCION,21.49,Baja,36.24,Baja,33.12137923,Baja
Region A - Primeros Quince dias habiles de cada Diciembre,14104,14,104,Totatiche,Jalisco,Lerma Santiago Pacifico,VIII,Rio Santiago,16,sin dato,SIN SEQUIA,SIN REDUCCION,25.64,Baja,11.18,Muy Baja,38.5636516,Baja
Region A - Primeros Quince dias habiles de cada Diciembre,14105,14,105,Tototlan,Jalisco,Lerma Santiago Pacifico,VIII,Lerma - Chapala,15,sin dato,SIN SEQUIA,SIN REDUCCION,58.16,Media,84.61,Muy Alta,61.90853701,Alta
Region A - Primeros Quince dias habiles de cada Diciembre,14106,14,106,Tuxcacuesco,Jalisco,Lerma Santiago Pacifico,VIII,Costa Pacifico Centro,17,sin dato,SIN SEQUIA,SIN REDUCCION,16.74,Muy Baja,15.83,Muy Baja,55.89154444,Media
Region A - Primeros Quince dias habiles de cada Diciembre,14107,14,107,Tuxcueca,Jalisco,Lerma Santiago Pacifico,VIII,Lerma - Chapala,15,sin dato,SIN SEQUIA,SIN REDUCCION,78.74,Alta,59.96,Media,74.49136174,Alta
Region A - Primeros Quince dias habiles de cada Diciembre,14108,14,108,Tuxpan,Jalisco,Lerma Santiago Pacifico,VIII,Costa Pacifico Centro,17,sin dato,SIN SEQUIA,SIN REDUCCION,49.62,Media,57.15,Media,24.63665638,Baja
Region A - Primeros Quince dias habiles de cada Diciembre,14109,14,109,Union de San Antonio,Jalisco,Lerma Santiago Pacifico,VIII,Rio Santiago,16,sin dato,SIN SEQUIA,SIN REDUCCION,78.43,Alta,70.73,Alta,82.43086814,Muy Alta
Region A - Primeros Quince dias habiles de cada Diciembre,14110,14,110,Union de Tula,Jalisco,Lerma Santiago Pacifico,VIII,Costa Pacifico Centro,17,sin dato,SIN SEQUIA,SIN REDUCCION,48.97,Media,44.75,Media,22.50101461,Baja
Region A - Primeros Quince dias habiles de cada Diciembre,14111,14,111,Valle de Guadalupe,Jalisco,Lerma Santiago Pacifico,VIII,Rio Santiago,16,sin dato,SIN SEQUIA,SIN REDUCCION,52.9,Media,69.75,Alta,24.93110775,Baja
Region A - Primeros Quince dias habiles de cada Diciembre,14112,14,112,Valle de Juarez,Jalisco,Lerma Santiago Pacifico,VIII,Rio Balsas,9,sin dato,SIN SEQUIA,SIN REDUCCION,87.1,Muy Alta,58.2,Media,48.56681923,Media
Region A - Primeros Quince dias habiles de cada Diciembre,14113,14,113,San Gabriel,Jalisco,Lerma Santiago Pacifico,VIII,Costa Pacifico Centro,17,sin dato,SIN SEQUIA,SIN REDUCCION,17.95,Muy Baja,37.38,Baja,54.12460613,Media
Region A - Primeros Quince dias habiles de cada Diciembre,14114,14,114,Villa Corona,Jalisco,Lerma Santiago Pacifico,VIII,Costa Pacifico Centro,17,sin dato,SIN SEQUIA,SIN REDUCCION,63.72,Alta,35.0,Baja,41.93475807,Media
Region A - Primeros Quince dias habiles de cada Diciembre,14115,14,115,Villa Guerrero,Jalisco,Lerma Santiago Pacifico,VIII,Rio Santiago,16,sin dato,SIN SEQUIA,SIN REDUCCION,11.84,Muy Baja,16.43,Muy Baja,52.64791119,Media
Region A - Primeros Quince dias habiles de cada Diciembre,14116,14,116,Villa Hidalgo,Jalisco,Lerma Santiago Pacifico,VIII,Rio Santiago,16,sin dato,SIN SEQUIA,SIN REDUCCION,23.09,Baja,56.76,Media,44.12338147,Media
Region A - Primeros Quince dias habiles de cada Diciembre,14117,14,117,Canadas de Obregon,Jalisco,Lerma Santiago Pacifico,VIII,Rio Santiago,16,sin dato,SIN SEQUIA,SIN REDUCCION,84.48,Muy Alta,38.28,Baja,67.57860052,Alta
Region A - Primeros Quince dias habiles de cada Diciembre,14118,14,118,Yahualica de Gonzalez Gallo,Jalisco,Lerma Santiago Pacifico,VIII,Rio Santiago,16,sin dato,SIN SEQUIA,SIN REDUCCION,49.44,Media,40.26,Media,52.23575712,Media
Region A - Primeros Quince dias habiles de cada Diciembre,14119,14,119,Zacoalco de Torres,Jalisco,Lerma Santiago Pacifico,VIII,Lerma - Chapala,15,sin dato,SIN SEQUIA,SIN REDUCCION,61.81,Alta,52.99,Media,56.59622875,Media
Region A - Primeros Quince dias habiles de cada Diciembre,14120,14,120,Zapopan,Jalisco,Lerma Santiago Pacifico,VIII,Rio Santiago,16,sin dato,SIN SEQUIA,SIN REDUCCION,65.37,Alta,88.16,Muy Alta,3.491168198,Muy Baja
Region A - Primeros Quince dias habiles de cada Diciembre,14121,14,121,Zapotiltic,Jalisco,Lerma Santiago Pacifico,VIII,Costa Pacifico Centro,17,sin dato,SIN SEQUIA,SIN REDUCCION,57.6,Media,40.5,Media,34.04558312,Baja
Region A - Primeros Quince dias habiles de cada Diciembre,14122,14,122,Zapotitlan de Vadillo,Jalisco,Lerma Santiago Pacifico,VIII,Costa Pacifico Centro,17,sin dato,SIN SEQUIA,SIN REDUCCION,51.77,Media,51.26,Media,41.02626607,Media
Region A - Primeros Quince dias habiles de cada Diciembre,14123,14,123,Zapotlan del Rey,Jalisco,Lerma Santiago Pacifico,VIII,Lerma - Chapala,15,sin dato,SIN SEQUIA,SIN REDUCCION,78.46,Alta,75.01,Alta,66.09725323,Alta
Region A - Primeros Quince dias habiles de cada Diciembre,14124,14,124,Zapotlanejo,Jalisco,Lerma Santiago Pacifico,VIII,Rio Santiago,16,sin dato,SIN SEQUIA,SIN REDUCCION,87.7,Muy Alta,88.78,Muy Alta,84.66822867,Muy Alta
Region A - Primeros Quince dias habiles de cada Diciembre,14125,14,125,San Ignacio Cerro Gordo,Jalisco,Lerma Santiago Pacifico,VIII,Rio Santiago,16,sin dato,SIN SEQUIA,SIN REDUCCION,100.0,Muy Alta,67.86,Alta,82.35321551,Muy Alta
Region A - Primeros Quince dias habiles de cada Diciembre,15001,15,1,Acambay,Estado de México,Golfo Norte,IX,Lerma - Chapala,15,sin dato,SIN SEQUIA,SIN REDUCCION,73.84,Alta,52.8,Media,98.50848814,Muy Alta
Region A - Primeros Quince dias habiles de cada Diciembre,15002,15,2,Acolman,Estado de México,Aguas del Valle de Mexico,XIII,Valle de Mexico,26,sin dato,SIN SEQUIA,SIN REDUCCION,38.16,Baja,49.03,Media,70.54135624,Alta
Region A - Primeros Quince dias habiles de cada Diciembre,15003,15,3,Aculco,Estado de México,Golfo Norte,IX,Rio Panuco,19,sin dato,SIN SEQUIA,SIN REDUCCION,56.34,Media,43.57,Media,97.85748759,Muy Alta
Region A - Primeros Quince dias habiles de cada Diciembre,15004,15,4,Almoloya de Alquisiras,Estado de México,Balsas,IV,Rio Balsas,9,sin dato,SIN SEQUIA,SIN REDUCCION,59.93,Media,51.82,Media,44.64,Media
Region A - Primeros Quince dias habiles de cada Diciembre,15005,15,5,Almoloya de Juarez,Estado de México,Lerma Santiago Pacifico,VIII,Lerma - Chapala,15,sin dato,SIN SEQUIA,SIN REDUCCION,83.16,Muy Alta,38.87,Baja,79.55335884,Alta
Region A - Primeros Quince dias habiles de cada Diciembre,15006,15,6,Almoloya del Rio,Estado de México,Lerma Santiago Pacifico,VIII,Lerma - Chapala,15,sin dato,SIN SEQUIA,SIN REDUCCION,37.21,Baja,92.88,Muy Alta,13.83562075,Muy Baja
Region A - Primeros Quince dias habiles de cada Diciembre,15007,15,7,Amanalco,Estado de México,Balsas,IV,Rio Balsas,9,sin dato,SIN SEQUIA,SIN REDUCCION,18.69,Muy Baja,87.2,Muy Alta,89.9,Muy Alta
Region A - Primeros Quince dias habiles de cada Diciembre,15008,15,8,Amatepec,Estado de México,Balsas,IV,Rio Balsas,9,sin dato,SIN SEQUIA,SIN REDUCCION,32.25,Baja,38.61,Baja,66.29,Alta
Region A - Primeros Quince dias habiles de cada Diciembre,15009,15,9,Amecameca,Estado de México,Aguas del Valle de Mexico,XIII,Valle de Mexico,26,sin dato,SIN SEQUIA,SIN REDUCCION,2.02,Muy Baja,53.78,Media,77.23244504,Alta
Region A - Primeros Quince dias habiles de cada Diciembre,15010,15,10,Apaxco,Estado de México,Aguas del Valle de Mexico,XIII,Valle de Mexico,26,sin dato,SIN SEQUIA,SIN REDUCCION,13.61,Muy Baja,43.87,Media,61.80588782,Alta
Region A - Primeros Quince dias habiles de cada Diciembre,15011,15,11,Atenco,Estado de México,Aguas del Valle de Mexico,XIII,Valle de Mexico,26,sin dato,SIN SEQUIA,SIN REDUCCION,47.96,Media,53.59,Media,90.47790426,Muy Alta
Region A - Primeros Quince dias habiles de cada Diciembre,15012,15,12,Atizapan,Estado de México,Lerma Santiago Pacifico,VIII,Lerma - Chapala,15,sin dato,SIN SEQUIA,SIN REDUCCION,52.97,Media,92.54,Muy Alta,29.21910063,Baja
Region A - Primeros Quince dias habiles de cada Diciembre,15013,15,13,Atizapan de Zaragoza,Estado de México,Aguas del Valle de Mexico,XIII,Valle de Mexico,26,sin dato,SIN SEQUIA,SIN REDUCCION,89.49,Muy Alta,91.0,Muy Alta,35.85809466,Baja
Region A - Primeros Quince dias habiles de cada Diciembre,15014,15,14,Atlacomulco,Estado de México,Lerma Santiago Pacifico,VIII,Lerma - Chapala,15,sin dato,SIN SEQUIA,SIN REDUCCION,64.33,Alta,65.85,Alta,41.38024222,Media
Region A - Primeros Quince dias habiles de cada Diciembre,15015,15,15,Atlautla,Estado de México,Balsas,IV,Rio Balsas,9,sin dato,SIN SEQUIA,SIN REDUCCION,30.72,Baja,81.96,Muy Alta,56.22,Media
Region A - Primeros Quince dias habiles de cada Diciembre,15016,15,16,Axapusco,Estado de México,Aguas del Valle de Mexico,XIII,Valle de Mexico,26,sin dato,SIN SEQUIA,SIN REDUCCION,8.08,Muy Baja,37.56,Baja,40.12267301,Media
Region A - Primeros Quince dias habiles de cada Diciembre,15017,15,17,Ayapango,Estado de México,Aguas del Valle de Mexico,XIII,Valle de Mexico,26,sin dato,SIN SEQUIA,SIN REDUCCION,14.61,Muy Baja,38.57,Baja,48.43447723,Media
Region A - Primeros Quince dias habiles de cada Diciembre,15018,15,18,Calimaya,Estado de México,Lerma Santiago Pacifico,VIII,Lerma - Chapala,15,sin dato,SIN SEQUIA,SIN REDUCCION,25.23,Baja,79.34,Alta,36.13916374,Baja
Region A - Primeros Quince dias habiles de cada Diciembre,15019,15,19,Capulhuac,Estado de México,Lerma Santiago Pacifico,VIII,Lerma - Chapala,15,sin dato,SIN SEQUIA,SIN REDUCCION,87.21,Muy Alta,95.08,Muy Alta,40.6652217,Media
Region A - Primeros Quince dias habiles de cada Diciembre,15020,15,20,Coacalco de Berriozabal,Estado de México,Aguas del Valle de Mexico,XIII,Valle de Mexico,26,sin dato,SIN SEQUIA,SIN REDUCCION,80.43,Muy Alta,92.86,Muy Alta,33.23794428,Baja
Region A - Primeros Quince dias habiles de cada Diciembre,15021,15,21,Coatepec Harinas,Estado de México,Balsas,IV,Rio Balsas,9,sin dato,SIN SEQUIA,SIN REDUCCION,65.55,Alta,1.26,Muy Baja,67.73,Alta
Region A - Primeros Quince dias habiles de cada Diciembre,15022,15,22,Cocotitlan,Estado de México,Aguas del Valle de Mexico,XIII,Valle de Mexico,26,sin dato,SIN SEQUIA,SIN REDUCCION,21.1,Baja,33.01,Baja,66.34127633,Alta
Region A - Primeros Quince dias habiles de cada Diciembre,15023,15,23,Coyotepec,Estado de México,Aguas del Valle de Mexico,XIII,Valle de Mexico,26,sin dato,SIN SEQUIA,SIN REDUCCION,61.12,Alta,62.36,Alta,76.77297619,Alta
Region A - Primeros Quince dias habiles de cada Diciembre,15024,15,24,Cuautitlan,Estado de México,Aguas del Valle de Mexico,XIII,Valle de Mexico,26,sin dato,SIN SEQUIA,SIN REDUCCION,78.59,Alta,86.98,Muy Alta,34.51753487,Baja
Region A - Primeros Quince dias habiles de cada Diciembre,15025,15,25,Chalco,Estado de México,Aguas del Valle de Mexico,XIII,Valle de Mexico,26,sin dato,SIN SEQUIA,SIN REDUCCION,51.65,Media,83.33,Muy Alta,61.46210711,Alta
Region A - Primeros Quince dias habiles de cada Diciembre,15026,15,26,Chapa de Mota,Estado de México,Aguas del Valle de Mexico,XIII,Valle de Mexico,26,sin dato,SIN SEQUIA,SIN REDUCCION,35.33,Baja,47.94,Media,93.1903062,Muy Alta
Region A - Primeros Quince dias habiles de cada Diciembre,15027,15,27,Chapultepec,Estado de México,Lerma Santiago Pacifico,VIII,Lerma - Chapala,15,sin dato,SIN SEQUIA,SIN REDUCCION,55.0,Media,87.68,Muy Alta,25.86999282,Baja
Region A - Primeros Quince dias habiles de cada Diciembre,15028,15,28,Chiautla,Estado de México,Aguas del Valle de Mexico,XIII,Valle de Mexico,26,sin dato,SIN SEQUIA,SIN REDUCCION,48.88,Media,71.88,Alta,63.06796347,Alta
Region A - Primeros Quince dias habiles de cada Diciembre,15029,15,29,Chicoloapan,Estado de México,Aguas del Valle de Mexico,XIII,Valle de Mexico,26,sin dato,SIN SEQUIA,SIN REDUCCION,40.15,Media,74.66,Alta,44.95800799,Media
Region A - Primeros Quince dias habiles de cada Diciembre,15030,15,30,Chiconcuac,Estado de México,Aguas del Valle de Mexico,XIII,Valle de Mexico,26,sin dato,SIN SEQUIA,SIN REDUCCION,51.15,Media,74.29,Alta,59.26113675,Media
Region A - Primeros Quince dias habiles de cada Diciembre,15031,15,31,Chimalhuacan,Estado de México,Aguas del Valle de Mexico,XIII,Valle de Mexico,26,sin dato,SIN SEQUIA,SIN REDUCCION,57.06,Media,84.59,Muy Alta,56.9726598,Media
Region A - Primeros Quince dias habiles de cada Diciembre,15032,15,32,Donato Guerra,Estado de México,Balsas,IV,Rio Balsas,9,sin dato,SIN SEQUIA,SIN REDUCCION,11.99,Muy Baja,75.45,Alta,95.37,Muy Alta
Region A - Primeros Quince dias habiles de cada Diciembre,15033,15,33,Ecatepec de Morelos,Estado de México,Aguas del Valle de Mexico,XIII,Valle de Mexico,26,sin dato,SIN SEQUIA,SIN REDUCCION,83.93,Muy Alta,92.82,Muy Alta,2.863609825,Muy Baja
Region A - Primeros Quince dias habiles de cada Diciembre,15034,15,34,Ecatzingo,Estado de México,Balsas,IV,Rio Balsas,9,sin dato,SIN SEQUIA,SIN REDUCCION,62.76,Alta,81.05,Muy Alta,60.42,Alta
Region A - Primeros Quince dias habiles de cada Diciembre,15035,15,35,Huehuetoca,Estado de México,Aguas del Valle de Mexico,XIII,Valle de Mexico,26,sin dato,SIN SEQUIA,SIN REDUCCION,40.82,Media,47.57,Media,30.61991264,Baja
Region A - Primeros Quince dias habiles de cada Diciembre,15036,15,36,Hueypoxtla,Estado de México,Aguas del Valle de Mexico,XIII,Valle de Mexico,26,sin dato,SIN SEQUIA,SIN REDUCCION,27.45,Baja,38.61,Baja,91.18603744,Muy Alta
Region A - Primeros Quince dias habiles de cada Diciembre,15037,15,37,Huixquilucan,Estado de México,Aguas del Valle de Mexico,XIII,Valle de Mexico,26,sin dato,SIN SEQUIA,SIN REDUCCION,74.66,Alta,76.48,Alta,48.14112317,Media
Region A - Primeros Quince dias habiles de cada Diciembre,15038,15,38,Isidro Fabela,Estado de México,Aguas del Valle de Mexico,XIII,Valle de Mexico,26,sin dato,SIN SEQUIA,SIN REDUCCION,48.97,Media,42.67,Media,46.02415986,Media
Region A - Primeros Quince dias habiles de cada Diciembre,15039,15,39,Ixtapaluca,Estado de México,Aguas del Valle de Mexico,XIII,Valle de Mexico,26,sin dato,SIN SEQUIA,SIN REDUCCION,2.09,Muy Baja,66.57,Alta,63.7624592,Alta
Region A - Primeros Quince dias habiles de cada Diciembre,15040,15,40,Ixtapan de la Sal,Estado de México,Balsas,IV,Rio Balsas,9,sin dato,SIN SEQUIA,SIN REDUCCION,68.92,Alta,66.11,Alta,47.02,Media
Region A - Primeros Quince dias habiles de cada Diciembre,15041,15,41,Ixtapan del Oro,Estado de México,Balsas,IV,Rio Balsas,9,sin dato,SIN SEQUIA,SIN REDUCCION,71.0,Alta,74.94,Alta,81.13,Muy Alta
Region A - Primeros Quince dias habiles de cada Diciembre,15042,15,42,Ixtlahuaca,Estado de México,Lerma Santiago Pacifico,VIII,Lerma - Chapala,15,sin dato,SIN SEQUIA,SIN REDUCCION,71.57,Alta,75.61,Alta,27.57375033,Baja
Region A - Primeros Quince dias habiles de cada Diciembre,15043,15,43,Xalatlaco,Estado de México,Lerma Santiago Pacifico,VIII,Lerma - Chapala,15,sin dato,SIN SEQUIA,SIN REDUCCION,99.99,Muy Alta,88.42,Muy Alta,68.6829506,Alta
Region A - Primeros Quince dias habiles de cada Diciembre,15044,15,44,Jaltenco,Estado de México,Aguas del Valle de Mexico,XIII,Valle de Mexico,26,sin dato,SIN SEQUIA,SIN REDUCCION,80.88,Muy Alta,93.35,Muy Alta,56.07409825,Media
Region A - Primeros Quince dias habiles de cada Diciembre,15045,15,45,Jilotepec,Estado de México,Golfo Norte,IX,Valle de Mexico,26,sin dato,SIN SEQUIA,SIN REDUCCION,30.43,Baja,35.46,Baja,87.36845417,Muy Alta
Region A - Primeros Quince dias habiles de cada Diciembre,15046,15,46,Jilotzingo,Estado de México,Aguas del Valle de Mexico,XIII,Valle de Mexico,26,sin dato,SIN SEQUIA,SIN REDUCCION,82.69,Muy Alta,63.72,Alta,85.20852719,Muy Alta
Region A - Primeros Quince dias habiles de cada Diciembre,15047,15,47,Jiquipilco,Estado de México,Lerma Santiago Pacifico,VIII,Lerma - Chapala,15,sin dato,SIN SEQUIA,SIN REDUCCION,75.97,Alta,56.54,Media,71.66978007,Alta
Region A - Primeros Quince dias habiles de cada Diciembre,15048,15,48,Jocotitlan,Estado de México,Lerma Santiago Pacifico,VIII,Lerma - Chapala,15,sin dato,SIN SEQUIA,SIN REDUCCION,72.05,Alta,31.5,Baja,40.27043407,Media
Region A - Primeros Quince dias habiles de cada Diciembre,15049,15,49,Joquicingo,Estado de México,Balsas,IV,Rio Balsas,9,sin dato,SIN SEQUIA,SIN REDUCCION,88.92,Muy Alta,89.05,Muy Alta,66.03,Alta
Region A - Primeros Quince dias habiles de cada Diciembre,15050,15,50,Juchitepec,Estado de México,Balsas,IV,Valle de Mexico,26,sin dato,SIN SEQUIA,SIN REDUCCION,95.78,Muy Alta,94.57,Muy Alta,45.49,Media
Region A - Primeros Quince dias habiles de cada Diciembre,15051,15,51,Lerma,Estado de México,Lerma Santiago Pacifico,VIII,Lerma - Chapala,15,sin dato,SIN SEQUIA,SIN REDUCCION,70.86,Alta,83.92,Muy Alta,16.98340115,Muy Baja
Region A - Primeros Quince dias habiles de cada Diciembre,15052,15,52,Malinalco,Estado de México,Balsas,IV,Rio Balsas,9,sin dato,SIN SEQUIA,SIN REDUCCION,64.58,Alta,60.1,Alta,62.33,Alta
Region A - Primeros Quince dias habiles de cada Diciembre,15053,15,53,Melchor Ocampo,Estado de México,Aguas del Valle de Mexico,XIII,Valle de Mexico,26,sin dato,SIN SEQUIA,SIN REDUCCION,71.12,Alta,80.79,Muy Alta,59.39130429,Media
Region A - Primeros Quince dias habiles de cada Diciembre,15054,15,54,Metepec,Estado de México,Lerma Santiago Pacifico,VIII,Lerma - Chapala,15,sin dato,SIN SEQUIA,SIN REDUCCION,55.02,Media,98.83,Muy Alta,3.805295353,Muy Baja
Region A - Primeros Quince dias habiles de cada Diciembre,15055,15,55,Mexicaltzingo,Estado de México,Lerma Santiago Pacifico,VIII,Lerma - Chapala,15,sin dato,SIN SEQUIA,SIN REDUCCION,90.61,Muy Alta,84.14,Muy Alta,45.79293096,Media
Region A - Primeros Quince dias habiles de cada Diciembre,15056,15,56,Morelos,Estado de México,Aguas del Valle de Mexico,XIII,Lerma - Chapala,15,sin dato,SIN SEQUIA,SIN REDUCCION,78.73,Alta,36.58,Baja,99.86737312,Muy Alta
Region A - Primeros Quince dias habiles de cada Diciembre,15057,15,57,Naucalpan de Juarez,Estado de México,Aguas del Valle de Mexico,XIII,Valle de Mexico,26,sin dato,SIN SEQUIA,SIN REDUCCION,70.08,Alta,82.2,Muy Alta,21.78717555,Baja
Region A - Primeros Quince dias habiles de cada Diciembre,15058,15,58,Nezahualcoyotl,Estado de México,Aguas del Valle de Mexico,XIII,Valle de Mexico,26,sin dato,SIN SEQUIA,SIN REDUCCION,99.67,Muy Alta,98.77,Muy Alta,32.37720352,Baja
Region A - Primeros Quince dias habiles de cada Diciembre,15059,15,59,Nextlalpan,Estado de México,Aguas del Valle de Mexico,XIII,Valle de Mexico,26,sin dato,SIN SEQUIA,SIN REDUCCION,68.54,Alta,60.29,Alta,29.82746599,Baja
Region A - Primeros Quince dias habiles de cada Diciembre,15060,15,60,Nicolas Romero,Estado de México,Aguas del Valle de Mexico,XIII,Valle de Mexico,26,sin dato,SIN SEQUIA,SIN REDUCCION,73.92,Alta,54.18,Media,41.50508414,Media
Region A - Primeros Quince dias habiles de cada Diciembre,15061,15,61,Nopaltepec,Estado de México,Aguas del Valle de Mexico,XIII,Valle de Mexico,26,sin dato,SIN SEQUIA,SIN REDUCCION,76.31,Alta,36.94,Baja,22.30735133,Baja
Region A - Primeros Quince dias habiles de cada Diciembre,15062,15,62,Ocoyoacac,Estado de México,Lerma Santiago Pacifico,VIII,Lerma - Chapala,15,sin dato,SIN SEQUIA,SIN REDUCCION,79.25,Alta,90.19,Muy Alta,58.70149994,Media
Region A - Primeros Quince dias habiles de cada Diciembre,15063,15,63,Ocuilan,Estado de México,Balsas,IV,Rio Balsas,9,sin dato,SIN SEQUIA,SIN REDUCCION,77.18,Alta,68.06,Alta,59.28,Media
Region A - Primeros Quince dias habiles de cada Diciembre,15064,15,64,El Oro,Estado de México,Lerma Santiago Pacifico,VIII,Lerma - Chapala,15,sin dato,SIN SEQUIA,SIN REDUCCION,67.53,Alta,74.03,Alta,67.99476087,Alta
Region A - Primeros Quince dias habiles de cada Diciembre,15065,15,65,Otumba,Estado de México,Aguas del Valle de Mexico,XIII,Valle de Mexico,26,sin dato,SIN SEQUIA,SIN REDUCCION,24.17,Baja,53.95,Media,74.78551207,Alta
Region A - Primeros Quince dias habiles de cada Diciembre,15066,15,66,Otzoloapan,Estado de México,Balsas,IV,Rio Balsas,9,sin dato,SIN SEQUIA,SIN REDUCCION,30.55,Baja,65.2,Alta,61.86,Alta
Region A - Primeros Quince dias habiles de cada Diciembre,15067,15,67,Otzolotepec,Estado de México,Lerma Santiago Pacifico,VIII,Lerma - Chapala,15,sin dato,SIN SEQUIA,SIN REDUCCION,67.19,Alta,79.56,Alta,59.08852506,Media
Region A - Primeros Quince dias habiles de cada Diciembre,15068,15,68,Ozumba,Estado de México,Balsas,IV,Rio Balsas,9,sin dato,SIN SEQUIA,SIN REDUCCION,71.09,Alta,90.17,Muy Alta,62.95,Alta
Region A - Primeros Quince dias habiles de cada Diciembre,15069,15,69,Papalotla,Estado de México,Aguas del Valle de Mexico,XIII,Valle de Mexico,26,sin dato,SIN SEQUIA,SIN REDUCCION,51.65,Media,56.3,Media,26.65570571,Baja
Region A - Primeros Quince dias habiles de cada Diciembre,15070,15,70,La Paz,Estado de México,Aguas del Valle de Mexico,XIII,Valle de Mexico,26,sin dato,SIN SEQUIA,SIN REDUCCION,79.2,Alta,90.85,Muy Alta,92.73657921,Muy Alta
Region A - Primeros Quince dias habiles de cada Diciembre,15071,15,71,Polotitlan,Estado de México,Golfo Norte,IX,Rio Panuco,19,sin dato,SIN SEQUIA,SIN REDUCCION,74.66,Alta,81.45,Muy Alta,71.69323525,Alta
Region A - Primeros Quince dias habiles de cada Diciembre,15072,15,72,Rayon,Estado de México,Lerma Santiago Pacifico,VIII,Lerma - Chapala,15,sin dato,SIN SEQUIA,SIN REDUCCION,59.89,Media,76.82,Alta,39.83405961,Baja
Region A - Primeros Quince dias habiles de cada Diciembre,15073,15,73,San Antonio la Isla,Estado de México,Lerma Santiago Pacifico,VIII,Lerma - Chapala,15,sin dato,SIN SEQUIA,SIN REDUCCION,55.02,Media,90.06,Muy Alta,33.92467595,Baja
Region A - Primeros Quince dias habiles de cada Diciembre,15074,15,74,San Felipe del Progreso,Estado de México,Lerma Santiago Pacifico,VIII,Lerma - Chapala,15,sin dato,SIN SEQUIA,SIN REDUCCION,57.25,Media,64.0,Alta,90.7451063,Muy Alta
Region A - Primeros Quince dias habiles de cada Diciembre,15075,15,75,San Martin de las Piramides,Estado de México,Aguas del Valle de Mexico,XIII,Valle de Mexico,26,sin dato,SIN SEQUIA,SIN REDUCCION,31.61,Baja,59.33,Media,35.00035724,Baja
Region A - Primeros Quince dias habiles de cada Diciembre,15076,15,76,San Mateo Atenco,Estado de México,Lerma Santiago Pacifico,VIII,Lerma - Chapala,15,sin dato,SIN SEQUIA,SIN REDUCCION,78.2,Alta,99.67,Muy Alta,39.01717957,Baja
Region A - Primeros Quince dias habiles de cada Diciembre,15077,15,77,San Simon de Guerrero,Estado de México,Balsas,IV,Rio Balsas,9,sin dato,SIN SEQUIA,SIN REDUCCION,53.05,Media,64.67,Alta,57.26,Media
Region A - Primeros Quince dias habiles de cada Diciembre,15078,15,78,Santo Tomas,Estado de México,Balsas,IV,Rio Balsas,9,sin dato,SIN SEQUIA,SIN REDUCCION,95.15,Muy Alta,82.47,Muy Alta,22.9,Baja
Region A - Primeros Quince dias habiles de cada Diciembre,15079,15,79,Soyaniquilpan de Juarez,Estado de México,Aguas del Valle de Mexico,XIII,Valle de Mexico,26,sin dato,SIN SEQUIA,SIN REDUCCION,96.77,Muy Alta,28.49,Baja,88.90791776,Muy Alta
Region A - Primeros Quince dias habiles de cada Diciembre,15080,15,80,Sultepec,Estado de México,Balsas,IV,Rio Balsas,9,sin dato,SIN SEQUIA,SIN REDUCCION,36.83,Baja,40.11,Media,66.62,Alta
Region A - Primeros Quince dias habiles de cada Diciembre,15081,15,81,Tecamac,Estado de México,Aguas del Valle de Mexico,XIII,Valle de Mexico,26,sin dato,SIN SEQUIA,SIN REDUCCION,73.65,Alta,63.12,Alta,33.75833603,Baja
Region A - Primeros Quince dias habiles de cada Diciembre,15082,15,82,Tejupilco,Estado de México,Balsas,IV,Rio Balsas,9,sin dato,SIN SEQUIA,SIN REDUCCION,63.4,Alta,47.04,Media,51.32,Media
Region A - Primeros Quince dias habiles de cada Diciembre,15083,15,83,Temamatla,Estado de México,Aguas del Valle de Mexico,XIII,Valle de Mexico,26,sin dato,SIN SEQUIA,SIN REDUCCION,8.24,Muy Baja,42.94,Media,66.5557947,Alta
Region A - Primeros Quince dias habiles de cada Diciembre,15084,15,84,Temascalapa,Estado de México,Aguas del Valle de Mexico,XIII,Valle de Mexico,26,sin dato,SIN SEQUIA,SIN REDUCCION,43.84,Media,49.69,Media,86.5495093,Muy Alta
Region A - Primeros Quince dias habiles de cada Diciembre,15085,15,85,Temascalcingo,Estado de México,Lerma Santiago Pacifico,VIII,Lerma - Chapala,15,sin dato,SIN SEQUIA,SIN REDUCCION,28.88,Baja,69.84,Alta,61.96933257,Alta
Region A - Primeros Quince dias habiles de cada Diciembre,15086,15,86,Temascaltepec,Estado de México,Balsas,IV,Rio Balsas,9,sin dato,SIN SEQUIA,SIN REDUCCION,30.21,Baja,45.61,Media,79.76,Alta
Region A - Primeros Quince dias habiles de cada Diciembre,15087,15,87,Temoaya,Estado de México,Lerma Santiago Pacifico,VIII,Lerma - Chapala,15,sin dato,SIN SEQUIA,SIN REDUCCION,48.8,Media,60.95,Alta,43.46753004,Media
Region A - Primeros Quince dias habiles de cada Diciembre,15088,15,88,Tenancingo,Estado de México,Balsas,IV,Rio Balsas,9,sin dato,SIN SEQUIA,SIN REDUCCION,77.0,Alta,10.91,Muy Baja,42.68,Media
Region A - Primeros Quince dias habiles de cada Diciembre,15089,15,89,Tenango del Aire,Estado de México,Aguas del Valle de Mexico,XIII,Valle de Mexico,26,sin dato,SIN SEQUIA,SIN REDUCCION,23.25,Baja,9.96,Muy Baja,27.33426127,Baja
Region A - Primeros Quince dias habiles de cada Diciembre,15090,15,90,Tenango del Valle,Estado de México,Lerma Santiago Pacifico,VIII,Rio Balsas,9,sin dato,SIN SEQUIA,SIN REDUCCION,28.21,Baja,77.86,Alta,57.0646793,Media
Region A - Primeros Quince dias habiles de cada Diciembre,15091,15,91,Teoloyucan,Estado de México,Aguas del Valle de Mexico,XIII,Valle de Mexico,26,sin dato,SIN SEQUIA,SIN REDUCCION,68.36,Alta,82.32,Muy Alta,67.82670832,Alta
Region A - Primeros Quince dias habiles de cada Diciembre,15092,15,92,Teotihuacan,Estado de México,Aguas del Valle de Mexico,XIII,Valle de Mexico,26,sin dato,SIN SEQUIA,SIN REDUCCION,56.04,Media,71.06,Alta,65.24997433,Alta
Region A - Primeros Quince dias habiles de cada Diciembre,15093,15,93,Tepetlaoxtoc,Estado de México,Aguas del Valle de Mexico,XIII,Valle de Mexico,26,sin dato,SIN SEQUIA,SIN REDUCCION,28.27,Baja,60.85,Alta,76.6879639,Alta
Region A - Primeros Quince dias habiles de cada Diciembre,15094,15,94,Tepetlixpa,Estado de México,Balsas,IV,Rio Balsas,9,sin dato,SIN SEQUIA,SIN REDUCCION,79.88,Alta,95.15,Muy Alta,56.23,Media
Region A - Primeros Quince dias habiles de cada Diciembre,15095,15,95,Tepotzotlan,Estado de México,Aguas del Valle de Mexico,XIII,Valle de Mexico,26,sin dato,SIN SEQUIA,SIN REDUCCION,53.24,Media,50.48,Media,63.04958158,Alta
Region A - Primeros Quince dias habiles de cada Diciembre,15096,15,96,Tequixquiac,Estado de México,Aguas del Valle de Mexico,XIII,Valle de Mexico,26,sin dato,SIN SEQUIA,SIN REDUCCION,37.55,Baja,61.93,Alta,66.46593774,Alta
Region A - Primeros Quince dias habiles de cada Diciembre,15097,15,97,Texcaltitlan,Estado de México,Balsas,IV,Rio Balsas,9,sin dato,SIN SEQUIA,SIN REDUCCION,66.71,Alta,62.71,Alta,54.54,Media
Region A - Primeros Quince dias habiles de cada Diciembre,15098,15,98,Texcalyacac,Estado de México,Lerma Santiago Pacifico,VIII,Lerma - Chapala,15,sin dato,SIN SEQUIA,SIN REDUCCION,78.78,Alta,71.78,Alta,34.66941095,Baja
Region A - Primeros Quince dias habiles de cada Diciembre,15099,15,99,Texcoco,Estado de México,Aguas del Valle de Mexico,XIII,Valle de Mexico,26,sin dato,SIN SEQUIA,SIN REDUCCION,81.11,Muy Alta,3.48,Muy Baja,64.22809447,Alta
Region A - Primeros Quince dias habiles de cada Diciembre,15100,15,100,Tezoyuca,Estado de México,Aguas del Valle de Mexico,XIII,Valle de Mexico,26,sin dato,SIN SEQUIA,SIN REDUCCION,61.08,Alta,61.46,Alta,99.64076362,Muy Alta
Region A - Primeros Quince dias habiles de cada Diciembre,15101,15,101,Tianguistenco,Estado de México,Lerma Santiago Pacifico,VIII,Lerma - Chapala,15,sin dato,SIN SEQUIA,SIN REDUCCION,75.66,Alta,91.74,Muy Alta,65.14738892,Alta
Region A - Primeros Quince dias habiles de cada Diciembre,15102,15,102,Timilpan,Estado de México,Golfo Norte,IX,Rio Panuco,19,sin dato,SIN SEQUIA,SIN REDUCCION,64.26,Alta,51.76,Media,83.64329516,Muy Alta
Region A - Primeros Quince dias habiles de cada Diciembre,15103,15,103,Tlalmanalco,Estado de México,Aguas del Valle de Mexico,XIII,Valle de Mexico,26,sin dato,SIN SEQUIA,SIN REDUCCION,34.53,Baja,41.71,Media,38.39866908,Baja
Region A - Primeros Quince dias habiles de cada Diciembre,15104,15,104,Tlalnepantla de Baz,Estado de México,Aguas del Valle de Mexico,XIII,Valle de Mexico,26,sin dato,SIN SEQUIA,SIN REDUCCION,93.83,Muy Alta,93.61,Muy Alta,22.46973858,Baja
Region A - Primeros Quince dias habiles de cada Diciembre,15105,15,105,Tlatlaya,Estado de México,Balsas,IV,Rio Balsas,9,sin dato,SIN SEQUIA,SIN REDUCCION,40.68,Media,36.55,Baja,39.04,Baja
Region A - Primeros Quince dias habiles de cada Diciembre,15106,15,106,Toluca,Estado de México,Lerma Santiago Pacifico,VIII,Lerma - Chapala,15,sin dato,SIN SEQUIA,SIN REDUCCION,10.72,Muy Baja,83.5,Muy Alta,4.72699219,Muy Baja
Region A - Primeros Quince dias habiles de cada Diciembre,15107,15,107,Tonatico,Estado de México,Balsas,IV,Rio Balsas,9,sin dato,SIN SEQUIA,SIN REDUCCION,62.15,Alta,67.37,Alta,42.22,Media
Region A - Primeros Quince dias habiles de cada Diciembre,15108,15,108,Tultepec,Estado de México,Aguas del Valle de Mexico,XIII,Valle de Mexico,26,sin dato,SIN SEQUIA,SIN REDUCCION,99.99,Muy Alta,84.72,Muy Alta,37.09164341,Baja
Region A - Primeros Quince dias habiles de cada Diciembre,15109,15,109,Tultitlan,Estado de México,Aguas del Valle de Mexico,XIII,Valle de Mexico,26,sin dato,SIN SEQUIA,SIN REDUCCION,99.98,Muy Alta,90.76,Muy Alta,39.31753368,Baja
Region A - Primeros Quince dias habiles de cada Diciembre,15110,15,110,Valle de Bravo,Estado de México,Balsas,IV,Rio Balsas,9,sin dato,SIN SEQUIA,SIN REDUCCION,14.74,Muy Baja,66.65,Alta,71.37,Alta
Region A - Primeros Quince dias habiles de cada Diciembre,15111,15,111,Villa de Allende,Estado de México,Balsas,IV,Rio Balsas,9,sin dato,SIN SEQUIA,SIN REDUCCION,9.72,Muy Baja,65.75,Alta,94.41,Muy Alta
Region A - Primeros Quince dias habiles de cada Diciembre,15112,15,112,Villa del Carbon,Estado de México,Aguas del Valle de Mexico,XIII,Valle de Mexico,26,sin dato,SIN SEQUIA,SIN REDUCCION,28.66,Baja,34.91,Baja,89.97723028,Muy Alta
Region A - Primeros Quince dias habiles de cada Diciembre,15113,15,113,Villa Guerrero,Estado de México,Balsas,IV,Rio Balsas,9,sin dato,SIN SEQUIA,SIN REDUCCION,72.24,Alta,0.44,Muy Baja,30.5,Baja
Region A - Primeros Quince dias habiles de cada Diciembre,15114,15,114,Villa Victoria,Estado de México,Balsas,IV,Rio Balsas,9,sin dato,SIN SEQUIA,SIN REDUCCION,77.17,Alta,43.25,Media,94.8,Muy Alta
Region A - Primeros Quince dias habiles de cada Diciembre,15115,15,115,Xonacatlan,Estado de México,Lerma Santiago Pacifico,VIII,Lerma - Chapala,15,sin dato,SIN SEQUIA,SIN REDUCCION,20.05,Baja,84.85,Muy Alta,50.93091345,Media
Region A - Primeros Quince dias habiles de cada Diciembre,15116,15,116,Zacazonapan,Estado de México,Balsas,IV,Rio Balsas,9,sin dato,SIN SEQUIA,SIN REDUCCION,34.71,Baja,77.2,Alta,39.43,Baja
Region A - Primeros Quince dias habiles de cada Diciembre,15117,15,117,Zacualpan,Estado de México,Balsas,IV,Rio Balsas,9,sin dato,SIN SEQUIA,SIN REDUCCION,48.71,Media,37.05,Baja,91.33,Muy Alta
Region A - Primeros Quince dias habiles de cada Diciembre,15118,15,118,Zinacantepec,Estado de México,Lerma Santiago Pacifico,VIII,Lerma - Chapala,15,sin dato,SIN SEQUIA,SIN REDUCCION,11.96,Muy Baja,80.38,Muy Alta,31.99126701,Baja
Region A - Primeros Quince dias habiles de cada Diciembre,15119,15,119,Zumpahuacan,Estado de México,Balsas,IV,Rio Balsas,9,sin dato,SIN SEQUIA,SIN REDUCCION,81.49,Muy Alta,45.08,Media,80.79,Muy Alta
Region A - Primeros Quince dias habiles de cada Diciembre,15120,15,120,Zumpango,Estado de México,Aguas del Valle de Mexico,XIII,Valle de Mexico,26,sin dato,SIN SEQUIA,SIN REDUCCION,41.77,Media,49.32,Media,48.16356973,Media
Region A - Primeros Quince dias habiles de cada Diciembre,15121,15,121,Cuautitlan Izcalli,Estado de México,Aguas del Valle de Mexico,XIII,Valle de Mexico,26,sin dato,SIN SEQUIA,SIN REDUCCION,68.17,Alta,84.59,Muy Alta,4.416361706,Muy Baja
Region A - Primeros Quince dias habiles de cada Diciembre,15122,15,122,Valle de Chalco Solidaridad,Estado de México,Aguas del Valle de Mexico,XIII,Valle de Mexico,26,sin dato,SIN SEQUIA,SIN REDUCCION,75.41,Alta,73.61,Alta,77.72030405,Alta
Region A - Primeros Quince dias habiles de cada Diciembre,15123,15,123,Luvianos,Estado de México,Balsas,IV,Rio Balsas,9,sin dato,SIN SEQUIA,SIN REDUCCION,84.76,Muy Alta,77.94,Alta,74.11,Alta
Region A - Primeros Quince dias habiles de cada Diciembre,15124,15,124,San Jose del Rincon,Estado de México,Lerma Santiago Pacifico,VIII,Rio Balsas,9,sin dato,SIN SEQUIA,SIN REDUCCION,38.72,Baja,63.84,Alta,89.2079713,Muy Alta
Region A - Primeros Quince dias habiles de cada Diciembre,15125,15,125,Tonanitla,Estado de México,Aguas del Valle de Mexico,XIII,Valle de Mexico,26,sin dato,SIN SEQUIA,SIN REDUCCION,68.54,Alta,68.68,Alta,74.22266105,Alta
Region A - Primeros Quince dias habiles de cada Diciembre,16001,16,1,Acuitzio,Michoacán,Lerma Santiago Pacifico,VIII,Lerma - Chapala,15,sin dato,SIN SEQUIA,SIN REDUCCION,38.13,Baja,51.35,Media,63.22959803,Alta
Region A - Primeros Quince dias habiles de cada Diciembre,16002,16,2,Aguililla,Michoacán,Lerma Santiago Pacifico,VIII,Rio Balsas,9,sin dato,SIN SEQUIA,SIN REDUCCION,74.39,Alta,43.47,Media,92.95504217,Muy Alta
Region A - Primeros Quince dias habiles de cada Diciembre,16003,16,3,alvaro Obregon,Michoacán,Lerma Santiago Pacifico,VIII,Lerma - Chapala,15,sin dato,SIN SEQUIA,SIN REDUCCION,57.33,Media,41.57,Media,69.23409767,Alta
Region A - Primeros Quince dias habiles de cada Diciembre,16004,16,4,Angamacutiro,Michoacán,Lerma Santiago Pacifico,VIII,Lerma - Chapala,15,sin dato,SIN SEQUIA,SIN REDUCCION,81.73,Muy Alta,70.38,Alta,79.71874943,Alta
Region A - Primeros Quince dias habiles de cada Diciembre,16005,16,5,Angangueo,Michoacán,Balsas,IV,Rio Balsas,9,sin dato,SIN SEQUIA,SIN REDUCCION,9.02,Muy Baja,68.81,Alta,76.24,Alta
Region A - Primeros Quince dias habiles de cada Diciembre,16006,16,6,Apatzingan,Michoacán,Balsas,IV,Rio Balsas,9,D1,VERDE,15%,70.34,Alta,12.41,Muy Baja,45.57,Media
Region A - Primeros Quince dias habiles de cada Diciembre,16007,16,7,aporo,Michoacán,Balsas,IV,Rio Balsas,9,sin dato,SIN SEQUIA,SIN REDUCCION,71.01,Alta,68.27,Alta,74.86,Alta
Region A - Primeros Quince dias habiles de cada Diciembre,16008,16,8,Aquila,Michoacán,Lerma Santiago Pacifico,VIII,Costa Pacifico Centro,17,sin dato,SIN SEQUIA,SIN REDUCCION,19.29,Muy Baja,4.68,Muy Baja,99.4791674,Muy Alta
Region A - Primeros Quince dias habiles de cada Diciembre,16009,16,9,Ario,Michoacán,Balsas,IV,Rio Balsas,9,sin dato,SIN SEQUIA,SIN REDUCCION,76.67,Alta,66.37,Alta,54.12,Media
Region A - Primeros Quince dias habiles de cada Diciembre,16010,16,10,Arteaga,Michoacán,Balsas,IV,Rio Balsas,9,D1,AMARILLO,15%,40.35,Media,33.62,Baja,82.83,Muy Alta
Region A - Primeros Quince dias habiles de cada Diciembre,16011,16,11,Brisenas,Michoacán,Lerma Santiago Pacifico,VIII,Lerma - Chapala,15,sin dato,SIN SEQUIA,SIN REDUCCION,71.19,Alta,49.11,Media,75.37183838,Alta
Region A - Primeros Quince dias habiles de cada Diciembre,16012,16,12,Buenavista,Michoacán,Balsas,IV,Rio Balsas,9,sin dato,SIN SEQUIA,SIN REDUCCION,67.96,Alta,8.51,Muy Baja,88.37,Muy Alta
Region A - Primeros Quince dias habiles de cada Diciembre,16013,16,13,Caracuaro,Michoacán,Balsas,IV,Rio Balsas,9,sin dato,SIN SEQUIA,SIN REDUCCION,71.71,Alta,52.34,Media,85.49,Muy Alta
Region A - Primeros Quince dias habiles de cada Diciembre,16014,16,14,Coahuayana,Michoacán,Lerma Santiago Pacifico,VIII,Costa Pacifico Centro,17,D1,PRE-ALERTA,15%,35.01,Baja,43.38,Media,65.47071043,Alta
Region A - Primeros Quince dias habiles de cada Diciembre,16015,16,15,Coalcoman de Vazquez Pallares,Michoacán,Lerma Santiago Pacifico,VIII,Costa Pacifico Centro,17,sin dato,SIN SEQUIA,SIN REDUCCION,30.07,Baja,20.6,Baja,50.0082829,Media
Region A - Primeros Quince dias habiles de cada Diciembre,16016,16,16,Coeneo,Michoacán,Lerma Santiago Pacifico,VIII,Lerma - Chapala,15,D1,PRE-ALERTA,15%,37.27,Baja,24.4,Baja,76.39164985,Alta
Region A - Primeros Quince dias habiles de cada Diciembre,16017,16,17,Contepec,Michoacán,Lerma Santiago Pacifico,VIII,Lerma - Chapala,15,sin dato,SIN SEQUIA,SIN REDUCCION,33.85,Baja,54.14,Media,83.70444184,Muy Alta
Region A - Primeros Quince dias habiles de cada Diciembre,16018,16,18,Copandaro,Michoacán,Lerma Santiago Pacifico,VIII,Lerma - Chapala,15,sin dato,SIN SEQUIA,SIN REDUCCION,61.31,Alta,42.82,Media,58.55991219,Media
Region A - Primeros Quince dias habiles de cada Diciembre,16019,16,19,Cotija,Michoacán,Balsas,IV,Rio Balsas,9,sin dato,SIN SEQUIA,SIN REDUCCION,80.08,Muy Alta,65.24,Alta,50.38,Media
Region A - Primeros Quince dias habiles de cada Diciembre,16020,16,20,Cuitzeo,Michoacán,Lerma Santiago Pacifico,VIII,Lerma - Chapala,15,sin dato,SIN SEQUIA,SIN REDUCCION,72.55,Alta,58.88,Media,68.66129926,Alta
Region A - Primeros Quince dias habiles de cada Diciembre,16021,16,21,Charapan,Michoacán,Balsas,IV,Rio Balsas,9,sin dato,SIN SEQUIA,SIN REDUCCION,39.89,Baja,72.01,Alta,96.6,Muy Alta
Region A - Primeros Quince dias habiles de cada Diciembre,16022,16,22,Charo,Michoacán,Lerma Santiago Pacifico,VIII,Lerma - Chapala,15,sin dato,SIN SEQUIA,SIN REDUCCION,50.95,Media,61.97,Alta,84.68311859,Muy Alta
Region A - Primeros Quince dias habiles de cada Diciembre,16023,16,23,Chavinda,Michoacán,Lerma Santiago Pacifico,VIII,Lerma - Chapala,15,sin dato,SIN SEQUIA,SIN REDUCCION,86.25,Muy Alta,59.09,Media,90.49674547,Muy Alta
Region A - Primeros Quince dias habiles de cada Diciembre,16024,16,24,Cheran,Michoacán,Lerma Santiago Pacifico,VIII,Lerma - Chapala,15,sin dato,SIN SEQUIA,SIN REDUCCION,71.87,Alta,51.21,Media,56.21117948,Media
Region A - Primeros Quince dias habiles de cada Diciembre,16025,16,25,Chilchota,Michoacán,Lerma Santiago Pacifico,VIII,Lerma - Chapala,15,sin dato,SIN SEQUIA,SIN REDUCCION,12.71,Muy Baja,75.61,Alta,48.76492205,Media
Region A - Primeros Quince dias habiles de cada Diciembre,16026,16,26,Chinicuila,Michoacán,Lerma Santiago Pacifico,VIII,Costa Pacifico Centro,17,sin dato,SIN SEQUIA,SIN REDUCCION,35.63,Baja,8.29,Muy Baja,68.84804647,Alta
Region A - Primeros Quince dias habiles de cada Diciembre,16027,16,27,Chucandiro,Michoacán,Lerma Santiago Pacifico,VIII,Lerma - Chapala,15,sin dato,SIN SEQUIA,SIN REDUCCION,86.08,Muy Alta,45.85,Media,94.12673648,Muy Alta
Region A - Primeros Quince dias habiles de cada Diciembre,16028,16,28,Churintzio,Michoacán,Lerma Santiago Pacifico,VIII,Lerma - Chapala,15,sin dato,SIN SEQUIA,SIN REDUCCION,60.19,Alta,49.81,Media,62.38879591,Alta
Region A - Primeros Quince dias habiles de cada Diciembre,16029,16,29,Churumuco,Michoacán,Balsas,IV,Rio Balsas,9,sin dato,SIN SEQUIA,SIN REDUCCION,36.76,Baja,35.82,Baja,94.12,Muy Alta
Region A - Primeros Quince dias habiles de cada Diciembre,16030,16,30,Ecuandureo,Michoacán,Lerma Santiago Pacifico,VIII,Lerma - Chapala,15,sin dato,SIN SEQUIA,SIN REDUCCION,63.13,Alta,47.02,Media,83.02574777,Muy Alta
Region A - Primeros Quince dias habiles de cada Diciembre,16031,16,31,Epitacio Huerta,Michoacán,Lerma Santiago Pacifico,VIII,Lerma - Chapala,15,sin dato,SIN SEQUIA,SIN REDUCCION,41.03,Media,43.93,Media,87.45047778,Muy Alta
Region A - Primeros Quince dias habiles de cada Diciembre,16032,16,32,Erongaricuaro,Michoacán,Lerma Santiago Pacifico,VIII,Lerma - Chapala,15,sin dato,SIN SEQUIA,SIN REDUCCION,26.79,Baja,57.39,Media,67.47628029,Alta
Region A - Primeros Quince dias habiles de cada Diciembre,16033,16,33,Gabriel Zamora,Michoacán,Balsas,IV,Rio Balsas,9,sin dato,SIN SEQUIA,SIN REDUCCION,60.59,Alta,20.66,Baja,41.15,Media
Region A - Primeros Quince dias habiles de cada Diciembre,16034,16,34,Hidalgo,Michoacán,Balsas,IV,Rio Balsas,9,sin dato,SIN SEQUIA,SIN REDUCCION,91.5,Muy Alta,34.88,Baja,66.02,Alta
Region A - Primeros Quince dias habiles de cada Diciembre,16035,16,35,La Huacana,Michoacán,Balsas,IV,Rio Balsas,9,sin dato,SIN SEQUIA,SIN REDUCCION,9.56,Muy Baja,7.83,Muy Baja,83.5,Muy Alta
Region A - Primeros Quince dias habiles de cada Diciembre,16036,16,36,Huandacareo,Michoacán,Lerma Santiago Pacifico,VIII,Lerma - Chapala,15,sin dato,SIN SEQUIA,SIN REDUCCION,63.79,Alta,56.74,Media,81.49592906,Muy Alta
Region A - Primeros Quince dias habiles de cada Diciembre,16037,16,37,Huaniqueo,Michoacán,Lerma Santiago Pacifico,VIII,Lerma - Chapala,15,sin dato,SIN SEQUIA,SIN REDUCCION,52.68,Media,31.19,Baja,82.49693776,Muy Alta
Region A - Primeros Quince dias habiles de cada Diciembre,16038,16,38,Huetamo,Michoacán,Balsas,IV,Rio Balsas,9,sin dato,SIN SEQUIA,SIN REDUCCION,65.52,Alta,34.9,Baja,56.56,Media
Region A - Primeros Quince dias habiles de cada Diciembre,16039,16,39,Huiramba,Michoacán,Lerma Santiago Pacifico,VIII,Lerma - Chapala,15,D0,PRE-ALERTA,10%,7.5,Muy Baja,56.4,Media,57.36540697,Media
Region A - Primeros Quince dias habiles de cada Diciembre,16040,16,40,Indaparapeo,Michoacán,Lerma Santiago Pacifico,VIII,Lerma - Chapala,15,sin dato,SIN SEQUIA,SIN REDUCCION,52.12,Media,45.21,Media,88.41830404,Muy Alta
Region A - Primeros Quince dias habiles de cada Diciembre,16041,16,41,Irimbo,Michoacán,Lerma Santiago Pacifico,VIII,Lerma - Chapala,15,sin dato,SIN SEQUIA,SIN REDUCCION,59.1,Media,66.83,Alta,85.67543053,Muy Alta
Region A - Primeros Quince dias habiles de cada Diciembre,16042,16,42,Ixtlan,Michoacán,Lerma Santiago Pacifico,VIII,Lerma - Chapala,15,sin dato,SIN SEQUIA,SIN REDUCCION,63.3,Alta,68.08,Alta,67.53338771,Alta
Region A - Primeros Quince dias habiles de cada Diciembre,16043,16,43,Jacona,Michoacán,Lerma Santiago Pacifico,VIII,Lerma - Chapala,15,sin dato,SIN SEQUIA,SIN REDUCCION,34.16,Baja,88.57,Muy Alta,76.99931223,Alta
Region A - Primeros Quince dias habiles de cada Diciembre,16044,16,44,Jimenez,Michoacán,Lerma Santiago Pacifico,VIII,Lerma - Chapala,15,sin dato,SIN SEQUIA,SIN REDUCCION,61.16,Alta,47.29,Media,78.38034798,Alta
Region A - Primeros Quince dias habiles de cada Diciembre,16045,16,45,Jiquilpan,Michoacán,Lerma Santiago Pacifico,VIII,Lerma - Chapala,15,sin dato,SIN SEQUIA,SIN REDUCCION,62.94,Alta,51.32,Media,51.19388143,Media
Region A - Primeros Quince dias habiles de cada Diciembre,16046,16,46,Juarez,Michoacán,Balsas,IV,Rio Balsas,9,sin dato,SIN SEQUIA,SIN REDUCCION,84.44,Muy Alta,66.65,Alta,82.2,Muy Alta
Region A - Primeros Quince dias habiles de cada Diciembre,16047,16,47,Jungapeo,Michoacán,Balsas,IV,Rio Balsas,9,sin dato,SIN SEQUIA,SIN REDUCCION,83.95,Muy Alta,60.96,Alta,79.34,Alta
Region A - Primeros Quince dias habiles de cada Diciembre,16048,16,48,Lagunillas,Michoacán,Lerma Santiago Pacifico,VIII,Lerma - Chapala,15,sin dato,SIN SEQUIA,SIN REDUCCION,53.83,Media,53.41,Media,79.22734076,Alta
Region A - Primeros Quince dias habiles de cada Diciembre,16049,16,49,Madero,Michoacán,Balsas,IV,Rio Balsas,9,sin dato,SIN SEQUIA,SIN REDUCCION,54.95,Media,39.23,Baja,66.67,Alta
Region A - Primeros Quince dias habiles de cada Diciembre,16050,16,50,Maravatio,Michoacán,Lerma Santiago Pacifico,VIII,Lerma - Chapala,15,sin dato,SIN SEQUIA,SIN REDUCCION,68.99,Alta,36.78,Baja,87.63479505,Muy Alta
Region A - Primeros Quince dias habiles de cada Diciembre,16051,16,51,Marcos Castellanos,Michoacán,Lerma Santiago Pacifico,VIII,Lerma - Chapala,15,sin dato,SIN SEQUIA,SIN REDUCCION,51.95,Media,66.68,Alta,63.94350333,Alta
Region A - Primeros Quince dias habiles de cada Diciembre,16052,16,52,Lazaro Cardenas,Michoacán,Balsas,IV,Rio Balsas,9,sin dato,SIN SEQUIA,SIN REDUCCION,65.98,Alta,36.2,Baja,25.06,Baja
Region A - Primeros Quince dias habiles de cada Diciembre,16053,16,53,Morelia,Michoacán,Lerma Santiago Pacifico,VIII,Lerma - Chapala,15,sin dato,SIN SEQUIA,SIN REDUCCION,69.92,Alta,35.01,Baja,10.87974157,Muy Baja
Region A - Primeros Quince dias habiles de cada Diciembre,16054,16,54,Morelos,Michoacán,Lerma Santiago Pacifico,VIII,Lerma - Chapala,15,sin dato,SIN SEQUIA,SIN REDUCCION,59.33,Media,39.9,Baja,31.01031363,Baja
Region A - Primeros Quince dias habiles de cada Diciembre,16055,16,55,Mugica,Michoacán,Balsas,IV,Rio Balsas,9,sin dato,SIN SEQUIA,SIN REDUCCION,78.75,Alta,9.57,Muy Baja,76.35,Alta
Region A - Primeros Quince dias habiles de cada Diciembre,16056,16,56,Nahuatzen,Michoacán,Lerma Santiago Pacifico,VIII,Rio Balsas,9,sin dato,SIN SEQUIA,SIN REDUCCION,1.7,Muy Baja,29.87,Baja,93.4439535,Muy Alta
Region A - Primeros Quince dias habiles de cada Diciembre,16057,16,57,Nocupetaro,Michoacán,Balsas,IV,Rio Balsas,9,sin dato,SIN SEQUIA,SIN REDUCCION,48.51,Media,50.79,Media,92.38,Muy Alta
Region A - Primeros Quince dias habiles de cada Diciembre,16058,16,58,Nuevo Parangaricutiro,Michoacán,Balsas,IV,Rio Balsas,9,sin dato,SIN SEQUIA,SIN REDUCCION,52.52,Media,86.49,Muy Alta,65.69,Alta
Region A - Primeros Quince dias habiles de cada Diciembre,16059,16,59,Nuevo Urecho,Michoacán,Balsas,IV,Rio Balsas,9,D0,PRE-ALERTA,10%,48.75,Media,25.15,Baja,24.5,Baja
Region A - Primeros Quince dias habiles de cada Diciembre,16060,16,60,Numaran,Michoacán,Lerma Santiago Pacifico,VIII,Lerma - Chapala,15,sin dato,SIN SEQUIA,SIN REDUCCION,80.49,Muy Alta,46.24,Media,53.95131168,Media
Region A - Primeros Quince dias habiles de cada Diciembre,16061,16,61,Ocampo,Michoacán,Balsas,IV,Rio Balsas,9,sin dato,SIN SEQUIA,SIN REDUCCION,29.9,Baja,73.81,Alta,72.3,Alta
Region A - Primeros Quince dias habiles de cada Diciembre,16062,16,62,Pajacuaran,Michoacán,Lerma Santiago Pacifico,VIII,Lerma - Chapala,15,sin dato,SIN SEQUIA,SIN REDUCCION,62.91,Alta,46.23,Media,78.09750849,Alta
Region A - Primeros Quince dias habiles de cada Diciembre,16063,16,63,Panindicuaro,Michoacán,Lerma Santiago Pacifico,VIII,Lerma - Chapala,15,sin dato,SIN SEQUIA,SIN REDUCCION,100.0,Muy Alta,99.87,Muy Alta,98.60761546,Muy Alta
Region A - Primeros Quince dias habiles de cada Diciembre,16064,16,64,Paracuaro,Michoacán,Balsas,IV,Rio Balsas,9,sin dato,SIN SEQUIA,SIN REDUCCION,65.93,Alta,2.58,Muy Baja,30.63,Baja
Region A - Primeros Quince dias habiles de cada Diciembre,16065,16,65,Paracho,Michoacán,Balsas,IV,Rio Balsas,9,sin dato,SIN SEQUIA,SIN REDUCCION,10.7,Muy Baja,65.11,Alta,82.46,Muy Alta
Region A - Primeros Quince dias habiles de cada Diciembre,16066,16,66,Patzcuaro,Michoacán,Lerma Santiago Pacifico,VIII,Lerma - Chapala,15,sin dato,SIN SEQUIA,SIN REDUCCION,40.87,Media,52.03,Media,51.68123026,Media
Region A - Primeros Quince dias habiles de cada Diciembre,16067,16,67,Penjamillo,Michoacán,Lerma Santiago Pacifico,VIII,Lerma - Chapala,15,sin dato,SIN SEQUIA,SIN REDUCCION,79.36,Alta,33.56,Baja,76.47245399,Alta
Region A - Primeros Quince dias habiles de cada Diciembre,16068,16,68,Periban,Michoacán,Balsas,IV,Rio Balsas,9,D0,PRE-ALERTA,10%,80.71,Muy Alta,98.51,Muy Alta,34.36,Baja
Region A - Primeros Quince dias habiles de cada Diciembre,16069,16,69,La Piedad,Michoacán,Lerma Santiago Pacifico,VIII,Lerma - Chapala,15,sin dato,SIN SEQUIA,SIN REDUCCION,84.01,Muy Alta,69.52,Alta,49.88523265,Media
Region A - Primeros Quince dias habiles de cada Diciembre,16070,16,70,Purepero,Michoacán,Lerma Santiago Pacifico,VIII,Lerma - Chapala,15,sin dato,SIN SEQUIA,SIN REDUCCION,78.22,Alta,70.76,Alta,70.49516002,Alta
Region A - Primeros Quince dias habiles de cada Diciembre,16071,16,71,Puruandiro,Michoacán,Lerma Santiago Pacifico,VIII,Lerma - Chapala,15,sin dato,SIN SEQUIA,SIN REDUCCION,69.45,Alta,30.6,Baja,58.69893357,Media
Region A - Primeros Quince dias habiles de cada Diciembre,16072,16,72,Querendaro,Michoacán,Lerma Santiago Pacifico,VIII,Lerma - Chapala,15,sin dato,SIN SEQUIA,SIN REDUCCION,43.11,Media,50.81,Media,81.19964105,Muy Alta
Region A - Primeros Quince dias habiles de cada Diciembre,16073,16,73,Quiroga,Michoacán,Lerma Santiago Pacifico,VIII,Lerma - Chapala,15,sin dato,SIN SEQUIA,SIN REDUCCION,30.45,Baja,69.91,Alta,69.57978508,Alta
Region A - Primeros Quince dias habiles de cada Diciembre,16074,16,74,Cojumatlan de Regules,Michoacán,Lerma Santiago Pacifico,VIII,Lerma - Chapala,15,sin dato,SIN SEQUIA,SIN REDUCCION,78.1,Alta,54.69,Media,84.97765312,Muy Alta
Region A - Primeros Quince dias habiles de cada Diciembre,16075,16,75,Los Reyes,Michoacán,Balsas,IV,Rio Balsas,9,sin dato,SIN SEQUIA,SIN REDUCCION,94.22,Muy Alta,99.32,Muy Alta,75.37,Alta
Region A - Primeros Quince dias habiles de cada Diciembre,16076,16,76,Sahuayo,Michoacán,Lerma Santiago Pacifico,VIII,Lerma - Chapala,15,sin dato,SIN SEQUIA,SIN REDUCCION,60.76,Alta,81.71,Muy Alta,76.42700751,Alta
Region A - Primeros Quince dias habiles de cada Diciembre,16077,16,77,San Lucas,Michoacán,Balsas,IV,Rio Balsas,9,sin dato,SIN SEQUIA,SIN REDUCCION,64.69,Alta,39.52,Baja,90.21,Muy Alta
Region A - Primeros Quince dias habiles de cada Diciembre,16078,16,78,Santa Ana Maya,Michoacán,Lerma Santiago Pacifico,VIII,Lerma - Chapala,15,sin dato,SIN SEQUIA,SIN REDUCCION,60.67,Alta,46.76,Media,81.75745495,Muy Alta
Region A - Primeros Quince dias habiles de cada Diciembre,16079,16,79,Salvador Escalante,Michoacán,Balsas,IV,Rio Balsas,9,sin dato,SIN SEQUIA,SIN REDUCCION,90.23,Muy Alta,63.7,Alta,82.07,Muy Alta
Region A - Primeros Quince dias habiles de cada Diciembre,16080,16,80,Senguio,Michoacán,Lerma Santiago Pacifico,VIII,Lerma - Chapala,15,sin dato,SIN SEQUIA,SIN REDUCCION,66.55,Alta,48.86,Media,84.77636138,Muy Alta
Region A - Primeros Quince dias habiles de cada Diciembre,16081,16,81,Susupuato,Michoacán,Balsas,IV,Rio Balsas,9,sin dato,SIN SEQUIA,SIN REDUCCION,82.75,Muy Alta,62.78,Alta,97.53,Muy Alta
Region A - Primeros Quince dias habiles de cada Diciembre,16082,16,82,Tacambaro,Michoacán,Balsas,IV,Rio Balsas,9,sin dato,SIN SEQUIA,SIN REDUCCION,77.71,Alta,13.56,Muy Baja,50.35,Media
Region A - Primeros Quince dias habiles de cada Diciembre,16083,16,83,Tancitaro,Michoacán,Balsas,IV,Rio Balsas,9,sin dato,SIN SEQUIA,SIN REDUCCION,57.88,Media,93.86,Muy Alta,86.28,Muy Alta
Region A - Primeros Quince dias habiles de cada Diciembre,16084,16,84,Tangamandapio,Michoacán,Lerma Santiago Pacifico,VIII,Lerma - Chapala,15,sin dato,SIN SEQUIA,SIN REDUCCION,65.61,Alta,68.38,Alta,94.05412758,Muy Alta
Region A - Primeros Quince dias habiles de cada Diciembre,16085,16,85,Tangancicuaro,Michoacán,Lerma Santiago Pacifico,VIII,Lerma - Chapala,15,sin dato,SIN SEQUIA,SIN REDUCCION,43.44,Media,86.56,Muy Alta,93.13546492,Muy Alta
Region A - Primeros Quince dias habiles de cada Diciembre,16086,16,86,Tanhuato,Michoacán,Lerma Santiago Pacifico,VIII,Lerma - Chapala,15,sin dato,SIN SEQUIA,SIN REDUCCION,90.36,Muy Alta,9.15,Muy Baja,76.75458753,Alta
Region A - Primeros Quince dias habiles de cada Diciembre,16087,16,87,Taretan,Michoacán,Balsas,IV,Rio Balsas,9,sin dato,SIN SEQUIA,SIN REDUCCION,41.29,Media,91.61,Muy Alta,43.63,Media
Region A - Primeros Quince dias habiles de cada Diciembre,16088,16,88,Tarimbaro,Michoacán,Lerma Santiago Pacifico,VIII,Lerma - Chapala,15,sin dato,SIN SEQUIA,SIN REDUCCION,62.93,Alta,56.71,Media,46.62364854,Media
Region A - Primeros Quince dias habiles de cada Diciembre,16089,16,89,Tepalcatepec,Michoacán,Balsas,IV,Rio Balsas,9,sin dato,SIN SEQUIA,SIN REDUCCION,67.32,Alta,24.85,Baja,84.79,Muy Alta
Region A - Primeros Quince dias habiles de cada Diciembre,16090,16,90,Tingambato,Michoacán,Balsas,IV,Rio Balsas,9,sin dato,SIN SEQUIA,SIN REDUCCION,27.96,Baja,73.48,Alta,66.19,Alta
Region A - Primeros Quince dias habiles de cada Diciembre,16091,16,91,Tingüindin,Michoacán,Balsas,IV,Rio Balsas,9,sin dato,SIN SEQUIA,SIN REDUCCION,85.66,Muy Alta,88.03,Muy Alta,54.02,Media
Region A - Primeros Quince dias habiles de cada Diciembre,16092,16,92,Tiquicheo de Nicolas Romero,Michoacán,Balsas,IV,Rio Balsas,9,sin dato,SIN SEQUIA,SIN REDUCCION,83.06,Muy Alta,61.15,Alta,98.84,Muy Alta
Region A - Primeros Quince dias habiles de cada Diciembre,16093,16,93,Tlalpujahua,Michoacán,Lerma Santiago Pacifico,VIII,Lerma - Chapala,15,D1,PRE-ALERTA,15%,75.97,Alta,60.77,Alta,89.20186936,Muy Alta
Region A - Primeros Quince dias habiles de cada Diciembre,16094,16,94,Tlazazalca,Michoacán,Lerma Santiago Pacifico,VIII,Lerma - Chapala,15,sin dato,SIN SEQUIA,SIN REDUCCION,57.76,Media,45.9,Media,89.10319177,Muy Alta
Region A - Primeros Quince dias habiles de cada Diciembre,16095,16,95,Tocumbo,Michoacán,Balsas,IV,Rio Balsas,9,sin dato,SIN SEQUIA,SIN REDUCCION,60.86,Alta,71.52,Alta,71.73,Alta
Region A - Primeros Quince dias habiles de cada Diciembre,16096,16,96,Tumbiscatio,Michoacán,Lerma Santiago Pacifico,VIII,Rio Balsas,9,sin dato,SIN SEQUIA,SIN REDUCCION,79.84,Alta,23.14,Baja,85.52217739,Muy Alta
Region A - Primeros Quince dias habiles de cada Diciembre,16097,16,97,Turicato,Michoacán,Balsas,IV,Rio Balsas,9,sin dato,SIN SEQUIA,SIN REDUCCION,70.49,Alta,48.32,Media,84.4,Muy Alta
Region A - Primeros Quince dias habiles de cada Diciembre,16098,16,98,Tuxpan,Michoacán,Balsas,IV,Rio Balsas,9,sin dato,SIN SEQUIA,SIN REDUCCION,98.21,Muy Alta,72.16,Alta,83.75,Muy Alta
Region A - Primeros Quince dias habiles de cada Diciembre,16099,16,99,Tuzantla,Michoacán,Balsas,IV,Rio Balsas,9,sin dato,SIN SEQUIA,SIN REDUCCION,89.44,Muy Alta,49.19,Media,88.34,Muy Alta
Region A - Primeros Quince dias habiles de cada Diciembre,16100,16,100,Tzintzuntzan,Michoacán,Lerma Santiago Pacifico,VIII,Lerma - Chapala,15,D1,PRE-ALERTA,15%,78.81,Alta,73.99,Alta,85.74980839,Muy Alta
Region A - Primeros Quince dias habiles de cada Diciembre,16101,16,101,Tzitzio,Michoacán,Balsas,IV,Rio Balsas,9,sin dato,SIN SEQUIA,SIN REDUCCION,94.85,Muy Alta,55.24,Media,99.89,Muy Alta
Region A - Primeros Quince dias habiles de cada Diciembre,16102,16,102,Uruapan,Michoacán,Balsas,IV,Rio Balsas,9,sin dato,SIN SEQUIA,SIN REDUCCION,83.29,Muy Alta,83.63,Muy Alta,1.29,Muy Baja
Region A - Primeros Quince dias habiles de cada Diciembre,16103,16,103,Venustiano Carranza,Michoacán,Lerma Santiago Pacifico,VIII,Lerma - Chapala,15,sin dato,SIN SEQUIA,SIN REDUCCION,60.26,Alta,46.53,Media,76.47911499,Alta
Region A - Primeros Quince dias habiles de cada Diciembre,16104,16,104,Villamar,Michoacán,Lerma Santiago Pacifico,VIII,Lerma - Chapala,15,sin dato,SIN SEQUIA,SIN REDUCCION,87.74,Muy Alta,44.9,Media,83.05219269,Muy Alta
Region A - Primeros Quince dias habiles de cada Diciembre,16105,16,105,Vista Hermosa,Michoacán,Lerma Santiago Pacifico,VIII,Lerma - Chapala,15,sin dato,SIN SEQUIA,SIN REDUCCION,71.19,Alta,78.64,Alta,81.0729209,Muy Alta
Region A - Primeros Quince dias habiles de cada Diciembre,16106,16,106,Yurecuaro,Michoacán,Lerma Santiago Pacifico,VIII,Lerma - Chapala,15,sin dato,SIN SEQUIA,SIN REDUCCION,87.66,Muy Alta,42.53,Media,87.76562173,Muy Alta
Region A - Primeros Quince dias habiles de cada Diciembre,16107,16,107,Zacapu,Michoacán,Lerma Santiago Pacifico,VIII,Lerma - Chapala,15,sin dato,SIN SEQUIA,SIN REDUCCION,29.45,Baja,59.28,Media,61.22164747,Alta
Region A - Primeros Quince dias habiles de cada Diciembre,16108,16,108,Zamora,Michoacán,Lerma Santiago Pacifico,VIII,Lerma - Chapala,15,sin dato,SIN SEQUIA,SIN REDUCCION,65.33,Alta,97.64,Muy Alta,57.46193002,Media
Region A - Primeros Quince dias habiles de cada Diciembre,16109,16,109,Zinaparo,Michoacán,Lerma Santiago Pacifico,VIII,Lerma - Chapala,15,sin dato,SIN SEQUIA,SIN REDUCCION,39.93,Baja,31.33,Baja,46.53819688,Media
Region A - Primeros Quince dias habiles de cada Diciembre,16110,16,110,Zinapecuaro,Michoacán,Lerma Santiago Pacifico,VIII,Lerma - Chapala,15,sin dato,SIN SEQUIA,SIN REDUCCION,71.26,Alta,35.89,Baja,88.06698509,Muy Alta
Region A - Primeros Quince dias habiles de cada Diciembre,16111,16,111,Ziracuaretiro,Michoacán,Balsas,IV,Rio Balsas,9,sin dato,SIN SEQUIA,SIN REDUCCION,85.21,Muy Alta,69.37,Alta,68.1,Alta
Region A - Primeros Quince dias habiles de cada Diciembre,16112,16,112,Zitacuaro,Michoacán,Balsas,IV,Rio Balsas,9,sin dato,SIN SEQUIA,SIN REDUCCION,76.03,Alta,52.52,Media,77.88,Alta
Region A - Primeros Quince dias habiles de cada Diciembre,16113,16,113,Jose Sixto Verduzco,Michoacán,Lerma Santiago Pacifico,VIII,Lerma - Chapala,15,sin dato,SIN SEQUIA,SIN REDUCCION,75.62,Alta,34.51,Baja,82.81426125,Muy Alta
Region A - Primeros Quince dias habiles de cada Diciembre,17001,17,1,Amacuzac,Morelos,Balsas,IV,Rio Balsas,9,sin dato,SIN SEQUIA,SIN REDUCCION,38.06,Baja,52.95,Media,15.93,Muy Baja
Region A - Primeros Quince dias habiles de cada Diciembre,17002,17,2,Atlatlahucan,Morelos,Balsas,IV,Rio Balsas,9,sin dato,SIN SEQUIA,SIN REDUCCION,67.04,Alta,67.52,Alta,71.27,Alta
Region A - Primeros Quince dias habiles de cada Diciembre,17003,17,3,Axochiapan,Morelos,Balsas,IV,Rio Balsas,9,sin dato,SIN SEQUIA,SIN REDUCCION,82.69,Muy Alta,56.03,Media,69.24,Alta
Region A - Primeros Quince dias habiles de cada Diciembre,17004,17,4,Ayala,Morelos,Balsas,IV,Rio Balsas,9,sin dato,SIN SEQUIA,SIN REDUCCION,56.77,Media,32.69,Baja,22.02,Baja
Region A - Primeros Quince dias habiles de cada Diciembre,17005,17,5,Coatlan del Rio,Morelos,Balsas,IV,Rio Balsas,9,sin dato,SIN SEQUIA,SIN REDUCCION,86.78,Muy Alta,41.98,Media,52.52,Media
Region A - Primeros Quince dias habiles de cada Diciembre,17006,17,6,Cuautla,Morelos,Balsas,IV,Rio Balsas,9,sin dato,SIN SEQUIA,SIN REDUCCION,62.54,Alta,83.43,Muy Alta,17.2,Muy Baja
Region A - Primeros Quince dias habiles de cada Diciembre,17007,17,7,Cuernavaca,Morelos,Balsas,IV,Rio Balsas,9,sin dato,SIN SEQUIA,SIN REDUCCION,78.95,Alta,93.47,Muy Alta,7.3,Muy Baja
Region A - Primeros Quince dias habiles de cada Diciembre,17008,17,8,Emiliano Zapata,Morelos,Balsas,IV,Rio Balsas,9,sin dato,SIN SEQUIA,SIN REDUCCION,91.15,Muy Alta,91.99,Muy Alta,33.16,Baja
Region A - Primeros Quince dias habiles de cada Diciembre,17009,17,9,Huitzilac,Morelos,Balsas,IV,Rio Balsas,9,sin dato,SIN SEQUIA,SIN REDUCCION,86.01,Muy Alta,90.42,Muy Alta,53.71,Media
Region A - Primeros Quince dias habiles de cada Diciembre,17010,17,10,Jantetelco,Morelos,Balsas,IV,Rio Balsas,9,sin dato,SIN SEQUIA,SIN REDUCCION,72.32,Alta,75.8,Alta,61.06,Alta
Region A - Primeros Quince dias habiles de cada Diciembre,17011,17,11,Jiutepec,Morelos,Balsas,IV,Rio Balsas,9,sin dato,SIN SEQUIA,SIN REDUCCION,68.14,Alta,99.92,Muy Alta,3.97,Muy Baja
Region A - Primeros Quince dias habiles de cada Diciembre,17012,17,12,Jojutla,Morelos,Balsas,IV,Rio Balsas,9,sin dato,SIN SEQUIA,SIN REDUCCION,53.05,Media,54.05,Media,16.08,Muy Baja
Region A - Primeros Quince dias habiles de cada Diciembre,17013,17,13,Jonacatepec,Morelos,Balsas,IV,Rio Balsas,9,sin dato,SIN SEQUIA,SIN REDUCCION,59.08,Media,74.59,Alta,20.96,Baja
Region A - Primeros Quince dias habiles de cada Diciembre,17014,17,14,Mazatepec,Morelos,Balsas,IV,Rio Balsas,9,sin dato,SIN SEQUIA,SIN REDUCCION,44.4,Media,41.37,Media,18.65,Muy Baja
Region A - Primeros Quince dias habiles de cada Diciembre,17015,17,15,Miacatlan,Morelos,Balsas,IV,Rio Balsas,9,sin dato,SIN SEQUIA,SIN REDUCCION,67.6,Alta,64.31,Alta,27.19,Baja
Region A - Primeros Quince dias habiles de cada Diciembre,17016,17,16,Ocuituco,Morelos,Balsas,IV,Rio Balsas,9,sin dato,SIN SEQUIA,SIN REDUCCION,70.07,Alta,75.72,Alta,34.58,Baja
Region A - Primeros Quince dias habiles de cada Diciembre,17017,17,17,Puente de Ixtla,Morelos,Balsas,IV,Rio Balsas,9,sin dato,SIN SEQUIA,SIN REDUCCION,9.68,Muy Baja,53.47,Media,12.88,Muy Baja
Region A - Primeros Quince dias habiles de cada Diciembre,17018,17,18,Temixco,Morelos,Balsas,IV,Rio Balsas,9,sin dato,SIN SEQUIA,SIN REDUCCION,67.07,Alta,87.04,Muy Alta,14.78,Muy Baja
Region A - Primeros Quince dias habiles de cada Diciembre,17019,17,19,Tepalcingo,Morelos,Balsas,IV,Rio Balsas,9,sin dato,SIN SEQUIA,SIN REDUCCION,16.17,Muy Baja,50.94,Media,58.8,Media
Region A - Primeros Quince dias habiles de cada Diciembre,17020,17,20,Tepoztlan,Morelos,Balsas,IV,Rio Balsas,9,sin dato,SIN SEQUIA,SIN REDUCCION,26.76,Baja,89.06,Muy Alta,84.4,Muy Alta
Region A - Primeros Quince dias habiles de cada Diciembre,17021,17,21,Tetecala,Morelos,Balsas,IV,Rio Balsas,9,sin dato,SIN SEQUIA,SIN REDUCCION,46.38,Media,74.02,Alta,24.27,Baja
Region A - Primeros Quince dias habiles de cada Diciembre,17022,17,22,Tetela del Volcan,Morelos,Balsas,IV,Rio Balsas,9,sin dato,SIN SEQUIA,SIN REDUCCION,55.55,Media,75.17,Alta,9.13,Muy Baja
Region A - Primeros Quince dias habiles de cada Diciembre,17023,17,23,Tlalnepantla,Morelos,Balsas,IV,Rio Balsas,9,sin dato,SIN SEQUIA,SIN REDUCCION,19.39,Muy Baja,88.31,Muy Alta,79.08,Alta
Region A - Primeros Quince dias habiles de cada Diciembre,17024,17,24,Tlaltizapan,Morelos,Balsas,IV,Rio Balsas,9,sin dato,SIN SEQUIA,SIN REDUCCION,63.06,Alta,77.69,Alta,50.58,Media
Region A - Primeros Quince dias habiles de cada Diciembre,17025,17,25,Tlaquiltenango,Morelos,Balsas,IV,Rio Balsas,9,sin dato,SIN SEQUIA,SIN REDUCCION,1.5,Muy Baja,34.2,Baja,27.89,Baja
Region A - Primeros Quince dias habiles de cada Diciembre,17026,17,26,Tlayacapan,Morelos,Balsas,IV,Rio Balsas,9,sin dato,SIN SEQUIA,SIN REDUCCION,52.22,Media,82.04,Muy Alta,39.22,Baja
Region A - Primeros Quince dias habiles de cada Diciembre,17027,17,27,Totolapan,Morelos,Balsas,IV,Rio Balsas,9,sin dato,SIN SEQUIA,SIN REDUCCION,29.96,Baja,82.63,Muy Alta,50.42,Media
Region A - Primeros Quince dias habiles de cada Diciembre,17028,17,28,Xochitepec,Morelos,Balsas,IV,Rio Balsas,9,sin dato,SIN SEQUIA,SIN REDUCCION,35.61,Baja,84.69,Muy Alta,10.57,Muy Baja
Region A - Primeros Quince dias habiles de cada Diciembre,17029,17,29,Yautepec,Morelos,Balsas,IV,Rio Balsas,9,sin dato,SIN SEQUIA,SIN REDUCCION,66.3,Alta,35.6,Baja,19.52,Muy Baja
Region A - Primeros Quince dias habiles de cada Diciembre,17030,17,30,Yecapixtla,Morelos,Balsas,IV,Rio Balsas,9,sin dato,SIN SEQUIA,SIN REDUCCION,87.89,Muy Alta,82.23,Muy Alta,26.81,Baja
Region A - Primeros Quince dias habiles de cada Diciembre,17031,17,31,Zacatepec de Hidalgo,Morelos,Balsas,IV,Rio Balsas,9,sin dato,SIN SEQUIA,SIN REDUCCION,59.89,Media,85.13,Muy Alta,20.4,Baja
Region A - Primeros Quince dias habiles de cada Diciembre,17032,17,32,Zacualpan de Amilpas,Morelos,Balsas,IV,Rio Balsas,9,sin dato,SIN SEQUIA,SIN REDUCCION,64.89,Alta,68.16,Alta,38.98,Baja
Region A - Primeros Quince dias habiles de cada Diciembre,17033,17,33,Temoac,Morelos,Balsas,IV,Rio Balsas,9,sin dato,SIN SEQUIA,SIN REDUCCION,75.67,Alta,80.84,Muy Alta,29.24,Baja
Region A - Primeros Quince dias habiles de cada Diciembre,17034,17,34,Coatetelco,Morelos,Balsas,IV,Rio Balsas,9,sin dato,SIN SEQUIA,SIN REDUCCION,,,,,,
Region A - Primeros Quince dias habiles de cada Diciembre,17035,17,35,Xoxocotla,Morelos,Balsas,IV,Rio Balsas,9,sin dato,SIN SEQUIA,SIN REDUCCION,,,,,,
Region A - Primeros Quince dias habiles de cada Diciembre,17036,17,36,Hueyapan,Morelos,Balsas,IV,Rio Balsas,9,sin dato,SIN SEQUIA,SIN REDUCCION,,,,,,
Region A - Primeros Quince dias habiles de cada Diciembre,18001,18,1,Acaponeta,Nayarit,Pacifico Norte,III,Rios Presidio al San Pedro,8,sin dato,SIN SEQUIA,SIN REDUCCION,50.43,Media,74.16,Alta,56.10199976,Media
Region A - Primeros Quince dias habiles de cada Diciembre,18002,18,2,Ahuacatlan,Nayarit,Lerma Santiago Pacifico,VIII,Costa Pacifico Centro,17,sin dato,SIN SEQUIA,SIN REDUCCION,3.77,Muy Baja,28.08,Baja,29.71118886,Baja
Region A - Primeros Quince dias habiles de cada Diciembre,18003,18,3,Amatlan de Canas,Nayarit,Lerma Santiago Pacifico,VIII,Costa Pacifico Centro,17,sin dato,SIN SEQUIA,SIN REDUCCION,4.51,Muy Baja,26.01,Baja,22.94129808,Baja
Region A - Primeros Quince dias habiles de cada Diciembre,18004,18,4,Compostela,Nayarit,Lerma Santiago Pacifico,VIII,Costa Pacifico Centro,17,sin dato,SIN SEQUIA,SIN REDUCCION,9.22,Muy Baja,5.97,Muy Baja,38.87023186,Baja
Region A - Primeros Quince dias habiles de cada Diciembre,18005,18,5,Huajicori,Nayarit,Pacifico Norte,III,Rios Presidio al San Pedro,8,sin dato,SIN SEQUIA,SIN REDUCCION,91.55,Muy Alta,15.74,Muy Baja,90.85957928,Muy Alta
Region A - Primeros Quince dias habiles de cada Diciembre,18006,18,6,Ixtlan del Rio,Nayarit,Lerma Santiago Pacifico,VIII,Costa Pacifico Centro,17,sin dato,SIN SEQUIA,SIN REDUCCION,24.37,Baja,71.88,Alta,34.58734771,Baja
Region A - Primeros Quince dias habiles de cada Diciembre,18007,18,7,Jala,Nayarit,Lerma Santiago Pacifico,VIII,Rio Santiago,16,sin dato,SIN SEQUIA,SIN REDUCCION,45.7,Media,63.92,Alta,17.9772433,Muy Baja
Region A - Primeros Quince dias habiles de cada Diciembre,18008,18,8,Xalisco,Nayarit,Lerma Santiago Pacifico,VIII,Costa Pacifico Centro,17,sin dato,SIN SEQUIA,SIN REDUCCION,37.98,Baja,72.62,Alta,6.606789369,Muy Baja
Region A - Primeros Quince dias habiles de cada Diciembre,18009,18,9,Del Nayar,Nayarit,Lerma Santiago Pacifico,VIII,Rio Santiago,16,sin dato,SIN SEQUIA,SIN REDUCCION,5.26,Muy Baja,4.18,Muy Baja,100.0,Muy Alta
Region A - Primeros Quince dias habiles de cada Diciembre,18010,18,10,Rosamorada,Nayarit,Pacifico Norte,III,Rios Presidio al San Pedro,8,sin dato,SIN SEQUIA,SIN REDUCCION,44.82,Media,72.92,Alta,31.41948439,Baja
Region A - Primeros Quince dias habiles de cada Diciembre,18011,18,11,Ruiz,Nayarit,Pacifico Norte,III,Rios Presidio al San Pedro,8,D0,PRE-ALERTA,10%,30.44,Baja,83.29,Muy Alta,39.03901952,Baja
Region A - Primeros Quince dias habiles de cada Diciembre,18012,18,12,San Blas,Nayarit,Lerma Santiago Pacifico,VIII,Costa Pacifico Centro,17,D0,PRE-ALERTA,10%,20.98,Baja,40.28,Media,22.08094015,Baja
Region A - Primeros Quince dias habiles de cada Diciembre,18013,18,13,San Pedro Lagunillas,Nayarit,Lerma Santiago Pacifico,VIII,Costa Pacifico Centro,17,D0,PRE-ALERTA,10%,15.87,Muy Baja,33.9,Baja,13.56800587,Muy Baja
Region A - Primeros Quince dias habiles de cada Diciembre,18014,18,14,Santa Maria del Oro,Nayarit,Lerma Santiago Pacifico,VIII,Rio Santiago,16,sin dato,SIN SEQUIA,SIN REDUCCION,58.24,Media,53.32,Media,40.75532851,Media
Region A - Primeros Quince dias habiles de cada Diciembre,18015,18,15,Santiago Ixcuintla,Nayarit,Pacifico Norte,III,Rios Presidio al San Pedro,8,sin dato,SIN SEQUIA,SIN REDUCCION,8.23,Muy Baja,72.44,Alta,13.99277846,Muy Baja
Region A - Primeros Quince dias habiles de cada Diciembre,18016,18,16,Tecuala,Nayarit,Pacifico Norte,III,Rios Presidio al San Pedro,8,sin dato,SIN SEQUIA,SIN REDUCCION,74.87,Alta,60.07,Alta,16.35199525,Muy Baja
Region A - Primeros Quince dias habiles de cada Diciembre,18017,18,17,Tepic,Nayarit,Lerma Santiago Pacifico,VIII,Rio Santiago,16,sin dato,SIN SEQUIA,SIN REDUCCION,21.83,Baja,53.54,Media,96.88854174,Muy Alta
Region A - Primeros Quince dias habiles de cada Diciembre,18018,18,18,Tuxpan,Nayarit,Pacifico Norte,III,Rios Presidio al San Pedro,8,D0,PRE-ALERTA,10%,9.86,Muy Baja,89.44,Muy Alta,20.53893381,Baja
Region A - Primeros Quince dias habiles de cada Diciembre,18019,18,19,La Yesca,Nayarit,Lerma Santiago Pacifico,VIII,Rio Santiago,16,sin dato,SIN SEQUIA,SIN REDUCCION,10.35,Muy Baja,17.47,Muy Baja,99.42986951,Muy Alta
Region A - Primeros Quince dias habiles de cada Diciembre,18020,18,20,Bahia de Banderas,Nayarit,Lerma Santiago Pacifico,VIII,Costa Pacifico Centro,17,sin dato,SIN SEQUIA,SIN REDUCCION,10.86,Muy Baja,25.92,Baja,5.702552077,Muy Baja
Region A - Primeros Quince dias habiles de cada Diciembre,19001,19,1,Abasolo,Nuevo León,Rio Bravo,VI,Rio Bravo,12,D0,PRE-ALERTA,10%,75.25,Alta,69.14,Alta,38.26525478,Baja
Region C - Primeros 8 dias habiles de CADA MES,19002,19,2,Agualeguas,Nuevo León,Rio Bravo,VI,Rio Bravo,12,sin dato,SIN SEQUIA,SIN REDUCCION,19.65,Muy Baja,11.91,Muy Baja,6.478767761,Muy Baja
Region C - Primeros 8 dias habiles de CADA MES,19003,19,3,Los Aldamas,Nuevo León,Rio Bravo,VI,Rio Bravo,12,D0,VERDE,10%,43.54,Media,33.89,Baja,42.77789498,Media
Region A - Primeros Quince dias habiles de cada Diciembre,19004,19,4,Allende,Nuevo León,Rio Bravo,VI,Rio Bravo,12,sin dato,SIN SEQUIA,SIN REDUCCION,28.29,Baja,56.69,Media,27.55384531,Baja
Region C - Primeros 8 dias habiles de CADA MES,19005,19,5,Anahuac,Nuevo León,Rio Bravo,VI,Rio Bravo,12,sin dato,SIN SEQUIA,SIN REDUCCION,26.88,Baja,16.23,Muy Baja,22.84128742,Baja
Region A - Primeros Quince dias habiles de cada Diciembre,19006,19,6,Apodaca,Nuevo León,Rio Bravo,VI,Rio Bravo,12,D1,PRE-ALERTA,15%,68.52,Alta,93.65,Muy Alta,28.39868367,Baja
Region C - Primeros 8 dias habiles de CADA MES,19007,19,7,Aramberri,Nuevo León,Rio Bravo,VI,Rios San Fernando-Soto la Marina,18,D2,PRE-ALERTA,15%,6.47,Muy Baja,5.27,Muy Baja,50.17793089,Media
Region A - Primeros Quince dias habiles de cada Diciembre,19008,19,8,Bustamante,Nuevo León,Rio Bravo,VI,Rio Bravo,12,sin dato,SIN SEQUIA,SIN REDUCCION,88.42,Muy Alta,38.92,Baja,19.4197384,Muy Baja
Region C - Primeros 8 dias habiles de CADA MES,19009,19,9,Cadereyta Jimenez,Nuevo León,Rio Bravo,VI,Rio Bravo,12,D3,PRE-ALERTA,15%,54.49,Media,70.53,Alta,40.39843835,Media
Region A - Primeros Quince dias habiles de cada Diciembre,19010,19,10,Carmen,Nuevo León,Rio Bravo,VI,Rio Bravo,12,sin dato,SIN SEQUIA,SIN REDUCCION,70.28,Alta,82.61,Muy Alta,30.05884583,Baja
Region C - Primeros 8 dias habiles de CADA MES,19011,19,11,Cerralvo,Nuevo León,Rio Bravo,VI,Rio Bravo,12,sin dato,SIN SEQUIA,SIN REDUCCION,25.13,Baja,32.34,Baja,13.20441845,Muy Baja
Region A - Primeros Quince dias habiles de cada Diciembre,19012,19,12,Cienega de Flores,Nuevo León,Rio Bravo,VI,Rio Bravo,12,D1,PRE-ALERTA,15%,68.31,Alta,75.84,Alta,40.93360649,Media
Region C - Primeros 8 dias habiles de CADA MES,19013,19,13,China,Nuevo León,Rio Bravo,VI,Rios San Fernando-Soto la Marina,18,sin dato,SIN SEQUIA,SIN REDUCCION,12.1,Muy Baja,7.13,Muy Baja,7.394302743,Muy Baja
Region C - Primeros 8 dias habiles de CADA MES,19014,19,14,Dr. Arroyo,Nuevo León,Cuencas Centrales del Norte,VII,Del Altiplano,14,sin dato,SIN SEQUIA,SIN REDUCCION,12.86,Muy Baja,6.42,Muy Baja,60.87299674,Alta
Region C - Primeros 8 dias habiles de CADA MES,19015,19,15,Dr. Coss,Nuevo León,Rio Bravo,VI,Rio Bravo,12,D0,PRE-ALERTA,10%,62.72,Alta,46.25,Media,35.03774663,Baja
Region C - Primeros 8 dias habiles de CADA MES,19016,19,16,Dr. Gonzalez,Nuevo León,Rio Bravo,VI,Rio Bravo,12,sin dato,SIN SEQUIA,SIN REDUCCION,56.25,Media,53.39,Media,42.36095602,Media
Region A - Primeros Quince dias habiles de cada Diciembre,19017,19,17,Galeana,Nuevo León,Cuencas Centrales del Norte,VII,Del Altiplano,14,sin dato,SIN SEQUIA,SIN REDUCCION,30.85,Baja,12.3,Muy Baja,60.40240963,Alta
Region C - Primeros 8 dias habiles de CADA MES,19018,19,18,Garcia,Nuevo León,Rio Bravo,VI,Rio Bravo,12,sin dato,SIN SEQUIA,SIN REDUCCION,77.52,Alta,75.77,Alta,41.94308232,Media
Region A - Primeros Quince dias habiles de cada Diciembre,19019,19,19,San Pedro Garza Garcia,Nuevo León,Rio Bravo,VI,Rio Bravo,12,D1,PRE-ALERTA,15%,49.25,Media,86.83,Muy Alta,21.91636161,Baja
Region C - Primeros 8 dias habiles de CADA MES,19020,19,20,Gral. Bravo,Nuevo León,Rio Bravo,VI,Rio Bravo,12,sin dato,SIN SEQUIA,SIN REDUCCION,64.23,Alta,62.14,Alta,47.35309891,Media
Region A - Primeros Quince dias habiles de cada Diciembre,19021,19,21,Gral. Escobedo,Nuevo León,Rio Bravo,VI,Rio Bravo,12,sin dato,SIN SEQUIA,SIN REDUCCION,70.35,Alta,93.4,Muy Alta,33.99179199,Baja
Region C - Primeros 8 dias habiles de CADA MES,19022,19,22,Gral. Teran,Nuevo León,Rio Bravo,VI,Rio Bravo,12,sin dato,SIN SEQUIA,SIN REDUCCION,44.99,Media,45.05,Media,43.91648792,Media
Region C - Primeros 8 dias habiles de CADA MES,19023,19,23,Gral. Trevino,Nuevo León,Rio Bravo,VI,Rio Bravo,12,sin dato,SIN SEQUIA,SIN REDUCCION,23.92,Baja,10.4,Muy Baja,11.68007146,Muy Baja
Region A - Primeros Quince dias habiles de cada Diciembre,19024,19,24,Gral. Zaragoza,Nuevo León,Golfo Norte,IX,Rios San Fernando-Soto la Marina,18,D1,PRE-ALERTA,15%,6.71,Muy Baja,12.68,Muy Baja,87.04197212,Muy Alta
Region A - Primeros Quince dias habiles de cada Diciembre,19025,19,25,Gral. Zuazua,Nuevo León,Rio Bravo,VI,Rio Bravo,12,sin dato,SIN SEQUIA,SIN REDUCCION,68.9,Alta,78.8,Alta,62.72404931,Alta
Region A - Primeros Quince dias habiles de cada Diciembre,19026,19,26,Guadalupe,Nuevo León,Rio Bravo,VI,Rio Bravo,12,sin dato,SIN SEQUIA,SIN REDUCCION,56.17,Media,98.71,Muy Alta,30.77901257,Baja
Region A - Primeros Quince dias habiles de cada Diciembre,19027,19,27,Los Herreras,Nuevo León,Rio Bravo,VI,Rio Bravo,12,D2,PRE-ALERTA,15%,14.05,Muy Baja,6.04,Muy Baja,12.29530627,Muy Baja
Region C - Primeros 8 dias habiles de CADA MES,19028,19,28,Higueras,Nuevo León,Rio Bravo,VI,Rio Bravo,12,sin dato,SIN SEQUIA,SIN REDUCCION,47.54,Media,39.69,Baja,58.41767389,Media
Region C - Primeros 8 dias habiles de CADA MES,19029,19,29,Hualahuises,Nuevo León,Rio Bravo,VI,Rios San Fernando-Soto la Marina,18,sin dato,SIN SEQUIA,SIN REDUCCION,65.51,Alta,59.15,Media,35.88174748,Baja
Region A - Primeros Quince dias habiles de cada Diciembre,19030,19,30,Iturbide,Nuevo León,Rio Bravo,VI,Rios San Fernando-Soto la Marina,18,sin dato,SIN SEQUIA,SIN REDUCCION,29.4,Baja,19.04,Muy Baja,9.686383135,Muy Baja
Region A - Primeros Quince dias habiles de cada Diciembre,19031,19,31,Juarez,Nuevo León,Rio Bravo,VI,Rio Bravo,12,D0,PRE-ALERTA,10%,43.83,Media,77.12,Alta,25.18517124,Baja
Region C - Primeros 8 dias habiles de CADA MES,19032,19,32,Lampazos de Naranjo,Nuevo León,Rio Bravo,VI,Rio Bravo,12,sin dato,SIN SEQUIA,SIN REDUCCION,45.43,Media,37.8,Baja,12.50981211,Muy Baja
Region A - Primeros Quince dias habiles de cada Diciembre,19033,19,33,Linares,Nuevo León,Rio Bravo,VI,Rios San Fernando-Soto la Marina,18,sin dato,SIN SEQUIA,SIN REDUCCION,30.25,Baja,22.99,Baja,14.80596669,Muy Baja
Region C - Primeros 8 dias habiles de CADA MES,19034,19,34,Marin,Nuevo León,Rio Bravo,VI,Rio Bravo,12,sin dato,SIN SEQUIA,SIN REDUCCION,56.98,Media,68.3,Alta,27.9370761,Baja
Region A - Primeros Quince dias habiles de cada Diciembre,19035,19,35,Melchor Ocampo,Nuevo León,Rio Bravo,VI,Rio Bravo,12,sin dato,SIN SEQUIA,SIN REDUCCION,52.58,Media,44.24,Media,9.752136708,Muy Baja
Region A - Primeros Quince dias habiles de cada Diciembre,19036,19,36,Mier y Noriega,Nuevo León,Cuencas Centrales del Norte,VII,Del Altiplano,14,D1,PRE-ALERTA,15%,19.72,Muy Baja,10.36,Muy Baja,35.06012419,Baja
Region A - Primeros Quince dias habiles de cada Diciembre,19037,19,37,Mina,Nuevo León,Rio Bravo,VI,Rio Bravo,12,sin dato,SIN SEQUIA,SIN REDUCCION,46.19,Media,44.51,Media,31.188392,Baja
Region A - Primeros Quince dias habiles de cada Diciembre,19038,19,38,Montemorelos,Nuevo León,Rio Bravo,VI,Rio Bravo,12,sin dato,SIN SEQUIA,SIN REDUCCION,41.17,Media,94.99,Muy Alta,21.69602097,Baja
Region A - Primeros Quince dias habiles de cada Diciembre,19039,19,39,Monterrey,Nuevo León,Rio Bravo,VI,Rio Bravo,12,D0,PRE-ALERTA,10%,48.83,Media,97.18,Muy Alta,15.71219101,Muy Baja
Region C - Primeros 8 dias habiles de CADA MES,19040,19,40,Paras,Nuevo León,Rio Bravo,VI,Rio Bravo,12,sin dato,SIN SEQUIA,SIN REDUCCION,26.56,Baja,24.04,Baja,6.858483341,Muy Baja
Region A - Primeros Quince dias habiles de cada Diciembre,19041,19,41,Pesqueria,Nuevo León,Rio Bravo,VI,Rio Bravo,12,D1,PRE-ALERTA,15%,68.52,Alta,83.52,Muy Alta,26.66371278,Baja
Region A - Primeros Quince dias habiles de cada Diciembre,19042,19,42,Los Ramones,Nuevo León,Rio Bravo,VI,Rio Bravo,12,sin dato,SIN SEQUIA,SIN REDUCCION,46.93,Media,35.99,Baja,46.03944072,Media
Region A - Primeros Quince dias habiles de cada Diciembre,19043,19,43,Rayones,Nuevo León,Rio Bravo,VI,Rio Bravo,12,sin dato,SIN SEQUIA,SIN REDUCCION,4.3,Muy Baja,49.67,Media,36.11854717,Baja
Region C - Primeros 8 dias habiles de CADA MES,19044,19,44,Sabinas Hidalgo,Nuevo León,Rio Bravo,VI,Rio Bravo,12,D2,PRE-ALERTA,15%,42.98,Media,42.22,Media,26.62478764,Baja
Region C - Primeros 8 dias habiles de CADA MES,19045,19,45,Salinas Victoria,Nuevo León,Rio Bravo,VI,Rio Bravo,12,sin dato,SIN SEQUIA,SIN REDUCCION,93.02,Muy Alta,74.09,Alta,33.25817843,Baja
Region A - Primeros Quince dias habiles de cada Diciembre,19046,19,46,San Nicolas de los Garza,Nuevo León,Rio Bravo,VI,Rio Bravo,12,sin dato,SIN SEQUIA,SIN REDUCCION,67.68,Alta,99.62,Muy Alta,29.92804155,Baja
Region A - Primeros Quince dias habiles de cada Diciembre,19047,19,47,Hidalgo,Nuevo León,Rio Bravo,VI,Rio Bravo,12,sin dato,SIN SEQUIA,SIN REDUCCION,75.12,Alta,79.31,Alta,44.41130491,Media
Region A - Primeros Quince dias habiles de cada Diciembre,19048,19,48,Santa Catarina,Nuevo León,Rio Bravo,VI,Rio Bravo,12,D1,PRE-ALERTA,15%,14.0,Muy Baja,76.54,Alta,33.99607096,Baja
Region A - Primeros Quince dias habiles de cada Diciembre,19049,19,49,Santiago,Nuevo León,Rio Bravo,VI,Rio Bravo,12,sin dato,SIN SEQUIA,SIN REDUCCION,24.48,Baja,48.29,Media,20.54962832,Baja
Region C - Primeros 8 dias habiles de CADA MES,19050,19,50,Vallecillo,Nuevo León,Rio Bravo,VI,Rio Bravo,12,sin dato,SIN SEQUIA,SIN REDUCCION,25.0,Baja,17.71,Muy Baja,17.00012934,Muy Baja
Region C - Primeros 8 dias habiles de CADA MES,19051,19,51,Villaldama,Nuevo León,Rio Bravo,VI,Rio Bravo,12,sin dato,SIN SEQUIA,SIN REDUCCION,66.8,Alta,60.52,Alta,23.82290782,Baja
Region A - Primeros Quince dias habiles de cada Diciembre,20001,20,1,Abejones,Oaxaca,Golfo Centro,X,Rio Papaloapan,21,sin dato,SIN SEQUIA,SIN REDUCCION,34.82,Baja,10.92,Muy Baja,7.376694073,Muy Baja
Region A - Primeros Quince dias habiles de cada Diciembre,20002,20,2,Acatlan de Perez Figueroa,Oaxaca,Golfo Centro,X,Rio Papaloapan,21,sin dato,SIN SEQUIA,SIN REDUCCION,70.17,Alta,71.77,Alta,45.18784435,Media
Region A - Primeros Quince dias habiles de cada Diciembre,20003,20,3,Asuncion Cacalotepec,Oaxaca,Golfo Centro,X,Rio Papaloapan,21,D1,PRE-ALERTA,15%,45.44,Media,26.79,Baja,41.74689988,Media
Region A - Primeros Quince dias habiles de cada Diciembre,20004,20,4,Asuncion Cuyotepeji,Oaxaca,Balsas,IV,Rio Balsas,9,D0,PRE-ALERTA,10%,10.34,Muy Baja,27.82,Baja,22.93,Baja
Region A - Primeros Quince dias habiles de cada Diciembre,20005,20,5,Asuncion Ixtaltepec,Oaxaca,Pacifico Sur,V,Costa de Oaxaca,11,sin dato,SIN SEQUIA,SIN REDUCCION,10.77,Muy Baja,50.91,Media,4.047986232,Muy Baja
Region A - Primeros Quince dias habiles de cada Diciembre,20006,20,6,Asuncion Nochixtlan,Oaxaca,Golfo Centro,X,Rio Papaloapan,21,sin dato,SIN SEQUIA,SIN REDUCCION,20.32,Baja,46.99,Media,22.51372338,Baja
Region A - Primeros Quince dias habiles de cada Diciembre,20007,20,7,Asuncion Ocotlan,Oaxaca,Pacifico Sur,V,Costa de Oaxaca,11,sin dato,SIN SEQUIA,SIN REDUCCION,66.23,Alta,79.9,Alta,96.86837952,Muy Alta
Region A - Primeros Quince dias habiles de cada Diciembre,20008,20,8,Asuncion Tlacolulita,Oaxaca,Pacifico Sur,V,Costa de Oaxaca,11,sin dato,SIN SEQUIA,SIN REDUCCION,39.35,Baja,39.01,Baja,12.89330084,Muy Baja
Region A - Primeros Quince dias habiles de cada Diciembre,20009,20,9,Ayotzintepec,Oaxaca,Golfo Centro,X,Rio Papaloapan,21,D0,PRE-ALERTA,10%,43.5,Media,38.38,Baja,16.63640296,Muy Baja
Region A - Primeros Quince dias habiles de cada Diciembre,20010,20,10,El Barrio de la Soledad,Oaxaca,Golfo Centro,X,Rio Coatzacoalcos,22,sin dato,SIN SEQUIA,SIN REDUCCION,6.03,Muy Baja,6.44,Muy Baja,1.628671396,Muy Baja
Region A - Primeros Quince dias habiles de cada Diciembre,20011,20,11,Calihuala,Oaxaca,Balsas,IV,Rio Balsas,9,sin dato,SIN SEQUIA,SIN REDUCCION,21.49,Baja,10.5,Muy Baja,44.35,Media
Region A - Primeros Quince dias habiles de cada Diciembre,20012,20,12,Candelaria Loxicha,Oaxaca,Pacifico Sur,V,Costa de Oaxaca,11,sin dato,SIN SEQUIA,SIN REDUCCION,36.28,Baja,27.53,Baja,62.40693911,Alta
Region A - Primeros Quince dias habiles de cada Diciembre,20013,20,13,Cienega de Zimatlan,Oaxaca,Pacifico Sur,V,Costa de Oaxaca,11,sin dato,SIN SEQUIA,SIN REDUCCION,67.18,Alta,68.64,Alta,23.32430584,Baja
Region A - Primeros Quince dias habiles de cada Diciembre,20014,20,14,Ciudad Ixtepec,Oaxaca,Pacifico Sur,V,Costa de Oaxaca,11,D1,PRE-ALERTA,15%,38.05,Baja,50.28,Media,3.331095858,Muy Baja
Region A - Primeros Quince dias habiles de cada Diciembre,20015,20,15,Coatecas Altas,Oaxaca,Pacifico Sur,V,Costa de Oaxaca,11,sin dato,SIN SEQUIA,SIN REDUCCION,28.19,Baja,21.48,Baja,68.24847412,Alta
Region A - Primeros Quince dias habiles de cada Diciembre,20016,20,16,Coicoyan de las Flores,Oaxaca,Pacifico Sur,V,Costa de Oaxaca,11,sin dato,SIN SEQUIA,SIN REDUCCION,12.19,Muy Baja,3.12,Muy Baja,77.72411256,Alta
Region A - Primeros Quince dias habiles de cada Diciembre,20017,20,17,La Compania,Oaxaca,Pacifico Sur,V,Costa de Oaxaca,11,sin dato,SIN SEQUIA,SIN REDUCCION,89.81,Muy Alta,40.33,Media,56.14580471,Media
Region A - Primeros Quince dias habiles de cada Diciembre,20018,20,18,Concepcion Buenavista,Oaxaca,Golfo Centro,X,Rio Papaloapan,21,D0,PRE-ALERTA,10%,23.7,Baja,51.46,Media,46.61653447,Media
Region A - Primeros Quince dias habiles de cada Diciembre,20019,20,19,Concepcion Papalo,Oaxaca,Golfo Centro,X,Rio Papaloapan,21,sin dato,SIN SEQUIA,SIN REDUCCION,44.14,Media,38.71,Baja,30.51109594,Baja
Region A - Primeros Quince dias habiles de cada Diciembre,20020,20,20,Constancia del Rosario,Oaxaca,Pacifico Sur,V,Costa de Oaxaca,11,sin dato,SIN SEQUIA,SIN REDUCCION,99.37,Muy Alta,7.23,Muy Baja,20.89286042,Baja
Region A - Primeros Quince dias habiles de cada Diciembre,20021,20,21,Cosolapa,Oaxaca,Golfo Centro,X,Rio Papaloapan,21,sin dato,SIN SEQUIA,SIN REDUCCION,76.11,Alta,83.71,Muy Alta,32.75128723,Baja
Region A - Primeros Quince dias habiles de cada Diciembre,20022,20,22,Cosoltepec,Oaxaca,Balsas,IV,Rio Balsas,9,sin dato,SIN SEQUIA,SIN REDUCCION,15.72,Muy Baja,10.5,Muy Baja,11.12,Muy Baja
Region A - Primeros Quince dias habiles de cada Diciembre,20023,20,23,Cuilapam de Guerrero,Oaxaca,Pacifico Sur,V,Costa de Oaxaca,11,sin dato,SIN SEQUIA,SIN REDUCCION,66.23,Alta,90.24,Muy Alta,77.20112921,Alta
Region A - Primeros Quince dias habiles de cada Diciembre,20024,20,24,Cuyamecalco Villa de Zaragoza,Oaxaca,Golfo Centro,X,Rio Papaloapan,21,sin dato,SIN SEQUIA,SIN REDUCCION,74.13,Alta,63.17,Alta,54.72028523,Media
Region A - Primeros Quince dias habiles de cada Diciembre,20025,20,25,Chahuites,Oaxaca,Frontera Sur,XI,Costa de Oaxaca,11,sin dato,SIN SEQUIA,SIN REDUCCION,65.58,Alta,96.23,Muy Alta,61.26027072,Alta
Region A - Primeros Quince dias habiles de cada Diciembre,20026,20,26,Chalcatongo de Hidalgo,Oaxaca,Pacifico Sur,V,Costa de Oaxaca,11,D0,PRE-ALERTA,10%,42.43,Media,60.41,Alta,20.81473691,Baja
Region A - Primeros Quince dias habiles de cada Diciembre,20027,20,27,Chiquihuitlan de Benito Juarez,Oaxaca,Golfo Centro,X,Rio Papaloapan,21,sin dato,SIN SEQUIA,SIN REDUCCION,74.27,Alta,68.52,Alta,58.1072,Media
Region A - Primeros Quince dias habiles de cada Diciembre,20028,20,28,Heroica Ciudad de Ejutla de Crespo,Oaxaca,Pacifico Sur,V,Costa de Oaxaca,11,sin dato,SIN SEQUIA,SIN REDUCCION,30.55,Baja,23.73,Baja,56.00248964,Media
Region A - Primeros Quince dias habiles de cada Diciembre,20029,20,29,Eloxochitlan de Flores Magon,Oaxaca,Golfo Centro,X,Rio Papaloapan,21,sin dato,SIN SEQUIA,SIN REDUCCION,85.4,Muy Alta,82.61,Muy Alta,69.71915097,Alta
Region A - Primeros Quince dias habiles de cada Diciembre,20030,20,30,El Espinal,Oaxaca,Pacifico Sur,V,Costa de Oaxaca,11,sin dato,SIN SEQUIA,SIN REDUCCION,88.01,Muy Alta,94.16,Muy Alta,8.204124121,Muy Baja
Region A - Primeros Quince dias habiles de cada Diciembre,20031,20,31,Tamazulapam del Espiritu Santo,Oaxaca,Golfo Centro,X,Rio Papaloapan,21,sin dato,SIN SEQUIA,SIN REDUCCION,48.36,Media,59.92,Media,47.46887441,Media
Region A - Primeros Quince dias habiles de cada Diciembre,20032,20,32,Fresnillo de Trujano,Oaxaca,Balsas,IV,Rio Balsas,9,sin dato,SIN SEQUIA,SIN REDUCCION,17.0,Muy Baja,8.07,Muy Baja,61.0,Alta
Region A - Primeros Quince dias habiles de cada Diciembre,20033,20,33,Guadalupe Etla,Oaxaca,Pacifico Sur,V,Costa de Oaxaca,11,sin dato,SIN SEQUIA,SIN REDUCCION,66.23,Alta,89.05,Muy Alta,15.38898475,Muy Baja
Region A - Primeros Quince dias habiles de cada Diciembre,20034,20,34,Guadalupe de Ramirez,Oaxaca,Balsas,IV,Rio Balsas,9,sin dato,SIN SEQUIA,SIN REDUCCION,9.63,Muy Baja,7.89,Muy Baja,4.94,Muy Baja
Region A - Primeros Quince dias habiles de cada Diciembre,20035,20,35,Guelatao de Juarez,Oaxaca,Golfo Centro,X,Rio Papaloapan,21,sin dato,SIN SEQUIA,SIN REDUCCION,34.95,Baja,55.32,Media,1.90532347,Muy Baja
Region A - Primeros Quince dias habiles de cada Diciembre,20036,20,36,Guevea de Humboldt,Oaxaca,Pacifico Sur,V,Rio Coatzacoalcos,22,D0,PRE-ALERTA,10%,16.39,Muy Baja,23.24,Baja,3.679289292,Muy Baja
Region A - Primeros Quince dias habiles de cada Diciembre,20037,20,37,Mesones Hidalgo,Oaxaca,Pacifico Sur,V,Costa de Oaxaca,11,sin dato,SIN SEQUIA,SIN REDUCCION,16.74,Muy Baja,8.24,Muy Baja,93.83873893,Muy Alta
Region A - Primeros Quince dias habiles de cada Diciembre,20038,20,38,Villa Hidalgo,Oaxaca,Golfo Centro,X,Rio Papaloapan,21,sin dato,SIN SEQUIA,SIN REDUCCION,43.49,Media,50.04,Media,37.94040795,Baja
Region A - Primeros Quince dias habiles de cada Diciembre,20039,20,39,Heroica Ciudad de Huajuapan de Leon,Oaxaca,Balsas,IV,Rio Balsas,9,sin dato,SIN SEQUIA,SIN REDUCCION,18.59,Muy Baja,27.28,Baja,2.99,Muy Baja
Region A - Primeros Quince dias habiles de cada Diciembre,20040,20,40,Huautepec,Oaxaca,Golfo Centro,X,Rio Papaloapan,21,D0,PRE-ALERTA,10%,76.4,Alta,63.03,Alta,92.9833955,Muy Alta
Region A - Primeros Quince dias habiles de cada Diciembre,20041,20,41,Huautla de Jimenez,Oaxaca,Golfo Centro,X,Rio Papaloapan,21,sin dato,SIN SEQUIA,SIN REDUCCION,82.54,Muy Alta,78.72,Alta,82.37644332,Muy Alta
Region A - Primeros Quince dias habiles de cada Diciembre,20042,20,42,Ixtlan de Juarez,Oaxaca,Golfo Centro,X,Rio Papaloapan,21,sin dato,SIN SEQUIA,SIN REDUCCION,44.42,Media,62.42,Alta,28.49507208,Baja
Region A - Primeros Quince dias habiles de cada Diciembre,20043,20,43,Juchitan de Zaragoza,Oaxaca,Pacifico Sur,V,Costa de Oaxaca,11,D0,PRE-ALERTA,10%,80.87,Muy Alta,93.97,Muy Alta,31.53576447,Baja
Region A - Primeros Quince dias habiles de cada Diciembre,20044,20,44,Loma Bonita,Oaxaca,Golfo Centro,X,Rio Papaloapan,21,sin dato,SIN SEQUIA,SIN REDUCCION,49.07,Media,76.66,Alta,5.222335149,Muy Baja
Region A - Primeros Quince dias habiles de cada Diciembre,20045,20,45,Magdalena Apasco,Oaxaca,Pacifico Sur,V,Costa de Oaxaca,11,sin dato,SIN SEQUIA,SIN REDUCCION,66.23,Alta,83.47,Muy Alta,6.553047496,Muy Baja
Region A - Primeros Quince dias habiles de cada Diciembre,20046,20,46,Magdalena Jaltepec,Oaxaca,Pacifico Sur,V,Costa de Oaxaca,11,sin dato,SIN SEQUIA,SIN REDUCCION,28.48,Baja,26.96,Baja,14.27647623,Muy Baja
Region A - Primeros Quince dias habiles de cada Diciembre,20047,20,47,Santa Magdalena Jicotlan,Oaxaca,Golfo Centro,X,Rio Balsas,9,D0,PRE-ALERTA,10%,17.39,Muy Baja,60.48,Alta,13.16136068,Muy Baja
Region A - Primeros Quince dias habiles de cada Diciembre,20048,20,48,Magdalena Mixtepec,Oaxaca,Pacifico Sur,V,Costa de Oaxaca,11,sin dato,SIN SEQUIA,SIN REDUCCION,63.41,Alta,52.16,Media,52.27017488,Media
Region A - Primeros Quince dias habiles de cada Diciembre,20049,20,49,Magdalena Ocotlan,Oaxaca,Pacifico Sur,V,Costa de Oaxaca,11,sin dato,SIN SEQUIA,SIN REDUCCION,66.23,Alta,72.27,Alta,68.76362474,Alta
Region A - Primeros Quince dias habiles de cada Diciembre,20050,20,50,Magdalena Penasco,Oaxaca,Pacifico Sur,V,Costa de Oaxaca,11,sin dato,SIN SEQUIA,SIN REDUCCION,40.39,Media,47.04,Media,31.96848094,Baja
Region A - Primeros Quince dias habiles de cada Diciembre,20051,20,51,Magdalena Teitipac,Oaxaca,Pacifico Sur,V,Costa de Oaxaca,11,sin dato,SIN SEQUIA,SIN REDUCCION,78.11,Alta,89.79,Muy Alta,97.67382229,Muy Alta
Region A - Primeros Quince dias habiles de cada Diciembre,20052,20,52,Magdalena Tequisistlan,Oaxaca,Pacifico Sur,V,Costa de Oaxaca,11,sin dato,SIN SEQUIA,SIN REDUCCION,69.54,Alta,70.39,Alta,18.77850715,Muy Baja
Region A - Primeros Quince dias habiles de cada Diciembre,20053,20,53,Magdalena Tlacotepec,Oaxaca,Pacifico Sur,V,Costa de Oaxaca,11,sin dato,SIN SEQUIA,SIN REDUCCION,87.77,Muy Alta,81.06,Muy Alta,25.83844857,Baja
Region A - Primeros Quince dias habiles de cada Diciembre,20054,20,54,Magdalena Zahuatlan,Oaxaca,Pacifico Sur,V,Costa de Oaxaca,11,sin dato,SIN SEQUIA,SIN REDUCCION,28.75,Baja,31.2,Baja,33.21701464,Baja
Region A - Primeros Quince dias habiles de cada Diciembre,20055,20,55,Mariscala de Juarez,Oaxaca,Balsas,IV,Rio Balsas,9,sin dato,SIN SEQUIA,SIN REDUCCION,16.88,Muy Baja,15.85,Muy Baja,5.44,Muy Baja
Region A - Primeros Quince dias habiles de cada Diciembre,20056,20,56,Martires de Tacubaya,Oaxaca,Pacifico Sur,V,Costa de Oaxaca,11,sin dato,SIN SEQUIA,SIN REDUCCION,11.0,Muy Baja,15.44,Muy Baja,5.847975539,Muy Baja
Region A - Primeros Quince dias habiles de cada Diciembre,20057,20,57,Matias Romero Avendano,Oaxaca,Golfo Centro,X,Rio Coatzacoalcos,22,D0,AMARILLO,15%,6.49,Muy Baja,16.12,Muy Baja,55.11550669,Media
Region A - Primeros Quince dias habiles de cada Diciembre,20058,20,58,Mazatlan Villa de Flores,Oaxaca,Golfo Centro,X,Rio Papaloapan,21,sin dato,SIN SEQUIA,SIN REDUCCION,58.62,Media,48.93,Media,80.31464545,Muy Alta
Region A - Primeros Quince dias habiles de cada Diciembre,20059,20,59,Miahuatlan de Porfirio Diaz,Oaxaca,Pacifico Sur,V,Costa de Oaxaca,11,D0,PRE-ALERTA,10%,40.23,Media,42.63,Media,36.30496726,Baja
Region A - Primeros Quince dias habiles de cada Diciembre,20060,20,60,Mixistlan de la Reforma,Oaxaca,Golfo Centro,X,Rio Papaloapan,21,sin dato,SIN SEQUIA,SIN REDUCCION,43.49,Media,43.56,Media,42.13589857,Media
Region A - Primeros Quince dias habiles de cada Diciembre,20061,20,61,Monjas,Oaxaca,Pacifico Sur,V,Costa de Oaxaca,11,D1,PRE-ALERTA,15%,39.12,Baja,28.63,Baja,67.89925419,Alta
Region A - Primeros Quince dias habiles de cada Diciembre,20062,20,62,Natividad,Oaxaca,Golfo Centro,X,Rio Papaloapan,21,sin dato,SIN SEQUIA,SIN REDUCCION,34.66,Baja,52.35,Media,3.218904042,Muy Baja
Region A - Primeros Quince dias habiles de cada Diciembre,20063,20,63,Nazareno Etla,Oaxaca,Pacifico Sur,V,Costa de Oaxaca,11,sin dato,SIN SEQUIA,SIN REDUCCION,66.4,Alta,93.17,Muy Alta,10.35156536,Muy Baja
Region A - Primeros Quince dias habiles de cada Diciembre,20064,20,64,Nejapa de Madero,Oaxaca,Pacifico Sur,V,Costa de Oaxaca,11,sin dato,SIN SEQUIA,SIN REDUCCION,47.82,Media,34.5,Baja,91.9128705,Muy Alta
Region A - Primeros Quince dias habiles de cada Diciembre,20065,20,65,Ixpantepec Nieves,Oaxaca,Balsas,IV,Rio Balsas,9,sin dato,SIN SEQUIA,SIN REDUCCION,15.85,Muy Baja,11.53,Muy Baja,49.66,Media
Region A - Primeros Quince dias habiles de cada Diciembre,20066,20,66,Santiago Niltepec,Oaxaca,Pacifico Sur,V,Costa de Oaxaca,11,sin dato,SIN SEQUIA,SIN REDUCCION,44.83,Media,62.89,Alta,11.56516705,Muy Baja
Region A - Primeros Quince dias habiles de cada Diciembre,20067,20,67,Oaxaca de Juarez,Oaxaca,Pacifico Sur,V,Costa de Oaxaca,11,sin dato,SIN SEQUIA,SIN REDUCCION,52.77,Media,100.0,Muy Alta,11.04182826,Muy Baja
Region A - Primeros Quince dias habiles de cada Diciembre,20068,20,68,Ocotlan de Morelos,Oaxaca,Pacifico Sur,V,Costa de Oaxaca,11,sin dato,SIN SEQUIA,SIN REDUCCION,13.36,Muy Baja,42.82,Media,35.20173582,Baja
Region A - Primeros Quince dias habiles de cada Diciembre,20069,20,69,La Pe,Oaxaca,Pacifico Sur,V,Costa de Oaxaca,11,sin dato,SIN SEQUIA,SIN REDUCCION,48.54,Media,35.16,Baja,13.45021008,Muy Baja
Region A - Primeros Quince dias habiles de cada Diciembre,20070,20,70,Pinotepa de Don Luis,Oaxaca,Pacifico Sur,V,Costa de Oaxaca,11,sin dato,SIN SEQUIA,SIN REDUCCION,18.89,Muy Baja,35.18,Baja,15.88046182,Muy Baja
Region A - Primeros Quince dias habiles de cada Diciembre,20071,20,71,Pluma Hidalgo,Oaxaca,Pacifico Sur,V,Costa de Oaxaca,11,sin dato,SIN SEQUIA,SIN REDUCCION,28.13,Baja,33.06,Baja,46.58516301,Media
Region A - Primeros Quince dias habiles de cada Diciembre,20072,20,72,San Jose del Progreso,Oaxaca,Pacifico Sur,V,Costa de Oaxaca,11,sin dato,SIN SEQUIA,SIN REDUCCION,48.98,Media,49.15,Media,46.08547384,Media
Region A - Primeros Quince dias habiles de cada Diciembre,20073,20,73,Putla Villa de Guerrero,Oaxaca,Pacifico Sur,V,Costa de Oaxaca,11,sin dato,SIN SEQUIA,SIN REDUCCION,17.96,Muy Baja,11.95,Muy Baja,6.967034223,Muy Baja
Region A - Primeros Quince dias habiles de cada Diciembre,20074,20,74,Santa Catarina Quioquitani,Oaxaca,Pacifico Sur,V,Costa de Oaxaca,11,sin dato,SIN SEQUIA,SIN REDUCCION,46.48,Media,33.47,Baja,3.234731094,Muy Baja
Region A - Primeros Quince dias habiles de cada Diciembre,20075,20,75,Reforma de Pineda,Oaxaca,Pacifico Sur,V,Costa de Oaxaca,11,sin dato,SIN SEQUIA,SIN REDUCCION,53.22,Media,73.85,Alta,17.49443782,Muy Baja
Region A - Primeros Quince dias habiles de cada Diciembre,20076,20,76,La Reforma,Oaxaca,Pacifico Sur,V,Costa de Oaxaca,11,sin dato,SIN SEQUIA,SIN REDUCCION,16.9,Muy Baja,14.46,Muy Baja,8.904566507,Muy Baja
Region A - Primeros Quince dias habiles de cada Diciembre,20077,20,77,Reyes Etla,Oaxaca,Pacifico Sur,V,Costa de Oaxaca,11,sin dato,SIN SEQUIA,SIN REDUCCION,66.23,Alta,84.94,Muy Alta,31.88080748,Baja
Region A - Primeros Quince dias habiles de cada Diciembre,20078,20,78,Rojas de Cuauhtemoc,Oaxaca,Pacifico Sur,V,Costa de Oaxaca,11,sin dato,SIN SEQUIA,SIN REDUCCION,87.03,Muy Alta,94.79,Muy Alta,43.51494164,Media
Region A - Primeros Quince dias habiles de cada Diciembre,20079,20,79,Salina Cruz,Oaxaca,Pacifico Sur,V,Costa de Oaxaca,11,sin dato,SIN SEQUIA,SIN REDUCCION,48.39,Media,78.59,Alta,16.58601317,Muy Baja
Region A - Primeros Quince dias habiles de cada Diciembre,20080,20,80,San Agustin Amatengo,Oaxaca,Pacifico Sur,V,Costa de Oaxaca,11,sin dato,SIN SEQUIA,SIN REDUCCION,37.54,Baja,44.39,Media,55.95850335,Media
Region A - Primeros Quince dias habiles de cada Diciembre,20081,20,81,San Agustin Atenango,Oaxaca,Balsas,IV,Rio Balsas,9,sin dato,SIN SEQUIA,SIN REDUCCION,16.69,Muy Baja,11.71,Muy Baja,44.55,Media
Region A - Primeros Quince dias habiles de cada Diciembre,20082,20,82,San Agustin Chayuco,Oaxaca,Pacifico Sur,V,Costa de Oaxaca,11,sin dato,SIN SEQUIA,SIN REDUCCION,20.63,Baja,27.14,Baja,21.00055857,Baja
Region A - Primeros Quince dias habiles de cada Diciembre,20083,20,83,San Agustin de las Juntas,Oaxaca,Pacifico Sur,V,Costa de Oaxaca,11,sin dato,SIN SEQUIA,SIN REDUCCION,68.3,Alta,88.38,Muy Alta,33.80051799,Baja
Region A - Primeros Quince dias habiles de cada Diciembre,20084,20,84,San Agustin Etla,Oaxaca,Pacifico Sur,V,Costa de Oaxaca,11,sin dato,SIN SEQUIA,SIN REDUCCION,49.08,Media,78.09,Alta,13.7583264,Muy Baja
Region A - Primeros Quince dias habiles de cada Diciembre,20085,20,85,San Agustin Loxicha,Oaxaca,Pacifico Sur,V,Costa de Oaxaca,11,sin dato,SIN SEQUIA,SIN REDUCCION,35.21,Baja,20.69,Baja,45.88784987,Media
Region A - Primeros Quince dias habiles de cada Diciembre,20086,20,86,San Agustin Tlacotepec,Oaxaca,Pacifico Sur,V,Costa de Oaxaca,11,sin dato,SIN SEQUIA,SIN REDUCCION,31.44,Baja,60.25,Alta,36.62801984,Baja
Region A - Primeros Quince dias habiles de cada Diciembre,20087,20,87,San Agustin Yatareni,Oaxaca,Pacifico Sur,V,Costa de Oaxaca,11,sin dato,SIN SEQUIA,SIN REDUCCION,87.05,Muy Alta,97.87,Muy Alta,98.73906565,Muy Alta
Region A - Primeros Quince dias habiles de cada Diciembre,20088,20,88,San Andres Cabecera Nueva,Oaxaca,Pacifico Sur,V,Costa de Oaxaca,11,sin dato,SIN SEQUIA,SIN REDUCCION,45.61,Media,23.97,Baja,46.76600765,Media
Region A - Primeros Quince dias habiles de cada Diciembre,20089,20,89,San Andres Dinicuiti,Oaxaca,Balsas,IV,Rio Balsas,9,sin dato,SIN SEQUIA,SIN REDUCCION,6.81,Muy Baja,27.48,Baja,27.03,Baja
Region A - Primeros Quince dias habiles de cada Diciembre,20090,20,90,San Andres Huaxpaltepec,Oaxaca,Pacifico Sur,V,Costa de Oaxaca,11,sin dato,SIN SEQUIA,SIN REDUCCION,40.23,Media,64.76,Alta,41.82269182,Media
Region A - Primeros Quince dias habiles de cada Diciembre,20091,20,91,San Andres Huayapam,Oaxaca,Pacifico Sur,V,Costa de Oaxaca,11,sin dato,SIN SEQUIA,SIN REDUCCION,28.07,Baja,95.85,Muy Alta,47.49868499,Media
Region A - Primeros Quince dias habiles de cada Diciembre,20092,20,92,San Andres Ixtlahuaca,Oaxaca,Pacifico Sur,V,Costa de Oaxaca,11,sin dato,SIN SEQUIA,SIN REDUCCION,11.63,Muy Baja,59.48,Media,75.67045112,Alta
Region A - Primeros Quince dias habiles de cada Diciembre,20093,20,93,San Andres Lagunas,Oaxaca,Balsas,IV,Rio Balsas,9,sin dato,SIN SEQUIA,SIN REDUCCION,43.0,Media,62.57,Alta,19.22,Muy Baja
Region A - Primeros Quince dias habiles de cada Diciembre,20094,20,94,San Andres Nuxino,Oaxaca,Pacifico Sur,V,Costa de Oaxaca,11,sin dato,SIN SEQUIA,SIN REDUCCION,28.84,Baja,25.35,Baja,7.380127504,Muy Baja
Region A - Primeros Quince dias habiles de cada Diciembre,20095,20,95,San Andres Paxtlan,Oaxaca,Pacifico Sur,V,Costa de Oaxaca,11,sin dato,SIN SEQUIA,SIN REDUCCION,35.26,Baja,26.68,Baja,60.69723913,Alta
Region A - Primeros Quince dias habiles de cada Diciembre,20096,20,96,San Andres Sinaxtla,Oaxaca,Pacifico Sur,V,Costa de Oaxaca,11,sin dato,SIN SEQUIA,SIN REDUCCION,27.33,Baja,34.42,Baja,16.08341805,Muy Baja
Region A - Primeros Quince dias habiles de cada Diciembre,20097,20,97,San Andres Solaga,Oaxaca,Golfo Centro,X,Rio Papaloapan,21,sin dato,SIN SEQUIA,SIN REDUCCION,43.58,Media,26.46,Baja,38.81385186,Baja
Region A - Primeros Quince dias habiles de cada Diciembre,20098,20,98,San Andres Teotilalpam,Oaxaca,Golfo Centro,X,Rio Papaloapan,21,sin dato,SIN SEQUIA,SIN REDUCCION,74.29,Alta,58.85,Media,61.05974774,Alta
Region A - Primeros Quince dias habiles de cada Diciembre,20099,20,99,San Andres Tepetlapa,Oaxaca,Balsas,IV,Rio Balsas,9,sin dato,SIN SEQUIA,SIN REDUCCION,20.76,Baja,10.63,Muy Baja,67.03,Alta
Region A - Primeros Quince dias habiles de cada Diciembre,20100,20,100,San Andres Yaa,Oaxaca,Golfo Centro,X,Rio Papaloapan,21,sin dato,SIN SEQUIA,SIN REDUCCION,43.49,Media,50.66,Media,65.32669135,Alta
Region A - Primeros Quince dias habiles de cada Diciembre,20101,20,101,San Andres Zabache,Oaxaca,Pacifico Sur,V,Costa de Oaxaca,11,sin dato,SIN SEQUIA,SIN REDUCCION,99.98,Muy Alta,38.93,Baja,82.5838281,Muy Alta
Region A - Primeros Quince dias habiles de cada Diciembre,20102,20,102,San Andres Zautla,Oaxaca,Pacifico Sur,V,Costa de Oaxaca,11,sin dato,SIN SEQUIA,SIN REDUCCION,50.41,Media,59.92,Media,69.12114424,Alta
Region A - Primeros Quince dias habiles de cada Diciembre,20103,20,103,San Antonino Castillo Velasco,Oaxaca,Pacifico Sur,V,Costa de Oaxaca,11,sin dato,SIN SEQUIA,SIN REDUCCION,66.23,Alta,72.69,Alta,97.14469097,Muy Alta
Region A - Primeros Quince dias habiles de cada Diciembre,20104,20,104,San Antonino el Alto,Oaxaca,Pacifico Sur,V,Costa de Oaxaca,11,sin dato,SIN SEQUIA,SIN REDUCCION,49.62,Media,46.28,Media,37.23253058,Baja
Region A - Primeros Quince dias habiles de cada Diciembre,20105,20,105,San Antonino Monte Verde,Oaxaca,Balsas,IV,Rio Balsas,9,sin dato,SIN SEQUIA,SIN REDUCCION,31.04,Baja,29.88,Baja,24.33,Baja
Region A - Primeros Quince dias habiles de cada Diciembre,20106,20,106,San Antonio Acutla,Oaxaca,Balsas,IV,Rio Balsas,9,sin dato,SIN SEQUIA,SIN REDUCCION,0.0,Muy Baja,42.03,Media,22.06,Baja
Region A - Primeros Quince dias habiles de cada Diciembre,20107,20,107,San Antonio de la Cal,Oaxaca,Pacifico Sur,V,Costa de Oaxaca,11,sin dato,SIN SEQUIA,SIN REDUCCION,72.06,Alta,99.66,Muy Alta,37.92099246,Baja
Region A - Primeros Quince dias habiles de cada Diciembre,20108,20,108,San Antonio Huitepec,Oaxaca,Pacifico Sur,V,Costa de Oaxaca,11,sin dato,SIN SEQUIA,SIN REDUCCION,42.52,Media,27.03,Baja,31.5473336,Baja
Region A - Primeros Quince dias habiles de cada Diciembre,20109,20,109,San Antonio Nanahuatipam,Oaxaca,Golfo Centro,X,Rio Papaloapan,21,sin dato,SIN SEQUIA,SIN REDUCCION,9.3,Muy Baja,45.38,Media,17.12951378,Muy Baja
Region A - Primeros Quince dias habiles de cada Diciembre,20110,20,110,San Antonio Sinicahua,Oaxaca,Pacifico Sur,V,Costa de Oaxaca,11,sin dato,SIN SEQUIA,SIN REDUCCION,42.43,Media,58.36,Media,98.47742529,Muy Alta
Region A - Primeros Quince dias habiles de cada Diciembre,20111,20,111,San Antonio Tepetlapa,Oaxaca,Pacifico Sur,V,Costa de Oaxaca,11,sin dato,SIN SEQUIA,SIN REDUCCION,13.34,Muy Baja,8.42,Muy Baja,69.05649992,Alta
Region A - Primeros Quince dias habiles de cada Diciembre,20112,20,112,San Baltazar Chichicapam,Oaxaca,Pacifico Sur,V,Costa de Oaxaca,11,sin dato,SIN SEQUIA,SIN REDUCCION,53.5,Media,9.85,Muy Baja,71.24618032,Alta
Region A - Primeros Quince dias habiles de cada Diciembre,20113,20,113,San Baltazar Loxicha,Oaxaca,Pacifico Sur,V,Costa de Oaxaca,11,sin dato,SIN SEQUIA,SIN REDUCCION,30.84,Baja,32.02,Baja,6.155146371,Muy Baja
Region A - Primeros Quince dias habiles de cada Diciembre,20114,20,114,San Baltazar Yatzachi el Bajo,Oaxaca,Golfo Centro,X,Rio Papaloapan,21,sin dato,SIN SEQUIA,SIN REDUCCION,43.49,Media,33.5,Baja,36.1181947,Baja
Region A - Primeros Quince dias habiles de cada Diciembre,20115,20,115,San Bartolo Coyotepec,Oaxaca,Pacifico Sur,V,Costa de Oaxaca,11,sin dato,SIN SEQUIA,SIN REDUCCION,68.13,Alta,85.28,Muy Alta,50.60387057,Media
Region A - Primeros Quince dias habiles de cada Diciembre,20116,20,116,San Bartolome Ayautla,Oaxaca,Golfo Centro,X,Rio Papaloapan,21,sin dato,SIN SEQUIA,SIN REDUCCION,79.08,Alta,46.04,Media,67.92678719,Alta
Region A - Primeros Quince dias habiles de cada Diciembre,20117,20,117,San Bartolome Loxicha,Oaxaca,Pacifico Sur,V,Costa de Oaxaca,11,sin dato,SIN SEQUIA,SIN REDUCCION,31.21,Baja,28.08,Baja,49.49153774,Media
Region A - Primeros Quince dias habiles de cada Diciembre,20118,20,118,San Bartolome Quialana,Oaxaca,Pacifico Sur,V,Costa de Oaxaca,11,sin dato,SIN SEQUIA,SIN REDUCCION,83.64,Muy Alta,86.49,Muy Alta,97.61741443,Muy Alta
Region A - Primeros Quince dias habiles de cada Diciembre,20119,20,119,San Bartolome Yucuane,Oaxaca,Pacifico Sur,V,Costa de Oaxaca,11,sin dato,SIN SEQUIA,SIN REDUCCION,20.53,Baja,72.2,Alta,48.72944396,Media
Region A - Primeros Quince dias habiles de cada Diciembre,20120,20,120,San Bartolome Zoogocho,Oaxaca,Golfo Centro,X,Rio Papaloapan,21,sin dato,SIN SEQUIA,SIN REDUCCION,43.49,Media,5.78,Muy Baja,7.019830066,Muy Baja
Region A - Primeros Quince dias habiles de cada Diciembre,20121,20,121,San Bartolo Soyaltepec,Oaxaca,Pacifico Sur,V,Costa de Oaxaca,11,sin dato,SIN SEQUIA,SIN REDUCCION,11.01,Muy Baja,56.0,Media,45.27051077,Media
Region A - Primeros Quince dias habiles de cada Diciembre,20122,20,122,San Bartolo Yautepec,Oaxaca,Pacifico Sur,V,Costa de Oaxaca,11,sin dato,SIN SEQUIA,SIN REDUCCION,39.52,Baja,37.46,Baja,5.436800302,Muy Baja
Region A - Primeros Quince dias habiles de cada Diciembre,20123,20,123,San Bernardo Mixtepec,Oaxaca,Pacifico Sur,V,Costa de Oaxaca,11,sin dato,SIN SEQUIA,SIN REDUCCION,59.53,Media,52.09,Media,57.88903332,Media
Region A - Primeros Quince dias habiles de cada Diciembre,20124,20,124,San Blas Atempa,Oaxaca,Pacifico Sur,V,Costa de Oaxaca,11,sin dato,SIN SEQUIA,SIN REDUCCION,88.03,Muy Alta,81.06,Muy Alta,99.03383952,Muy Alta
Region A - Primeros Quince dias habiles de cada Diciembre,20125,20,125,San Carlos Yautepec,Oaxaca,Pacifico Sur,V,Costa de Oaxaca,11,sin dato,SIN SEQUIA,SIN REDUCCION,49.63,Media,45.85,Media,76.15167608,Alta
Region A - Primeros Quince dias habiles de cada Diciembre,20126,20,126,San Cristobal Amatlan,Oaxaca,Pacifico Sur,V,Costa de Oaxaca,11,sin dato,SIN SEQUIA,SIN REDUCCION,3.29,Muy Baja,49.74,Media,75.41319483,Alta
Region A - Primeros Quince dias habiles de cada Diciembre,20127,20,127,San Cristobal Amoltepec,Oaxaca,Pacifico Sur,V,Rio Balsas,9,sin dato,SIN SEQUIA,SIN REDUCCION,55.98,Media,30.2,Baja,67.72108831,Alta
Region A - Primeros Quince dias habiles de cada Diciembre,20128,20,128,San Cristobal Lachirioag,Oaxaca,Golfo Centro,X,Rio Papaloapan,21,sin dato,SIN SEQUIA,SIN REDUCCION,43.49,Media,35.08,Baja,46.05263413,Media
Region A - Primeros Quince dias habiles de cada Diciembre,20129,20,129,San Cristobal Suchixtlahuaca,Oaxaca,Golfo Centro,X,Rio Papaloapan,21,sin dato,SIN SEQUIA,SIN REDUCCION,22.27,Baja,47.72,Media,10.99583415,Muy Baja
Region A - Primeros Quince dias habiles de cada Diciembre,20130,20,130,San Dionisio del Mar,Oaxaca,Pacifico Sur,V,Costa de Oaxaca,11,sin dato,SIN SEQUIA,SIN REDUCCION,54.44,Media,50.75,Media,86.10331679,Muy Alta
Region A - Primeros Quince dias habiles de cada Diciembre,20131,20,131,San Dionisio Ocotepec,Oaxaca,Pacifico Sur,V,Costa de Oaxaca,11,sin dato,SIN SEQUIA,SIN REDUCCION,53.5,Media,34.71,Baja,89.97127945,Muy Alta
Region A - Primeros Quince dias habiles de cada Diciembre,20132,20,132,San Dionisio Ocotlan,Oaxaca,Pacifico Sur,V,Costa de Oaxaca,11,sin dato,SIN SEQUIA,SIN REDUCCION,11.21,Muy Baja,56.89,Media,62.95598287,Alta
Region A - Primeros Quince dias habiles de cada Diciembre,20133,20,133,San Esteban Atatlahuca,Oaxaca,Pacifico Sur,V,Costa de Oaxaca,11,sin dato,SIN SEQUIA,SIN REDUCCION,41.55,Media,22.27,Baja,73.97452062,Alta
Region A - Primeros Quince dias habiles de cada Diciembre,20134,20,134,San Felipe Jalapa de Diaz,Oaxaca,Golfo Centro,X,Rio Papaloapan,21,sin dato,SIN SEQUIA,SIN REDUCCION,80.99,Muy Alta,90.62,Muy Alta,85.25890579,Muy Alta
Region A - Primeros Quince dias habiles de cada Diciembre,20135,20,135,San Felipe Tejalapam,Oaxaca,Pacifico Sur,V,Costa de Oaxaca,11,sin dato,SIN SEQUIA,SIN REDUCCION,66.42,Alta,78.91,Alta,69.27249104,Alta
Region A - Primeros Quince dias habiles de cada Diciembre,20136,20,136,San Felipe Usila,Oaxaca,Golfo Centro,X,Rio Papaloapan,21,sin dato,SIN SEQUIA,SIN REDUCCION,53.6,Media,73.24,Alta,55.36359195,Media
Region A - Primeros Quince dias habiles de cada Diciembre,20137,20,137,San Francisco Cahuacua,Oaxaca,Pacifico Sur,V,Costa de Oaxaca,11,sin dato,SIN SEQUIA,SIN REDUCCION,42.21,Media,28.86,Baja,64.76835627,Alta
Region A - Primeros Quince dias habiles de cada Diciembre,20138,20,138,San Francisco Cajonos,Oaxaca,Golfo Centro,X,Rio Papaloapan,21,sin dato,SIN SEQUIA,SIN REDUCCION,43.49,Media,36.19,Baja,32.73304944,Baja
Region A - Primeros Quince dias habiles de cada Diciembre,20139,20,139,San Francisco Chapulapa,Oaxaca,Golfo Centro,X,Rio Papaloapan,21,sin dato,SIN SEQUIA,SIN REDUCCION,74.27,Alta,48.38,Media,42.0154925,Media
Region A - Primeros Quince dias habiles de cada Diciembre,20140,20,140,San Francisco Chindua,Oaxaca,Pacifico Sur,V,Costa de Oaxaca,11,sin dato,SIN SEQUIA,SIN REDUCCION,15.56,Muy Baja,26.99,Baja,19.46767133,Muy Baja
Region A - Primeros Quince dias habiles de cada Diciembre,20141,20,141,San Francisco del Mar,Oaxaca,Pacifico Sur,V,Costa de Oaxaca,11,sin dato,SIN SEQUIA,SIN REDUCCION,46.91,Media,75.77,Alta,87.89364138,Muy Alta
Region A - Primeros Quince dias habiles de cada Diciembre,20142,20,142,San Francisco Huehuetlan,Oaxaca,Golfo Centro,X,Rio Papaloapan,21,sin dato,SIN SEQUIA,SIN REDUCCION,85.41,Muy Alta,77.8,Alta,87.50923781,Muy Alta
Region A - Primeros Quince dias habiles de cada Diciembre,20143,20,143,San Francisco Ixhuatan,Oaxaca,Pacifico Sur,V,Costa de Oaxaca,11,sin dato,SIN SEQUIA,SIN REDUCCION,52.05,Media,73.87,Alta,54.53446923,Media
Region A - Primeros Quince dias habiles de cada Diciembre,20144,20,144,San Francisco Jaltepetongo,Oaxaca,Pacifico Sur,V,Costa de Oaxaca,11,sin dato,SIN SEQUIA,SIN REDUCCION,27.51,Baja,23.27,Baja,51.83510309,Media
Region A - Primeros Quince dias habiles de cada Diciembre,20145,20,145,San Francisco Lachigolo,Oaxaca,Pacifico Sur,V,Costa de Oaxaca,11,sin dato,SIN SEQUIA,SIN REDUCCION,87.01,Muy Alta,95.71,Muy Alta,64.42216258,Alta
Region A - Primeros Quince dias habiles de cada Diciembre,20146,20,146,San Francisco Logueche,Oaxaca,Pacifico Sur,V,Costa de Oaxaca,11,sin dato,SIN SEQUIA,SIN REDUCCION,46.44,Media,38.26,Baja,58.0783871,Media
Region A - Primeros Quince dias habiles de cada Diciembre,20147,20,147,San Francisco Nuxano,Oaxaca,Pacifico Sur,V,Costa de Oaxaca,11,sin dato,SIN SEQUIA,SIN REDUCCION,15.24,Muy Baja,35.55,Baja,19.02381447,Muy Baja
Region A - Primeros Quince dias habiles de cada Diciembre,20148,20,148,San Francisco Ozolotepec,Oaxaca,Pacifico Sur,V,Costa de Oaxaca,11,sin dato,SIN SEQUIA,SIN REDUCCION,42.63,Media,36.57,Baja,69.67330566,Alta
Region A - Primeros Quince dias habiles de cada Diciembre,20149,20,149,San Francisco Sola,Oaxaca,Pacifico Sur,V,Costa de Oaxaca,11,sin dato,SIN SEQUIA,SIN REDUCCION,37.54,Baja,38.35,Baja,74.61597457,Alta
Region A - Primeros Quince dias habiles de cada Diciembre,20150,20,150,San Francisco Telixtlahuaca,Oaxaca,Pacifico Sur,V,Rio Papaloapan,21,sin dato,SIN SEQUIA,SIN REDUCCION,53.3,Media,61.34,Alta,47.79411638,Media
Region A - Primeros Quince dias habiles de cada Diciembre,20151,20,151,San Francisco Teopan,Oaxaca,Golfo Centro,X,Rio Balsas,9,sin dato,SIN SEQUIA,SIN REDUCCION,26.73,Baja,30.24,Baja,49.43520965,Media
Region A - Primeros Quince dias habiles de cada Diciembre,20152,20,152,San Francisco Tlapancingo,Oaxaca,Balsas,IV,Rio Balsas,9,sin dato,SIN SEQUIA,SIN REDUCCION,17.89,Muy Baja,10.67,Muy Baja,90.04,Muy Alta
Region A - Primeros Quince dias habiles de cada Diciembre,20153,20,153,San Gabriel Mixtepec,Oaxaca,Pacifico Sur,V,Costa de Oaxaca,11,sin dato,SIN SEQUIA,SIN REDUCCION,31.83,Baja,39.53,Baja,22.77366674,Baja
Region A - Primeros Quince dias habiles de cada Diciembre,20154,20,154,San Ildefonso Amatlan,Oaxaca,Pacifico Sur,V,Costa de Oaxaca,11,sin dato,SIN SEQUIA,SIN REDUCCION,46.34,Media,43.48,Media,56.5846155,Media
Region A - Primeros Quince dias habiles de cada Diciembre,20155,20,155,San Ildefonso Sola,Oaxaca,Pacifico Sur,V,Costa de Oaxaca,11,sin dato,SIN SEQUIA,SIN REDUCCION,37.54,Baja,34.65,Baja,97.49552545,Muy Alta
Region A - Primeros Quince dias habiles de cada Diciembre,20156,20,156,San Ildefonso Villa Alta,Oaxaca,Golfo Centro,X,Rio Papaloapan,21,sin dato,SIN SEQUIA,SIN REDUCCION,43.49,Media,33.35,Baja,13.35621966,Muy Baja
Region A - Primeros Quince dias habiles de cada Diciembre,20157,20,157,San Jacinto Amilpas,Oaxaca,Pacifico Sur,V,Costa de Oaxaca,11,sin dato,SIN SEQUIA,SIN REDUCCION,66.23,Alta,99.99,Muy Alta,31.28982412,Baja
Region A - Primeros Quince dias habiles de cada Diciembre,20158,20,158,San Jacinto Tlacotepec,Oaxaca,Pacifico Sur,V,Costa de Oaxaca,11,sin dato,SIN SEQUIA,SIN REDUCCION,41.0,Media,16.11,Muy Baja,8.482144789,Muy Baja
Region A - Primeros Quince dias habiles de cada Diciembre,20159,20,159,San Jeronimo Coatlan,Oaxaca,Pacifico Sur,V,Costa de Oaxaca,11,sin dato,SIN SEQUIA,SIN REDUCCION,35.91,Baja,38.44,Baja,49.67649454,Media
Region A - Primeros Quince dias habiles de cada Diciembre,20160,20,160,San Jeronimo Silacayoapilla,Oaxaca,Balsas,IV,Rio Balsas,9,sin dato,SIN SEQUIA,SIN REDUCCION,32.58,Baja,30.12,Baja,19.4,Muy Baja
Region A - Primeros Quince dias habiles de cada Diciembre,20161,20,161,San Jeronimo Sosola,Oaxaca,Pacifico Sur,V,Rio Papaloapan,21,sin dato,SIN SEQUIA,SIN REDUCCION,31.96,Baja,49.28,Media,39.42633119,Baja
Region A - Primeros Quince dias habiles de cada Diciembre,20162,20,162,San Jeronimo Taviche,Oaxaca,Pacifico Sur,V,Costa de Oaxaca,11,sin dato,SIN SEQUIA,SIN REDUCCION,40.17,Media,50.95,Media,55.38811063,Media
Region A - Primeros Quince dias habiles de cada Diciembre,20163,20,163,San Jeronimo Tecoatl,Oaxaca,Golfo Centro,X,Rio Papaloapan,21,sin dato,SIN SEQUIA,SIN REDUCCION,82.98,Muy Alta,72.87,Alta,56.09418493,Media
Region A - Primeros Quince dias habiles de cada Diciembre,20164,20,164,San Jorge Nuchita,Oaxaca,Balsas,IV,Rio Balsas,9,D0,PRE-ALERTA,10%,10.31,Muy Baja,6.04,Muy Baja,29.55,Baja
Region A - Primeros Quince dias habiles de cada Diciembre,20165,20,165,San Jose Ayuquila,Oaxaca,Balsas,IV,Rio Balsas,9,sin dato,SIN SEQUIA,SIN REDUCCION,24.12,Baja,15.83,Muy Baja,19.45,Muy Baja
Region A - Primeros Quince dias habiles de cada Diciembre,20166,20,166,San Jose Chiltepec,Oaxaca,Golfo Centro,X,Rio Papaloapan,21,sin dato,SIN SEQUIA,SIN REDUCCION,33.85,Baja,50.11,Media,31.39898933,Baja
Region A - Primeros Quince dias habiles de cada Diciembre,20167,20,167,San Jose del Penasco,Oaxaca,Pacifico Sur,V,Costa de Oaxaca,11,sin dato,SIN SEQUIA,SIN REDUCCION,47.41,Media,46.03,Media,61.10018294,Alta
Region A - Primeros Quince dias habiles de cada Diciembre,20168,20,168,San Jose Estancia Grande,Oaxaca,Pacifico Sur,V,Costa de Oaxaca,11,sin dato,SIN SEQUIA,SIN REDUCCION,35.5,Baja,51.17,Media,65.0848539,Alta
Region A - Primeros Quince dias habiles de cada Diciembre,20169,20,169,San Jose Independencia,Oaxaca,Golfo Centro,X,Rio Papaloapan,21,D0,PRE-ALERTA,10%,87.56,Muy Alta,69.58,Alta,99.86869138,Muy Alta
Region A - Primeros Quince dias habiles de cada Diciembre,20170,20,170,San Jose Lachiguiri,Oaxaca,Pacifico Sur,V,Costa de Oaxaca,11,sin dato,SIN SEQUIA,SIN REDUCCION,60.72,Alta,26.66,Baja,70.16003081,Alta
Region A - Primeros Quince dias habiles de cada Diciembre,20171,20,171,San Jose Tenango,Oaxaca,Golfo Centro,X,Rio Papaloapan,21,sin dato,SIN SEQUIA,SIN REDUCCION,86.58,Muy Alta,79.27,Alta,99.99890414,Muy Alta
Region A - Primeros Quince dias habiles de cada Diciembre,20172,20,172,San Juan Achiutla,Oaxaca,Pacifico Sur,V,Costa de Oaxaca,11,sin dato,SIN SEQUIA,SIN REDUCCION,66.12,Alta,53.66,Media,13.90071157,Muy Baja
Region A - Primeros Quince dias habiles de cada Diciembre,20173,20,173,San Juan Atepec,Oaxaca,Golfo Centro,X,Rio Papaloapan,21,sin dato,SIN SEQUIA,SIN REDUCCION,41.88,Media,15.57,Muy Baja,7.213146416,Muy Baja
Region A - Primeros Quince dias habiles de cada Diciembre,20174,20,174,animas Trujano,Oaxaca,Pacifico Sur,V,Costa de Oaxaca,11,sin dato,SIN SEQUIA,SIN REDUCCION,86.82,Muy Alta,96.26,Muy Alta,34.31318038,Baja
Region A - Primeros Quince dias habiles de cada Diciembre,20175,20,175,San Juan Bautista Atatlahuca,Oaxaca,Golfo Centro,X,Rio Papaloapan,21,sin dato,SIN SEQUIA,SIN REDUCCION,7.57,Muy Baja,11.78,Muy Baja,5.944873561,Muy Baja
Region A - Primeros Quince dias habiles de cada Diciembre,20176,20,176,San Juan Bautista Coixtlahuaca,Oaxaca,Golfo Centro,X,Rio Papaloapan,21,sin dato,SIN SEQUIA,SIN REDUCCION,0.0,Muy Baja,53.2,Media,61.07105196,Alta
Region A - Primeros Quince dias habiles de cada Diciembre,20177,20,177,San Juan Bautista Cuicatlan,Oaxaca,Golfo Centro,X,Rio Papaloapan,21,sin dato,SIN SEQUIA,SIN REDUCCION,30.38,Baja,11.46,Muy Baja,19.2172579,Muy Baja
Region A - Primeros Quince dias habiles de cada Diciembre,20178,20,178,San Juan Bautista Guelache,Oaxaca,Pacifico Sur,V,Costa de Oaxaca,11,sin dato,SIN SEQUIA,SIN REDUCCION,51.03,Media,78.31,Alta,6.037683118,Muy Baja
Region A - Primeros Quince dias habiles de cada Diciembre,20179,20,179,San Juan Bautista Jayacatlan,Oaxaca,Golfo Centro,X,Rio Papaloapan,21,sin dato,SIN SEQUIA,SIN REDUCCION,35.54,Baja,38.19,Baja,32.5669758,Baja
Region A - Primeros Quince dias habiles de cada Diciembre,20180,20,180,San Juan Bautista Lo de Soto,Oaxaca,Pacifico Sur,V,Costa de Oaxaca,11,sin dato,SIN SEQUIA,SIN REDUCCION,15.62,Muy Baja,16.54,Muy Baja,20.40719059,Baja
Region A - Primeros Quince dias habiles de cada Diciembre,20181,20,181,San Juan Bautista Suchitepec,Oaxaca,Balsas,IV,Rio Balsas,9,sin dato,SIN SEQUIA,SIN REDUCCION,29.17,Baja,32.22,Baja,33.9,Baja
Region A - Primeros Quince dias habiles de cada Diciembre,20182,20,182,San Juan Bautista Tlacoatzintepec,Oaxaca,Golfo Centro,X,Rio Papaloapan,21,sin dato,SIN SEQUIA,SIN REDUCCION,74.27,Alta,52.55,Media,75.69821399,Alta
Region A - Primeros Quince dias habiles de cada Diciembre,20183,20,183,San Juan Bautista Tlachichilco,Oaxaca,Balsas,IV,Rio Balsas,9,sin dato,SIN SEQUIA,SIN REDUCCION,20.76,Baja,22.43,Baja,33.21,Baja
Region A - Primeros Quince dias habiles de cada Diciembre,20184,20,184,San Juan Bautista Tuxtepec,Oaxaca,Golfo Centro,X,Rio Papaloapan,21,sin dato,SIN SEQUIA,SIN REDUCCION,53.68,Media,78.99,Alta,10.29647312,Muy Baja
Region A - Primeros Quince dias habiles de cada Diciembre,20185,20,185,San Juan Cacahuatepec,Oaxaca,Pacifico Sur,V,Costa de Oaxaca,11,sin dato,SIN SEQUIA,SIN REDUCCION,18.42,Muy Baja,17.52,Muy Baja,17.43946107,Muy Baja
Region A - Primeros Quince dias habiles de cada Diciembre,20186,20,186,San Juan Cieneguilla,Oaxaca,Balsas,IV,Rio Balsas,9,sin dato,SIN SEQUIA,SIN REDUCCION,18.77,Muy Baja,9.94,Muy Baja,21.9,Baja
Region A - Primeros Quince dias habiles de cada Diciembre,20187,20,187,San Juan Coatzospam,Oaxaca,Golfo Centro,X,Rio Papaloapan,21,sin dato,SIN SEQUIA,SIN REDUCCION,79.42,Alta,86.66,Muy Alta,86.02258849,Muy Alta
Region A - Primeros Quince dias habiles de cada Diciembre,20188,20,188,San Juan Colorado,Oaxaca,Pacifico Sur,V,Costa de Oaxaca,11,sin dato,SIN SEQUIA,SIN REDUCCION,16.03,Muy Baja,25.56,Baja,39.39504254,Baja
Region A - Primeros Quince dias habiles de cada Diciembre,20189,20,189,San Juan Comaltepec,Oaxaca,Golfo Centro,X,Rio Papaloapan,21,sin dato,SIN SEQUIA,SIN REDUCCION,48.21,Media,17.01,Muy Baja,84.27172069,Muy Alta
Region A - Primeros Quince dias habiles de cada Diciembre,20190,20,190,San Juan Cotzocon,Oaxaca,Golfo Centro,X,Rio Papaloapan,21,D0,PRE-ALERTA,10%,21.04,Baja,26.07,Baja,36.01955346,Baja
Region A - Primeros Quince dias habiles de cada Diciembre,20191,20,191,San Juan Chicomezuchil,Oaxaca,Golfo Centro,X,Rio Papaloapan,21,sin dato,SIN SEQUIA,SIN REDUCCION,26.25,Baja,41.38,Media,9.215464676,Muy Baja
Region A - Primeros Quince dias habiles de cada Diciembre,20192,20,192,San Juan Chilateca,Oaxaca,Pacifico Sur,V,Costa de Oaxaca,11,sin dato,SIN SEQUIA,SIN REDUCCION,69.25,Alta,82.21,Muy Alta,21.02517405,Baja
Region A - Primeros Quince dias habiles de cada Diciembre,20193,20,193,San Juan del Estado,Oaxaca,Pacifico Sur,V,Rio Papaloapan,21,sin dato,SIN SEQUIA,SIN REDUCCION,55.29,Media,62.1,Alta,63.58778457,Alta
Region A - Primeros Quince dias habiles de cada Diciembre,20194,20,194,San Juan del Rio,Oaxaca,Pacifico Sur,V,Costa de Oaxaca,11,sin dato,SIN SEQUIA,SIN REDUCCION,46.82,Media,57.13,Media,26.37648607,Baja
Region A - Primeros Quince dias habiles de cada Diciembre,20195,20,195,San Juan Diuxi,Oaxaca,Pacifico Sur,V,Costa de Oaxaca,11,sin dato,SIN SEQUIA,SIN REDUCCION,27.27,Baja,24.83,Baja,91.27565177,Muy Alta
Region A - Primeros Quince dias habiles de cada Diciembre,20196,20,196,San Juan Evangelista Analco,Oaxaca,Golfo Centro,X,Rio Papaloapan,21,sin dato,SIN SEQUIA,SIN REDUCCION,25.65,Baja,8.35,Muy Baja,22.19714864,Baja
Region A - Primeros Quince dias habiles de cada Diciembre,20197,20,197,San Juan Guelavia,Oaxaca,Pacifico Sur,V,Costa de Oaxaca,11,sin dato,SIN SEQUIA,SIN REDUCCION,92.81,Muy Alta,91.61,Muy Alta,51.91860301,Media
Region A - Primeros Quince dias habiles de cada Diciembre,20198,20,198,San Juan Guichicovi,Oaxaca,Golfo Centro,X,Rio Coatzacoalcos,22,sin dato,SIN SEQUIA,SIN REDUCCION,6.53,Muy Baja,5.05,Muy Baja,26.15309432,Baja
Region A - Primeros Quince dias habiles de cada Diciembre,20199,20,199,San Juan Ihualtepec,Oaxaca,Balsas,IV,Rio Balsas,9,sin dato,SIN SEQUIA,SIN REDUCCION,94.4,Muy Alta,14.62,Muy Baja,74.52,Alta
Region A - Primeros Quince dias habiles de cada Diciembre,20200,20,200,San Juan Juquila Mixes,Oaxaca,Pacifico Sur,V,Costa de Oaxaca,11,sin dato,SIN SEQUIA,SIN REDUCCION,93.13,Muy Alta,80.32,Muy Alta,90.92302546,Muy Alta
Region A - Primeros Quince dias habiles de cada Diciembre,20201,20,201,San Juan Juquila Vijanos,Oaxaca,Golfo Centro,X,Rio Papaloapan,21,sin dato,SIN SEQUIA,SIN REDUCCION,43.49,Media,32.76,Baja,32.7308384,Baja
Region A - Primeros Quince dias habiles de cada Diciembre,20202,20,202,San Juan Lachao,Oaxaca,Pacifico Sur,V,Costa de Oaxaca,11,D1,PRE-ALERTA,15%,45.9,Media,23.12,Baja,11.93485246,Muy Baja
Region A - Primeros Quince dias habiles de cada Diciembre,20203,20,203,San Juan Lachigalla,Oaxaca,Pacifico Sur,V,Costa de Oaxaca,11,D0,PRE-ALERTA,10%,17.6,Muy Baja,43.89,Media,75.02395066,Alta
Region A - Primeros Quince dias habiles de cada Diciembre,20204,20,204,San Juan Lajarcia,Oaxaca,Pacifico Sur,V,Costa de Oaxaca,11,sin dato,SIN SEQUIA,SIN REDUCCION,43.24,Media,33.62,Baja,27.22795666,Baja
Region A - Primeros Quince dias habiles de cada Diciembre,20205,20,205,San Juan Lalana,Oaxaca,Golfo Centro,X,Rio Papaloapan,21,sin dato,SIN SEQUIA,SIN REDUCCION,54.32,Media,57.76,Media,78.78365759,Alta
Region A - Primeros Quince dias habiles de cada Diciembre,20206,20,206,San Juan de los Cues,Oaxaca,Golfo Centro,X,Rio Papaloapan,21,sin dato,SIN SEQUIA,SIN REDUCCION,3.22,Muy Baja,30.5,Baja,48.62806482,Media
Region A - Primeros Quince dias habiles de cada Diciembre,20207,20,207,San Juan Mazatlan,Oaxaca,Golfo Centro,X,Rio Coatzacoalcos,22,sin dato,SIN SEQUIA,SIN REDUCCION,17.52,Muy Baja,26.05,Baja,59.61947874,Media
Region A - Primeros Quince dias habiles de cada Diciembre,20208,20,208,San Juan Mixtepec,Oaxaca,Balsas,IV,Rio Balsas,9,sin dato,SIN SEQUIA,SIN REDUCCION,21.95,Baja,14.78,Muy Baja,82.45,Muy Alta
Region A - Primeros Quince dias habiles de cada Diciembre,20209,20,209,San Juan Mixtepec,Oaxaca,Pacifico Sur,V,Costa de Oaxaca,11,sin dato,SIN SEQUIA,SIN REDUCCION,48.79,Media,20.79,Baja,50.30960674,Media
Region A - Primeros Quince dias habiles de cada Diciembre,20210,20,210,San Juan numi,Oaxaca,Balsas,IV,Rio Balsas,9,sin dato,SIN SEQUIA,SIN REDUCCION,67.17,Alta,23.7,Baja,53.29,Media
Region A - Primeros Quince dias habiles de cada Diciembre,20211,20,211,San Juan Ozolotepec,Oaxaca,Pacifico Sur,V,Costa de Oaxaca,11,D0,PRE-ALERTA,10%,40.96,Media,35.47,Baja,58.48369355,Media
Region A - Primeros Quince dias habiles de cada Diciembre,20212,20,212,San Juan Petlapa,Oaxaca,Golfo Centro,X,Rio Papaloapan,21,sin dato,SIN SEQUIA,SIN REDUCCION,54.42,Media,17.84,Muy Baja,71.4142318,Alta
Region A - Primeros Quince dias habiles de cada Diciembre,20213,20,213,San Juan Quiahije,Oaxaca,Pacifico Sur,V,Costa de Oaxaca,11,sin dato,SIN SEQUIA,SIN REDUCCION,46.73,Media,31.45,Baja,31.24900321,Baja
Region A - Primeros Quince dias habiles de cada Diciembre,20214,20,214,San Juan Quiotepec,Oaxaca,Golfo Centro,X,Rio Papaloapan,21,sin dato,SIN SEQUIA,SIN REDUCCION,62.32,Alta,31.43,Baja,37.63776898,Baja
Region A - Primeros Quince dias habiles de cada Diciembre,20215,20,215,San Juan Sayultepec,Oaxaca,Pacifico Sur,V,Costa de Oaxaca,11,sin dato,SIN SEQUIA,SIN REDUCCION,8.24,Muy Baja,21.53,Baja,14.03052471,Muy Baja
Region A - Primeros Quince dias habiles de cada Diciembre,20216,20,216,San Juan Tabaa,Oaxaca,Golfo Centro,X,Rio Papaloapan,21,sin dato,SIN SEQUIA,SIN REDUCCION,44.96,Media,30.26,Baja,24.20140408,Baja
Region A - Primeros Quince dias habiles de cada Diciembre,20217,20,217,San Juan Tamazola,Oaxaca,Pacifico Sur,V,Costa de Oaxaca,11,sin dato,SIN SEQUIA,SIN REDUCCION,41.55,Media,40.06,Media,93.7167282,Muy Alta
Region A - Primeros Quince dias habiles de cada Diciembre,20218,20,218,San Juan Teita,Oaxaca,Pacifico Sur,V,Costa de Oaxaca,11,sin dato,SIN SEQUIA,SIN REDUCCION,96.64,Muy Alta,21.62,Baja,21.16690498,Baja
Region A - Primeros Quince dias habiles de cada Diciembre,20219,20,219,San Juan Teitipac,Oaxaca,Pacifico Sur,V,Costa de Oaxaca,11,sin dato,SIN SEQUIA,SIN REDUCCION,41.62,Media,90.73,Muy Alta,90.67998005,Muy Alta
Region A - Primeros Quince dias habiles de cada Diciembre,20220,20,220,San Juan Tepeuxila,Oaxaca,Golfo Centro,X,Rio Papaloapan,21,sin dato,SIN SEQUIA,SIN REDUCCION,51.32,Media,41.74,Media,26.35599907,Baja
Region A - Primeros Quince dias habiles de cada Diciembre,20221,20,221,San Juan Teposcolula,Oaxaca,Balsas,IV,Rio Balsas,9,sin dato,SIN SEQUIA,SIN REDUCCION,32.17,Baja,33.46,Baja,54.23,Media
Region A - Primeros Quince dias habiles de cada Diciembre,20222,20,222,San Juan Yaee,Oaxaca,Golfo Centro,X,Rio Papaloapan,21,sin dato,SIN SEQUIA,SIN REDUCCION,47.19,Media,46.8,Media,17.26400962,Muy Baja
Region A - Primeros Quince dias habiles de cada Diciembre,20223,20,223,San Juan Yatzona,Oaxaca,Golfo Centro,X,Rio Papaloapan,21,sin dato,SIN SEQUIA,SIN REDUCCION,44.03,Media,34.23,Baja,7.030574917,Muy Baja
Region A - Primeros Quince dias habiles de cada Diciembre,20224,20,224,San Juan Yucuita,Oaxaca,Pacifico Sur,V,Costa de Oaxaca,11,sin dato,SIN SEQUIA,SIN REDUCCION,11.97,Muy Baja,30.36,Baja,7.845783849,Muy Baja
Region A - Primeros Quince dias habiles de cada Diciembre,20225,20,225,San Lorenzo,Oaxaca,Pacifico Sur,V,Costa de Oaxaca,11,sin dato,SIN SEQUIA,SIN REDUCCION,54.99,Media,53.05,Media,74.31777493,Alta
Region A - Primeros Quince dias habiles de cada Diciembre,20226,20,226,San Lorenzo Albarradas,Oaxaca,Pacifico Sur,V,Costa de Oaxaca,11,sin dato,SIN SEQUIA,SIN REDUCCION,79.93,Alta,49.19,Media,30.14512257,Baja
Region A - Primeros Quince dias habiles de cada Diciembre,20227,20,227,San Lorenzo Cacaotepec,Oaxaca,Pacifico Sur,V,Costa de Oaxaca,11,sin dato,SIN SEQUIA,SIN REDUCCION,83.74,Muy Alta,73.87,Alta,28.119726,Baja
Region A - Primeros Quince dias habiles de cada Diciembre,20228,20,228,San Lorenzo Cuaunecuiltitla,Oaxaca,Golfo Centro,X,Rio Papaloapan,21,sin dato,SIN SEQUIA,SIN REDUCCION,85.74,Muy Alta,74.28,Alta,43.53947599,Media
Region A - Primeros Quince dias habiles de cada Diciembre,20229,20,229,San Lorenzo Texmelucan,Oaxaca,Pacifico Sur,V,Costa de Oaxaca,11,sin dato,SIN SEQUIA,SIN REDUCCION,87.16,Muy Alta,14.08,Muy Baja,53.87325804,Media
Region A - Primeros Quince dias habiles de cada Diciembre,20230,20,230,San Lorenzo Victoria,Oaxaca,Balsas,IV,Rio Balsas,9,sin dato,SIN SEQUIA,SIN REDUCCION,13.23,Muy Baja,5.83,Muy Baja,17.22,Muy Baja
Region A - Primeros Quince dias habiles de cada Diciembre,20231,20,231,San Lucas Camotlan,Oaxaca,Golfo Centro,X,Rio Coatzacoalcos,22,sin dato,SIN SEQUIA,SIN REDUCCION,25.83,Baja,4.42,Muy Baja,61.69129865,Alta
Region A - Primeros Quince dias habiles de cada Diciembre,20232,20,232,San Lucas Ojitlan,Oaxaca,Golfo Centro,X,Rio Papaloapan,21,sin dato,SIN SEQUIA,SIN REDUCCION,81.86,Muy Alta,86.92,Muy Alta,97.06661938,Muy Alta
Region A - Primeros Quince dias habiles de cada Diciembre,20233,20,233,San Lucas Quiavini,Oaxaca,Pacifico Sur,V,Costa de Oaxaca,11,sin dato,SIN SEQUIA,SIN REDUCCION,81.63,Muy Alta,83.21,Muy Alta,95.3388007,Muy Alta
Region A - Primeros Quince dias habiles de cada Diciembre,20234,20,234,San Lucas Zoquiapam,Oaxaca,Golfo Centro,X,Rio Papaloapan,21,sin dato,SIN SEQUIA,SIN REDUCCION,83.57,Muy Alta,78.99,Alta,83.92602605,Muy Alta
Region A - Primeros Quince dias habiles de cada Diciembre,20235,20,235,San Luis Amatlan,Oaxaca,Pacifico Sur,V,Costa de Oaxaca,11,sin dato,SIN SEQUIA,SIN REDUCCION,48.76,Media,42.54,Media,47.07561109,Media
Region A - Primeros Quince dias habiles de cada Diciembre,20236,20,236,San Marcial Ozolotepec,Oaxaca,Pacifico Sur,V,Costa de Oaxaca,11,sin dato,SIN SEQUIA,SIN REDUCCION,95.1,Muy Alta,35.69,Baja,78.72111496,Alta
Region A - Primeros Quince dias habiles de cada Diciembre,20237,20,237,San Marcos Arteaga,Oaxaca,Balsas,IV,Rio Balsas,9,sin dato,SIN SEQUIA,SIN REDUCCION,25.05,Baja,18.07,Muy Baja,14.99,Muy Baja
Region A - Primeros Quince dias habiles de cada Diciembre,20238,20,238,San Martin de los Cansecos,Oaxaca,Pacifico Sur,V,Costa de Oaxaca,11,sin dato,SIN SEQUIA,SIN REDUCCION,68.79,Alta,65.17,Alta,54.72955135,Media
Region A - Primeros Quince dias habiles de cada Diciembre,20239,20,239,San Martin Huamelulpam,Oaxaca,Balsas,IV,Rio Balsas,9,sin dato,SIN SEQUIA,SIN REDUCCION,53.81,Media,41.2,Media,38.31,Baja
Region A - Primeros Quince dias habiles de cada Diciembre,20240,20,240,San Martin Itunyoso,Oaxaca,Balsas,IV,Rio Balsas,9,sin dato,SIN SEQUIA,SIN REDUCCION,34.96,Baja,10.12,Muy Baja,93.67,Muy Alta
Region A - Primeros Quince dias habiles de cada Diciembre,20241,20,241,San Martin Lachila,Oaxaca,Pacifico Sur,V,Costa de Oaxaca,11,D0,PRE-ALERTA,10%,95.55,Muy Alta,48.09,Media,76.99620441,Alta
Region A - Primeros Quince dias habiles de cada Diciembre,20242,20,242,San Martin Peras,Oaxaca,Balsas,IV,Rio Balsas,9,sin dato,SIN SEQUIA,SIN REDUCCION,12.86,Muy Baja,3.68,Muy Baja,92.52,Muy Alta
Region A - Primeros Quince dias habiles de cada Diciembre,20243,20,243,San Martin Tilcajete,Oaxaca,Pacifico Sur,V,Costa de Oaxaca,11,sin dato,SIN SEQUIA,SIN REDUCCION,76.77,Alta,71.63,Alta,42.88758121,Media
Region A - Primeros Quince dias habiles de cada Diciembre,20244,20,244,San Martin Toxpalan,Oaxaca,Golfo Centro,X,Rio Papaloapan,21,sin dato,SIN SEQUIA,SIN REDUCCION,34.82,Baja,58.4,Media,56.35444052,Media
Region A - Primeros Quince dias habiles de cada Diciembre,20245,20,245,San Martin Zacatepec,Oaxaca,Balsas,IV,Rio Balsas,9,sin dato,SIN SEQUIA,SIN REDUCCION,14.1,Muy Baja,8.75,Muy Baja,32.7,Baja
Region A - Primeros Quince dias habiles de cada Diciembre,20246,20,246,San Mateo Cajonos,Oaxaca,Golfo Centro,X,Rio Papaloapan,21,sin dato,SIN SEQUIA,SIN REDUCCION,47.76,Media,17.47,Muy Baja,11.83922179,Muy Baja
Region A - Primeros Quince dias habiles de cada Diciembre,20247,20,247,Capulalpam de Mendez,Oaxaca,Golfo Centro,X,Rio Papaloapan,21,sin dato,SIN SEQUIA,SIN REDUCCION,61.32,Alta,50.53,Media,1.417308688,Muy Baja
Region A - Primeros Quince dias habiles de cada Diciembre,20248,20,248,San Mateo del Mar,Oaxaca,Pacifico Sur,V,Costa de Oaxaca,11,sin dato,SIN SEQUIA,SIN REDUCCION,97.67,Muy Alta,82.01,Muy Alta,99.99977452,Muy Alta
Region A - Primeros Quince dias habiles de cada Diciembre,20249,20,249,San Mateo Yoloxochitlan,Oaxaca,Golfo Centro,X,Rio Papaloapan,21,D0,PRE-ALERTA,10%,88.61,Muy Alta,88.01,Muy Alta,67.63546796,Alta
Region A - Primeros Quince dias habiles de cada Diciembre,20250,20,250,San Mateo Etlatongo,Oaxaca,Pacifico Sur,V,Costa de Oaxaca,11,sin dato,SIN SEQUIA,SIN REDUCCION,7.2,Muy Baja,33.88,Baja,8.706997011,Muy Baja
Region A - Primeros Quince dias habiles de cada Diciembre,20251,20,251,San Mateo Nejapam,Oaxaca,Balsas,IV,Rio Balsas,9,sin dato,SIN SEQUIA,SIN REDUCCION,34.12,Baja,13.93,Muy Baja,39.18,Baja
Region A - Primeros Quince dias habiles de cada Diciembre,20252,20,252,San Mateo Penasco,Oaxaca,Pacifico Sur,V,Costa de Oaxaca,11,sin dato,SIN SEQUIA,SIN REDUCCION,19.09,Muy Baja,54.23,Media,37.33915113,Baja
Region A - Primeros Quince dias habiles de cada Diciembre,20253,20,253,San Mateo Pinas,Oaxaca,Pacifico Sur,V,Costa de Oaxaca,11,sin dato,SIN SEQUIA,SIN REDUCCION,54.36,Media,46.64,Media,99.88311436,Muy Alta
Region A - Primeros Quince dias habiles de cada Diciembre,20254,20,254,San Mateo Rio Hondo,Oaxaca,Pacifico Sur,V,Costa de Oaxaca,11,sin dato,SIN SEQUIA,SIN REDUCCION,87.98,Muy Alta,24.41,Baja,60.887814,Alta
Region A - Primeros Quince dias habiles de cada Diciembre,20255,20,255,San Mateo Sindihui,Oaxaca,Pacifico Sur,V,Costa de Oaxaca,11,sin dato,SIN SEQUIA,SIN REDUCCION,49.29,Media,26.44,Baja,42.12794523,Media
Region A - Primeros Quince dias habiles de cada Diciembre,20256,20,256,San Mateo Tlapiltepec,Oaxaca,Golfo Centro,X,Rio Papaloapan,21,sin dato,SIN SEQUIA,SIN REDUCCION,12.57,Muy Baja,58.74,Media,17.14657795,Muy Baja
Region A - Primeros Quince dias habiles de cada Diciembre,20257,20,257,San Melchor Betaza,Oaxaca,Golfo Centro,X,Rio Papaloapan,21,sin dato,SIN SEQUIA,SIN REDUCCION,45.37,Media,31.38,Baja,44.98493349,Media
Region A - Primeros Quince dias habiles de cada Diciembre,20258,20,258,San Miguel Achiutla,Oaxaca,Pacifico Sur,V,Costa de Oaxaca,11,sin dato,SIN SEQUIA,SIN REDUCCION,36.22,Baja,41.85,Media,39.6883751,Baja
Region A - Primeros Quince dias habiles de cada Diciembre,20259,20,259,San Miguel Ahuehuetitlan,Oaxaca,Balsas,IV,Rio Balsas,9,sin dato,SIN SEQUIA,SIN REDUCCION,44.49,Media,19.47,Muy Baja,41.05,Media
Region A - Primeros Quince dias habiles de cada Diciembre,20260,20,260,San Miguel Aloapam,Oaxaca,Golfo Centro,X,Rio Papaloapan,21,sin dato,SIN SEQUIA,SIN REDUCCION,37.34,Baja,2.58,Muy Baja,31.03404207,Baja
Region A - Primeros Quince dias habiles de cada Diciembre,20261,20,261,San Miguel Amatitlan,Oaxaca,Balsas,IV,Rio Balsas,9,sin dato,SIN SEQUIA,SIN REDUCCION,16.88,Muy Baja,14.76,Muy Baja,10.7,Muy Baja
Region A - Primeros Quince dias habiles de cada Diciembre,20262,20,262,San Miguel Amatlan,Oaxaca,Golfo Centro,X,Rio Papaloapan,21,sin dato,SIN SEQUIA,SIN REDUCCION,55.04,Media,33.13,Baja,30.31503116,Baja
Region A - Primeros Quince dias habiles de cada Diciembre,20263,20,263,San Miguel Coatlan,Oaxaca,Pacifico Sur,V,Costa de Oaxaca,11,sin dato,SIN SEQUIA,SIN REDUCCION,52.56,Media,34.87,Baja,37.09119612,Baja
Region A - Primeros Quince dias habiles de cada Diciembre,20264,20,264,San Miguel Chicahua,Oaxaca,Golfo Centro,X,Rio Papaloapan,21,sin dato,SIN SEQUIA,SIN REDUCCION,18.89,Muy Baja,6.43,Muy Baja,44.64320404,Media
Region A - Primeros Quince dias habiles de cada Diciembre,20265,20,265,San Miguel Chimalapa,Oaxaca,Pacifico Sur,V,Costa de Oaxaca,11,D0,PRE-ALERTA,10%,14.42,Muy Baja,23.87,Baja,31.35204936,Baja
Region A - Primeros Quince dias habiles de cada Diciembre,20266,20,266,San Miguel del Puerto,Oaxaca,Pacifico Sur,V,Costa de Oaxaca,11,sin dato,SIN SEQUIA,SIN REDUCCION,42.55,Media,55.24,Media,43.77257382,Media
Region A - Primeros Quince dias habiles de cada Diciembre,20267,20,267,San Miguel del Rio,Oaxaca,Golfo Centro,X,Rio Papaloapan,21,sin dato,SIN SEQUIA,SIN REDUCCION,25.94,Baja,9.22,Muy Baja,27.10109212,Baja
Region A - Primeros Quince dias habiles de cada Diciembre,20268,20,268,San Miguel Ejutla,Oaxaca,Pacifico Sur,V,Costa de Oaxaca,11,sin dato,SIN SEQUIA,SIN REDUCCION,29.6,Baja,27.43,Baja,37.1294398,Baja
Region A - Primeros Quince dias habiles de cada Diciembre,20269,20,269,San Miguel el Grande,Oaxaca,Pacifico Sur,V,Costa de Oaxaca,11,D0,PRE-ALERTA,10%,44.0,Media,42.67,Media,18.36653556,Muy Baja
Region A - Primeros Quince dias habiles de cada Diciembre,20270,20,270,San Miguel Huautla,Oaxaca,Golfo Centro,X,Rio Papaloapan,21,sin dato,SIN SEQUIA,SIN REDUCCION,1.23,Muy Baja,22.07,Baja,61.11944376,Alta
Region A - Primeros Quince dias habiles de cada Diciembre,20271,20,271,San Miguel Mixtepec,Oaxaca,Pacifico Sur,V,Costa de Oaxaca,11,sin dato,SIN SEQUIA,SIN REDUCCION,62.96,Alta,33.54,Baja,66.12353094,Alta
Region A - Primeros Quince dias habiles de cada Diciembre,20272,20,272,San Miguel Panixtlahuaca,Oaxaca,Pacifico Sur,V,Costa de Oaxaca,11,sin dato,SIN SEQUIA,SIN REDUCCION,52.38,Media,26.25,Baja,40.61678827,Media
Region A - Primeros Quince dias habiles de cada Diciembre,20273,20,273,San Miguel Peras,Oaxaca,Pacifico Sur,V,Costa de Oaxaca,11,sin dato,SIN SEQUIA,SIN REDUCCION,84.9,Muy Alta,37.75,Baja,77.7415558,Alta
Region A - Primeros Quince dias habiles de cada Diciembre,20274,20,274,San Miguel Piedras,Oaxaca,Pacifico Sur,V,Costa de Oaxaca,11,sin dato,SIN SEQUIA,SIN REDUCCION,60.28,Alta,48.74,Media,52.63038666,Media
Region A - Primeros Quince dias habiles de cada Diciembre,20275,20,275,San Miguel Quetzaltepec,Oaxaca,Golfo Centro,X,Rio Papaloapan,21,sin dato,SIN SEQUIA,SIN REDUCCION,28.29,Baja,9.53,Muy Baja,32.45783195,Baja
Region A - Primeros Quince dias habiles de cada Diciembre,20276,20,276,San Miguel Santa Flor,Oaxaca,Golfo Centro,X,Rio Papaloapan,21,sin dato,SIN SEQUIA,SIN REDUCCION,70.69,Alta,68.06,Alta,82.83263582,Muy Alta
Region A - Primeros Quince dias habiles de cada Diciembre,20277,20,277,Villa Sola de Vega,Oaxaca,Pacifico Sur,V,Costa de Oaxaca,11,sin dato,SIN SEQUIA,SIN REDUCCION,95.17,Muy Alta,30.55,Baja,63.1369261,Alta
Region A - Primeros Quince dias habiles de cada Diciembre,20278,20,278,San Miguel Soyaltepec,Oaxaca,Golfo Centro,X,Rio Papaloapan,21,sin dato,SIN SEQUIA,SIN REDUCCION,84.39,Muy Alta,88.26,Muy Alta,71.02538465,Alta
Region A - Primeros Quince dias habiles de cada Diciembre,20279,20,279,San Miguel Suchixtepec,Oaxaca,Pacifico Sur,V,Costa de Oaxaca,11,sin dato,SIN SEQUIA,SIN REDUCCION,50.4,Media,33.08,Baja,21.43648159,Baja
Region A - Primeros Quince dias habiles de cada Diciembre,20280,20,280,Villa Talea de Castro,Oaxaca,Golfo Centro,X,Rio Papaloapan,21,sin dato,SIN SEQUIA,SIN REDUCCION,71.45,Alta,73.0,Alta,21.46248321,Baja
Region A - Primeros Quince dias habiles de cada Diciembre,20281,20,281,San Miguel Tecomatlan,Oaxaca,Pacifico Sur,V,Costa de Oaxaca,11,sin dato,SIN SEQUIA,SIN REDUCCION,49.18,Media,34.18,Baja,47.245704,Media
Region A - Primeros Quince dias habiles de cada Diciembre,20282,20,282,San Miguel Tenango,Oaxaca,Pacifico Sur,V,Costa de Oaxaca,11,sin dato,SIN SEQUIA,SIN REDUCCION,51.75,Media,46.29,Media,27.32622125,Baja
Region A - Primeros Quince dias habiles de cada Diciembre,20283,20,283,San Miguel Tequixtepec,Oaxaca,Golfo Centro,X,Rio Papaloapan,21,sin dato,SIN SEQUIA,SIN REDUCCION,2.44,Muy Baja,15.14,Muy Baja,7.783259663,Muy Baja
Region A - Primeros Quince dias habiles de cada Diciembre,20284,20,284,San Miguel Tilquiapam,Oaxaca,Pacifico Sur,V,Costa de Oaxaca,11,sin dato,SIN SEQUIA,SIN REDUCCION,65.39,Alta,51.61,Media,97.60015825,Muy Alta
Region A - Primeros Quince dias habiles de cada Diciembre,20285,20,285,San Miguel Tlacamama,Oaxaca,Pacifico Sur,V,Costa de Oaxaca,11,sin dato,SIN SEQUIA,SIN REDUCCION,43.9,Media,20.36,Baja,25.43167847,Baja
Region A - Primeros Quince dias habiles de cada Diciembre,20286,20,286,San Miguel Tlacotepec,Oaxaca,Balsas,IV,Rio Balsas,9,sin dato,SIN SEQUIA,SIN REDUCCION,18.25,Muy Baja,13.04,Muy Baja,56.66,Media
Region A - Primeros Quince dias habiles de cada Diciembre,20287,20,287,San Miguel Tulancingo,Oaxaca,Golfo Centro,X,Rio Papaloapan,21,sin dato,SIN SEQUIA,SIN REDUCCION,32.84,Baja,60.76,Alta,12.08354245,Muy Baja
Region A - Primeros Quince dias habiles de cada Diciembre,20288,20,288,San Miguel Yotao,Oaxaca,Golfo Centro,X,Rio Papaloapan,21,sin dato,SIN SEQUIA,SIN REDUCCION,46.38,Media,51.74,Media,13.5855187,Muy Baja
Region A - Primeros Quince dias habiles de cada Diciembre,20289,20,289,San Nicolas,Oaxaca,Pacifico Sur,V,Costa de Oaxaca,11,sin dato,SIN SEQUIA,SIN REDUCCION,39.12,Baja,38.7,Baja,34.23385264,Baja
Region A - Primeros Quince dias habiles de cada Diciembre,20290,20,290,San Nicolas Hidalgo,Oaxaca,Balsas,IV,Rio Balsas,9,sin dato,SIN SEQUIA,SIN REDUCCION,12.88,Muy Baja,8.92,Muy Baja,19.98,Muy Baja
Region A - Primeros Quince dias habiles de cada Diciembre,20291,20,291,San Pablo Coatlan,Oaxaca,Pacifico Sur,V,Costa de Oaxaca,11,sin dato,SIN SEQUIA,SIN REDUCCION,44.52,Media,26.0,Baja,15.02250954,Muy Baja
Region A - Primeros Quince dias habiles de cada Diciembre,20292,20,292,San Pablo Cuatro Venados,Oaxaca,Pacifico Sur,V,Costa de Oaxaca,11,sin dato,SIN SEQUIA,SIN REDUCCION,61.04,Alta,37.62,Baja,66.31713993,Alta
Region A - Primeros Quince dias habiles de cada Diciembre,20293,20,293,San Pablo Etla,Oaxaca,Pacifico Sur,V,Costa de Oaxaca,11,sin dato,SIN SEQUIA,SIN REDUCCION,12.51,Muy Baja,87.06,Muy Alta,13.08322137,Muy Baja
Region A - Primeros Quince dias habiles de cada Diciembre,20294,20,294,San Pablo Huitzo,Oaxaca,Pacifico Sur,V,Costa de Oaxaca,11,D0,PRE-ALERTA,10%,35.13,Baja,60.94,Alta,27.03481725,Baja
Region A - Primeros Quince dias habiles de cada Diciembre,20295,20,295,San Pablo Huixtepec,Oaxaca,Pacifico Sur,V,Costa de Oaxaca,11,sin dato,SIN SEQUIA,SIN REDUCCION,52.31,Media,17.76,Muy Baja,40.264457,Media
Region A - Primeros Quince dias habiles de cada Diciembre,20296,20,296,San Pablo Macuiltianguis,Oaxaca,Golfo Centro,X,Rio Papaloapan,21,sin dato,SIN SEQUIA,SIN REDUCCION,41.86,Media,9.17,Muy Baja,5.388876481,Muy Baja
Region A - Primeros Quince dias habiles de cada Diciembre,20297,20,297,San Pablo Tijaltepec,Oaxaca,Pacifico Sur,V,Costa de Oaxaca,11,sin dato,SIN SEQUIA,SIN REDUCCION,54.91,Media,22.48,Baja,75.11714633,Alta
Region A - Primeros Quince dias habiles de cada Diciembre,20298,20,298,San Pablo Villa de Mitla,Oaxaca,Pacifico Sur,V,Costa de Oaxaca,11,sin dato,SIN SEQUIA,SIN REDUCCION,26.04,Baja,71.76,Alta,42.8392829,Media
Region A - Primeros Quince dias habiles de cada Diciembre,20299,20,299,San Pablo Yaganiza,Oaxaca,Golfo Centro,X,Rio Papaloapan,21,sin dato,SIN SEQUIA,SIN REDUCCION,52.56,Media,45.05,Media,10.04691227,Muy Baja
Region A - Primeros Quince dias habiles de cada Diciembre,20300,20,300,San Pedro Amuzgos,Oaxaca,Pacifico Sur,V,Costa de Oaxaca,11,sin dato,SIN SEQUIA,SIN REDUCCION,16.84,Muy Baja,23.29,Baja,26.94859169,Baja
Region A - Primeros Quince dias habiles de cada Diciembre,20301,20,301,San Pedro Apostol,Oaxaca,Pacifico Sur,V,Costa de Oaxaca,11,sin dato,SIN SEQUIA,SIN REDUCCION,75.93,Alta,55.41,Media,46.94347957,Media
Region A - Primeros Quince dias habiles de cada Diciembre,20302,20,302,San Pedro Atoyac,Oaxaca,Pacifico Sur,V,Costa de Oaxaca,11,sin dato,SIN SEQUIA,SIN REDUCCION,16.98,Muy Baja,14.16,Muy Baja,23.7422543,Baja
Region A - Primeros Quince dias habiles de cada Diciembre,20303,20,303,San Pedro Cajonos,Oaxaca,Golfo Centro,X,Rio Papaloapan,21,sin dato,SIN SEQUIA,SIN REDUCCION,63.85,Alta,68.53,Alta,35.59251597,Baja
Region A - Primeros Quince dias habiles de cada Diciembre,20304,20,304,San Pedro Coxcaltepec Cantaros,Oaxaca,Golfo Centro,X,Rio Papaloapan,21,sin dato,SIN SEQUIA,SIN REDUCCION,25.69,Baja,17.53,Muy Baja,17.08009774,Muy Baja
Region A - Primeros Quince dias habiles de cada Diciembre,20305,20,305,San Pedro Comitancillo,Oaxaca,Pacifico Sur,V,Costa de Oaxaca,11,sin dato,SIN SEQUIA,SIN REDUCCION,93.29,Muy Alta,92.64,Muy Alta,15.88194488,Muy Baja
Region A - Primeros Quince dias habiles de cada Diciembre,20306,20,306,San Pedro el Alto,Oaxaca,Pacifico Sur,V,Costa de Oaxaca,11,sin dato,SIN SEQUIA,SIN REDUCCION,64.85,Alta,34.2,Baja,51.85856933,Media
Region A - Primeros Quince dias habiles de cada Diciembre,20307,20,307,San Pedro Huamelula,Oaxaca,Pacifico Sur,V,Costa de Oaxaca,11,sin dato,SIN SEQUIA,SIN REDUCCION,31.42,Baja,34.38,Baja,30.47992527,Baja
Region A - Primeros Quince dias habiles de cada Diciembre,20308,20,308,San Pedro Huilotepec,Oaxaca,Pacifico Sur,V,Costa de Oaxaca,11,sin dato,SIN SEQUIA,SIN REDUCCION,78.26,Alta,78.31,Alta,43.27184093,Media
Region A - Primeros Quince dias habiles de cada Diciembre,20309,20,309,San Pedro Ixcatlan,Oaxaca,Golfo Centro,X,Rio Papaloapan,21,sin dato,SIN SEQUIA,SIN REDUCCION,98.73,Muy Alta,95.77,Muy Alta,94.8720394,Muy Alta
Region A - Primeros Quince dias habiles de cada Diciembre,20310,20,310,San Pedro Ixtlahuaca,Oaxaca,Pacifico Sur,V,Costa de Oaxaca,11,sin dato,SIN SEQUIA,SIN REDUCCION,66.73,Alta,86.78,Muy Alta,96.00448528,Muy Alta
Region A - Primeros Quince dias habiles de cada Diciembre,20311,20,311,San Pedro Jaltepetongo,Oaxaca,Golfo Centro,X,Rio Papaloapan,21,sin dato,SIN SEQUIA,SIN REDUCCION,2.49,Muy Baja,3.65,Muy Baja,52.25003544,Media
Region A - Primeros Quince dias habiles de cada Diciembre,20312,20,312,San Pedro Jicayan,Oaxaca,Pacifico Sur,V,Costa de Oaxaca,11,sin dato,SIN SEQUIA,SIN REDUCCION,34.13,Baja,23.28,Baja,45.12449798,Media
Region A - Primeros Quince dias habiles de cada Diciembre,20313,20,313,San Pedro Jocotipac,Oaxaca,Golfo Centro,X,Rio Papaloapan,21,sin dato,SIN SEQUIA,SIN REDUCCION,1.06,Muy Baja,32.31,Baja,21.65902752,Baja
Region A - Primeros Quince dias habiles de cada Diciembre,20314,20,314,San Pedro Juchatengo,Oaxaca,Pacifico Sur,V,Costa de Oaxaca,11,sin dato,SIN SEQUIA,SIN REDUCCION,43.55,Media,37.78,Baja,32.89038726,Baja
Region A - Primeros Quince dias habiles de cada Diciembre,20315,20,315,San Pedro Martir,Oaxaca,Pacifico Sur,V,Costa de Oaxaca,11,sin dato,SIN SEQUIA,SIN REDUCCION,98.94,Muy Alta,64.74,Alta,97.78786544,Muy Alta
Region A - Primeros Quince dias habiles de cada Diciembre,20316,20,316,San Pedro Martir Quiechapa,Oaxaca,Pacifico Sur,V,Costa de Oaxaca,11,sin dato,SIN SEQUIA,SIN REDUCCION,53.38,Media,40.5,Media,15.22463279,Muy Baja
Region A - Primeros Quince dias habiles de cada Diciembre,20317,20,317,San Pedro Martir Yucuxaco,Oaxaca,Balsas,IV,Rio Balsas,9,sin dato,SIN SEQUIA,SIN REDUCCION,27.37,Baja,29.27,Baja,69.5,Alta
Region A - Primeros Quince dias habiles de cada Diciembre,20318,20,318,San Pedro Mixtepec,Oaxaca,Pacifico Sur,V,Costa de Oaxaca,11,sin dato,SIN SEQUIA,SIN REDUCCION,45.19,Media,86.85,Muy Alta,40.58909829,Media
Region A - Primeros Quince dias habiles de cada Diciembre,20319,20,319,San Pedro Mixtepec,Oaxaca,Pacifico Sur,V,Costa de Oaxaca,11,sin dato,SIN SEQUIA,SIN REDUCCION,59.93,Media,21.53,Baja,40.23126273,Media
Region A - Primeros Quince dias habiles de cada Diciembre,20320,20,320,San Pedro Molinos,Oaxaca,Pacifico Sur,V,Costa de Oaxaca,11,sin dato,SIN SEQUIA,SIN REDUCCION,53.93,Media,46.3,Media,22.53538535,Baja
Region A - Primeros Quince dias habiles de cada Diciembre,20321,20,321,San Pedro Nopala,Oaxaca,Balsas,IV,Rio Balsas,9,sin dato,SIN SEQUIA,SIN REDUCCION,29.31,Baja,45.77,Media,23.69,Baja
Region A - Primeros Quince dias habiles de cada Diciembre,20322,20,322,San Pedro Ocopetatillo,Oaxaca,Golfo Centro,X,Rio Papaloapan,21,sin dato,SIN SEQUIA,SIN REDUCCION,94.17,Muy Alta,88.47,Muy Alta,79.20279485,Alta
Region A - Primeros Quince dias habiles de cada Diciembre,20323,20,323,San Pedro Ocotepec,Oaxaca,Golfo Centro,X,Rio Papaloapan,21,sin dato,SIN SEQUIA,SIN REDUCCION,40.44,Media,28.46,Baja,11.02971562,Muy Baja
Region A - Primeros Quince dias habiles de cada Diciembre,20324,20,324,San Pedro Pochutla,Oaxaca,Pacifico Sur,V,Costa de Oaxaca,11,sin dato,SIN SEQUIA,SIN REDUCCION,61.97,Alta,38.29,Baja,41.45400466,Media
Region A - Primeros Quince dias habiles de cada Diciembre,20325,20,325,San Pedro Quiatoni,Oaxaca,Pacifico Sur,V,Costa de Oaxaca,11,sin dato,SIN SEQUIA,SIN REDUCCION,89.13,Muy Alta,78.77,Alta,86.26131298,Muy Alta
Region A - Primeros Quince dias habiles de cada Diciembre,20326,20,326,San Pedro Sochiapam,Oaxaca,Golfo Centro,X,Rio Papaloapan,21,sin dato,SIN SEQUIA,SIN REDUCCION,86.72,Muy Alta,51.7,Media,74.07942354,Alta
Region A - Primeros Quince dias habiles de cada Diciembre,20327,20,327,San Pedro Tapanatepec,Oaxaca,Frontera Sur,XI,Costa de Oaxaca,11,sin dato,SIN SEQUIA,SIN REDUCCION,79.25,Alta,72.13,Alta,46.57048204,Media
Region A - Primeros Quince dias habiles de cada Diciembre,20328,20,328,San Pedro Taviche,Oaxaca,Pacifico Sur,V,Costa de Oaxaca,11,sin dato,SIN SEQUIA,SIN REDUCCION,78.49,Alta,60.19,Alta,49.01785949,Media
Region A - Primeros Quince dias habiles de cada Diciembre,20329,20,329,San Pedro Teozacoalco,Oaxaca,Pacifico Sur,V,Costa de Oaxaca,11,sin dato,SIN SEQUIA,SIN REDUCCION,62.27,Alta,40.98,Media,53.50950487,Media
Region A - Primeros Quince dias habiles de cada Diciembre,20330,20,330,San Pedro Teutila,Oaxaca,Golfo Centro,X,Rio Papaloapan,21,sin dato,SIN SEQUIA,SIN REDUCCION,74.27,Alta,65.98,Alta,29.26115394,Baja
Region A - Primeros Quince dias habiles de cada Diciembre,20331,20,331,San Pedro Tidaa,Oaxaca,Pacifico Sur,V,Costa de Oaxaca,11,sin dato,SIN SEQUIA,SIN REDUCCION,37.34,Baja,45.65,Media,23.32079937,Baja
Region A - Primeros Quince dias habiles de cada Diciembre,20332,20,332,San Pedro Topiltepec,Oaxaca,Pacifico Sur,V,Costa de Oaxaca,11,sin dato,SIN SEQUIA,SIN REDUCCION,17.55,Muy Baja,35.7,Baja,10.3296065,Muy Baja
Region A - Primeros Quince dias habiles de cada Diciembre,20333,20,333,San Pedro Totolapa,Oaxaca,Pacifico Sur,V,Costa de Oaxaca,11,sin dato,SIN SEQUIA,SIN REDUCCION,57.54,Media,38.56,Baja,29.59124711,Baja
Region A - Primeros Quince dias habiles de cada Diciembre,20334,20,334,Villa de Tututepec de Melchor Ocampo,Oaxaca,Pacifico Sur,V,Costa de Oaxaca,11,sin dato,SIN SEQUIA,SIN REDUCCION,21.71,Baja,94.89,Muy Alta,44.04222231,Media
Region A - Primeros Quince dias habiles de cada Diciembre,20335,20,335,San Pedro Yaneri,Oaxaca,Golfo Centro,X,Rio Papaloapan,21,sin dato,SIN SEQUIA,SIN REDUCCION,43.54,Media,30.56,Baja,16.06163011,Muy Baja
Region A - Primeros Quince dias habiles de cada Diciembre,20336,20,336,San Pedro Yolox,Oaxaca,Golfo Centro,X,Rio Papaloapan,21,sin dato,SIN SEQUIA,SIN REDUCCION,42.92,Media,17.57,Muy Baja,9.744984216,Muy Baja
Region A - Primeros Quince dias habiles de cada Diciembre,20337,20,337,San Pedro y San Pablo Ayutla,Oaxaca,Golfo Centro,X,Rio Papaloapan,21,sin dato,SIN SEQUIA,SIN REDUCCION,85.66,Muy Alta,44.14,Media,88.60307804,Muy Alta
Region A - Primeros Quince dias habiles de cada Diciembre,20338,20,338,Villa de Etla,Oaxaca,Pacifico Sur,V,Costa de Oaxaca,11,sin dato,SIN SEQUIA,SIN REDUCCION,84.17,Muy Alta,93.51,Muy Alta,36.96927969,Baja
Region A - Primeros Quince dias habiles de cada Diciembre,20339,20,339,San Pedro y San Pablo Teposcolula,Oaxaca,Balsas,IV,Rio Balsas,9,sin dato,SIN SEQUIA,SIN REDUCCION,21.74,Baja,31.63,Baja,41.0,Media
Region A - Primeros Quince dias habiles de cada Diciembre,20340,20,340,San Pedro y San Pablo Tequixtepec,Oaxaca,Balsas,IV,Rio Balsas,9,sin dato,SIN SEQUIA,SIN REDUCCION,20.84,Baja,13.16,Muy Baja,29.06,Baja
Region A - Primeros Quince dias habiles de cada Diciembre,20341,20,341,San Pedro Yucunama,Oaxaca,Balsas,IV,Rio Balsas,9,sin dato,SIN SEQUIA,SIN REDUCCION,40.63,Media,43.48,Media,58.16,Media
Region A - Primeros Quince dias habiles de cada Diciembre,20342,20,342,San Raymundo Jalpan,Oaxaca,Pacifico Sur,V,Costa de Oaxaca,11,sin dato,SIN SEQUIA,SIN REDUCCION,79.05,Alta,87.24,Muy Alta,27.24396408,Baja
Region A - Primeros Quince dias habiles de cada Diciembre,20343,20,343,San Sebastian Abasolo,Oaxaca,Pacifico Sur,V,Costa de Oaxaca,11,sin dato,SIN SEQUIA,SIN REDUCCION,98.97,Muy Alta,94.5,Muy Alta,70.95025512,Alta
Region A - Primeros Quince dias habiles de cada Diciembre,20344,20,344,San Sebastian Coatlan,Oaxaca,Pacifico Sur,V,Costa de Oaxaca,11,D0,PRE-ALERTA,10%,47.78,Media,26.04,Baja,31.20859586,Baja
Region A - Primeros Quince dias habiles de cada Diciembre,20345,20,345,San Sebastian Ixcapa,Oaxaca,Pacifico Sur,V,Costa de Oaxaca,11,sin dato,SIN SEQUIA,SIN REDUCCION,11.4,Muy Baja,18.96,Muy Baja,29.97126618,Baja
Region A - Primeros Quince dias habiles de cada Diciembre,20346,20,346,San Sebastian Nicananduta,Oaxaca,Balsas,IV,Rio Balsas,9,sin dato,SIN SEQUIA,SIN REDUCCION,32.81,Baja,25.39,Baja,21.02,Baja
Region A - Primeros Quince dias habiles de cada Diciembre,20347,20,347,San Sebastian Rio Hondo,Oaxaca,Pacifico Sur,V,Costa de Oaxaca,11,sin dato,SIN SEQUIA,SIN REDUCCION,44.15,Media,38.29,Baja,28.17028937,Baja
Region A - Primeros Quince dias habiles de cada Diciembre,20348,20,348,San Sebastian Tecomaxtlahuaca,Oaxaca,Balsas,IV,Rio Balsas,9,sin dato,SIN SEQUIA,SIN REDUCCION,12.07,Muy Baja,26.77,Baja,61.04,Alta
Region A - Primeros Quince dias habiles de cada Diciembre,20349,20,349,San Sebastian Teitipac,Oaxaca,Pacifico Sur,V,Costa de Oaxaca,11,sin dato,SIN SEQUIA,SIN REDUCCION,87.03,Muy Alta,88.72,Muy Alta,91.16439436,Muy Alta
Region A - Primeros Quince dias habiles de cada Diciembre,20350,20,350,San Sebastian Tutla,Oaxaca,Pacifico Sur,V,Costa de Oaxaca,11,sin dato,SIN SEQUIA,SIN REDUCCION,87.03,Muy Alta,99.95,Muy Alta,22.9352045,Baja
Region A - Primeros Quince dias habiles de cada Diciembre,20351,20,351,San Simon Almolongas,Oaxaca,Pacifico Sur,V,Costa de Oaxaca,11,sin dato,SIN SEQUIA,SIN REDUCCION,40.21,Media,38.46,Baja,41.59388742,Media
Region A - Primeros Quince dias habiles de cada Diciembre,20352,20,352,San Simon Zahuatlan,Oaxaca,Balsas,IV,Rio Balsas,9,sin dato,SIN SEQUIA,SIN REDUCCION,9.63,Muy Baja,4.06,Muy Baja,93.69,Muy Alta
Region A - Primeros Quince dias habiles de cada Diciembre,20353,20,353,Santa Ana,Oaxaca,Pacifico Sur,V,Costa de Oaxaca,11,sin dato,SIN SEQUIA,SIN REDUCCION,43.72,Media,34.62,Baja,49.20880208,Media
Region A - Primeros Quince dias habiles de cada Diciembre,20354,20,354,Santa Ana Ateixtlahuaca,Oaxaca,Golfo Centro,X,Rio Papaloapan,21,sin dato,SIN SEQUIA,SIN REDUCCION,85.4,Muy Alta,80.8,Muy Alta,99.8212174,Muy Alta
Region A - Primeros Quince dias habiles de cada Diciembre,20355,20,355,Santa Ana Cuauhtemoc,Oaxaca,Golfo Centro,X,Rio Papaloapan,21,sin dato,SIN SEQUIA,SIN REDUCCION,98.95,Muy Alta,64.42,Alta,54.03151038,Media
Region A - Primeros Quince dias habiles de cada Diciembre,20356,20,356,Santa Ana del Valle,Oaxaca,Pacifico Sur,V,Costa de Oaxaca,11,D0,PRE-ALERTA,10%,87.03,Muy Alta,86.79,Muy Alta,78.40894063,Alta
Region A - Primeros Quince dias habiles de cada Diciembre,20357,20,357,Santa Ana Tavela,Oaxaca,Pacifico Sur,V,Costa de Oaxaca,11,sin dato,SIN SEQUIA,SIN REDUCCION,81.06,Muy Alta,74.3,Alta,27.07861985,Baja
Region A - Primeros Quince dias habiles de cada Diciembre,20358,20,358,Santa Ana Tlapacoyan,Oaxaca,Pacifico Sur,V,Costa de Oaxaca,11,sin dato,SIN SEQUIA,SIN REDUCCION,53.21,Media,56.2,Media,63.73394703,Alta
Region A - Primeros Quince dias habiles de cada Diciembre,20359,20,359,Santa Ana Yareni,Oaxaca,Golfo Centro,X,Rio Papaloapan,21,sin dato,SIN SEQUIA,SIN REDUCCION,26.68,Baja,8.65,Muy Baja,41.89554206,Media
Region A - Primeros Quince dias habiles de cada Diciembre,20360,20,360,Santa Ana Zegache,Oaxaca,Pacifico Sur,V,Costa de Oaxaca,11,sin dato,SIN SEQUIA,SIN REDUCCION,66.86,Alta,66.92,Alta,86.56890032,Muy Alta
Region A - Primeros Quince dias habiles de cada Diciembre,20361,20,361,Santa Catalina Quieri,Oaxaca,Pacifico Sur,V,Costa de Oaxaca,11,sin dato,SIN SEQUIA,SIN REDUCCION,46.42,Media,43.68,Media,67.0518381,Alta
Region A - Primeros Quince dias habiles de cada Diciembre,20362,20,362,Santa Catarina Cuixtla,Oaxaca,Pacifico Sur,V,Costa de Oaxaca,11,sin dato,SIN SEQUIA,SIN REDUCCION,39.12,Baja,48.93,Media,48.22783239,Media
Region A - Primeros Quince dias habiles de cada Diciembre,20363,20,363,Santa Catarina Ixtepeji,Oaxaca,Golfo Centro,X,Rio Papaloapan,21,sin dato,SIN SEQUIA,SIN REDUCCION,42.37,Media,23.63,Baja,28.72909916,Baja
Region A - Primeros Quince dias habiles de cada Diciembre,20364,20,364,Santa Catarina Juquila,Oaxaca,Pacifico Sur,V,Costa de Oaxaca,11,sin dato,SIN SEQUIA,SIN REDUCCION,43.41,Media,41.38,Media,59.85083457,Media
Region A - Primeros Quince dias habiles de cada Diciembre,20365,20,365,Santa Catarina Lachatao,Oaxaca,Golfo Centro,X,Rio Papaloapan,21,sin dato,SIN SEQUIA,SIN REDUCCION,46.28,Media,44.13,Media,21.297891,Baja
Region A - Primeros Quince dias habiles de cada Diciembre,20366,20,366,Santa Catarina Loxicha,Oaxaca,Pacifico Sur,V,Costa de Oaxaca,11,sin dato,SIN SEQUIA,SIN REDUCCION,42.86,Media,21.04,Baja,65.39737011,Alta
Region A - Primeros Quince dias habiles de cada Diciembre,20367,20,367,Santa Catarina Mechoacan,Oaxaca,Pacifico Sur,V,Costa de Oaxaca,11,sin dato,SIN SEQUIA,SIN REDUCCION,40.65,Media,51.73,Media,78.538933,Alta
Region A - Primeros Quince dias habiles de cada Diciembre,20368,20,368,Santa Catarina Minas,Oaxaca,Pacifico Sur,V,Costa de Oaxaca,11,sin dato,SIN SEQUIA,SIN REDUCCION,70.1,Alta,46.14,Media,61.8845407,Alta
Region A - Primeros Quince dias habiles de cada Diciembre,20369,20,369,Santa Catarina Quiane,Oaxaca,Pacifico Sur,V,Costa de Oaxaca,11,sin dato,SIN SEQUIA,SIN REDUCCION,66.23,Alta,75.16,Alta,45.37769557,Media
Region A - Primeros Quince dias habiles de cada Diciembre,20370,20,370,Santa Catarina Tayata,Oaxaca,Pacifico Sur,V,Costa de Oaxaca,11,sin dato,SIN SEQUIA,SIN REDUCCION,64.01,Alta,35.2,Baja,18.58522475,Muy Baja
Region A - Primeros Quince dias habiles de cada Diciembre,20371,20,371,Santa Catarina Ticua,Oaxaca,Pacifico Sur,V,Costa de Oaxaca,11,sin dato,SIN SEQUIA,SIN REDUCCION,4.89,Muy Baja,43.25,Media,35.0243501,Baja
Region A - Primeros Quince dias habiles de cada Diciembre,20372,20,372,Santa Catarina Yosonotu,Oaxaca,Pacifico Sur,V,Costa de Oaxaca,11,sin dato,SIN SEQUIA,SIN REDUCCION,44.09,Media,32.97,Baja,71.95149778,Alta
Region A - Primeros Quince dias habiles de cada Diciembre,20373,20,373,Santa Catarina Zapoquila,Oaxaca,Balsas,IV,Rio Balsas,9,sin dato,SIN SEQUIA,SIN REDUCCION,31.73,Baja,35.61,Baja,60.59,Alta
Region A - Primeros Quince dias habiles de cada Diciembre,20374,20,374,Santa Cruz Acatepec,Oaxaca,Golfo Centro,X,Rio Papaloapan,21,sin dato,SIN SEQUIA,SIN REDUCCION,85.51,Muy Alta,82.93,Muy Alta,94.64113089,Muy Alta
Region A - Primeros Quince dias habiles de cada Diciembre,20375,20,375,Santa Cruz Amilpas,Oaxaca,Pacifico Sur,V,Costa de Oaxaca,11,sin dato,SIN SEQUIA,SIN REDUCCION,87.03,Muy Alta,100.0,Muy Alta,50.30819986,Media
Region A - Primeros Quince dias habiles de cada Diciembre,20376,20,376,Santa Cruz de Bravo,Oaxaca,Balsas,IV,Rio Balsas,9,sin dato,SIN SEQUIA,SIN REDUCCION,65.9,Alta,17.77,Muy Baja,30.5,Baja
Region A - Primeros Quince dias habiles de cada Diciembre,20377,20,377,Santa Cruz Itundujia,Oaxaca,Pacifico Sur,V,Costa de Oaxaca,11,sin dato,SIN SEQUIA,SIN REDUCCION,48.0,Media,37.39,Baja,67.05355088,Alta
Region A - Primeros Quince dias habiles de cada Diciembre,20378,20,378,Santa Cruz Mixtepec,Oaxaca,Pacifico Sur,V,Costa de Oaxaca,11,sin dato,SIN SEQUIA,SIN REDUCCION,78.16,Alta,57.19,Media,57.64161855,Media
Region A - Primeros Quince dias habiles de cada Diciembre,20379,20,379,Santa Cruz Nundaco,Oaxaca,Balsas,IV,Rio Balsas,9,sin dato,SIN SEQUIA,SIN REDUCCION,22.6,Baja,9.11,Muy Baja,53.44,Media
Region A - Primeros Quince dias habiles de cada Diciembre,20380,20,380,Santa Cruz Papalutla,Oaxaca,Pacifico Sur,V,Costa de Oaxaca,11,sin dato,SIN SEQUIA,SIN REDUCCION,87.03,Muy Alta,95.04,Muy Alta,45.35318617,Media
Region A - Primeros Quince dias habiles de cada Diciembre,20381,20,381,Santa Cruz Tacache de Mina,Oaxaca,Balsas,IV,Rio Balsas,9,sin dato,SIN SEQUIA,SIN REDUCCION,20.01,Baja,10.49,Muy Baja,5.51,Muy Baja
Region A - Primeros Quince dias habiles de cada Diciembre,20382,20,382,Santa Cruz Tacahua,Oaxaca,Pacifico Sur,V,Costa de Oaxaca,11,sin dato,SIN SEQUIA,SIN REDUCCION,60.31,Alta,22.79,Baja,17.73321421,Muy Baja
Region A - Primeros Quince dias habiles de cada Diciembre,20383,20,383,Santa Cruz Tayata,Oaxaca,Pacifico Sur,V,Costa de Oaxaca,11,sin dato,SIN SEQUIA,SIN REDUCCION,40.82,Media,37.77,Baja,27.14617421,Baja
Region A - Primeros Quince dias habiles de cada Diciembre,20384,20,384,Santa Cruz Xitla,Oaxaca,Pacifico Sur,V,Costa de Oaxaca,11,sin dato,SIN SEQUIA,SIN REDUCCION,44.84,Media,38.59,Baja,65.61097366,Alta
Region A - Primeros Quince dias habiles de cada Diciembre,20385,20,385,Santa Cruz Xoxocotlan,Oaxaca,Pacifico Sur,V,Costa de Oaxaca,11,D0,PRE-ALERTA,10%,68.78,Alta,98.08,Muy Alta,44.5992431,Media
Region A - Primeros Quince dias habiles de cada Diciembre,20386,20,386,Santa Cruz Zenzontepec,Oaxaca,Pacifico Sur,V,Costa de Oaxaca,11,sin dato,SIN SEQUIA,SIN REDUCCION,54.86,Media,30.92,Baja,77.68554219,Alta
Region A - Primeros Quince dias habiles de cada Diciembre,20387,20,387,Santa Gertrudis,Oaxaca,Pacifico Sur,V,Costa de Oaxaca,11,sin dato,SIN SEQUIA,SIN REDUCCION,82.86,Muy Alta,51.35,Media,45.25202291,Media
Region A - Primeros Quince dias habiles de cada Diciembre,20388,20,388,Santa Ines del Monte,Oaxaca,Pacifico Sur,V,Costa de Oaxaca,11,sin dato,SIN SEQUIA,SIN REDUCCION,69.2,Alta,53.86,Media,77.9511797,Alta
Region A - Primeros Quince dias habiles de cada Diciembre,20389,20,389,Santa Ines Yatzeche,Oaxaca,Pacifico Sur,V,Costa de Oaxaca,11,sin dato,SIN SEQUIA,SIN REDUCCION,66.23,Alta,93.05,Muy Alta,78.78947052,Alta
Region A - Primeros Quince dias habiles de cada Diciembre,20390,20,390,Santa Lucia del Camino,Oaxaca,Pacifico Sur,V,Costa de Oaxaca,11,sin dato,SIN SEQUIA,SIN REDUCCION,87.24,Muy Alta,100.0,Muy Alta,42.92740247,Media
Region A - Primeros Quince dias habiles de cada Diciembre,20391,20,391,Santa Lucia Miahuatlan,Oaxaca,Pacifico Sur,V,Costa de Oaxaca,11,sin dato,SIN SEQUIA,SIN REDUCCION,75.42,Alta,21.43,Baja,82.01556341,Muy Alta
Region A - Primeros Quince dias habiles de cada Diciembre,20392,20,392,Santa Lucia Monteverde,Oaxaca,Pacifico Sur,V,Costa de Oaxaca,11,sin dato,SIN SEQUIA,SIN REDUCCION,42.39,Media,24.62,Baja,77.55137252,Alta
Region A - Primeros Quince dias habiles de cada Diciembre,20393,20,393,Santa Lucia Ocotlan,Oaxaca,Pacifico Sur,V,Costa de Oaxaca,11,sin dato,SIN SEQUIA,SIN REDUCCION,80.91,Muy Alta,70.92,Alta,42.88288532,Media
Region A - Primeros Quince dias habiles de cada Diciembre,20394,20,394,Santa Maria Alotepec,Oaxaca,Golfo Centro,X,Rio Papaloapan,21,sin dato,SIN SEQUIA,SIN REDUCCION,46.62,Media,30.04,Baja,36.52480678,Baja
Region A - Primeros Quince dias habiles de cada Diciembre,20395,20,395,Santa Maria Apazco,Oaxaca,Golfo Centro,X,Rio Papaloapan,21,sin dato,SIN SEQUIA,SIN REDUCCION,6.2,Muy Baja,26.71,Baja,95.82264693,Muy Alta
Region A - Primeros Quince dias habiles de cada Diciembre,20396,20,396,Santa Maria la Asuncion,Oaxaca,Golfo Centro,X,Rio Papaloapan,21,sin dato,SIN SEQUIA,SIN REDUCCION,72.2,Alta,72.87,Alta,95.0642298,Muy Alta
Region A - Primeros Quince dias habiles de cada Diciembre,20397,20,397,Heroica Ciudad de Tlaxiaco,Oaxaca,Balsas,IV,Rio Balsas,9,sin dato,SIN SEQUIA,SIN REDUCCION,43.37,Media,41.55,Media,32.34,Baja
Region A - Primeros Quince dias habiles de cada Diciembre,20398,20,398,Ayoquezco de Aldama,Oaxaca,Pacifico Sur,V,Costa de Oaxaca,11,sin dato,SIN SEQUIA,SIN REDUCCION,50.54,Media,38.92,Baja,50.48802585,Media
Region A - Primeros Quince dias habiles de cada Diciembre,20399,20,399,Santa Maria Atzompa,Oaxaca,Pacifico Sur,V,Costa de Oaxaca,11,sin dato,SIN SEQUIA,SIN REDUCCION,72.21,Alta,81.03,Muy Alta,58.66502272,Media
Region A - Primeros Quince dias habiles de cada Diciembre,20400,20,400,Santa Maria Camotlan,Oaxaca,Balsas,IV,Rio Balsas,9,sin dato,SIN SEQUIA,SIN REDUCCION,30.85,Baja,36.05,Baja,41.84,Media
Region A - Primeros Quince dias habiles de cada Diciembre,20401,20,401,Santa Maria Colotepec,Oaxaca,Pacifico Sur,V,Costa de Oaxaca,11,sin dato,SIN SEQUIA,SIN REDUCCION,30.37,Baja,47.98,Media,47.41142214,Media
Region A - Primeros Quince dias habiles de cada Diciembre,20402,20,402,Santa Maria Cortijo,Oaxaca,Pacifico Sur,V,Costa de Oaxaca,11,sin dato,SIN SEQUIA,SIN REDUCCION,17.25,Muy Baja,20.39,Baja,37.53353733,Baja
Region A - Primeros Quince dias habiles de cada Diciembre,20403,20,403,Santa Maria Coyotepec,Oaxaca,Pacifico Sur,V,Costa de Oaxaca,11,sin dato,SIN SEQUIA,SIN REDUCCION,80.61,Muy Alta,88.03,Muy Alta,34.16841987,Baja
Region A - Primeros Quince dias habiles de cada Diciembre,20404,20,404,Santa Maria Chachoapam,Oaxaca,Pacifico Sur,V,Costa de Oaxaca,11,sin dato,SIN SEQUIA,SIN REDUCCION,14.4,Muy Baja,40.38,Media,15.58083596,Muy Baja
Region A - Primeros Quince dias habiles de cada Diciembre,20405,20,405,Villa de Chilapa de Diaz,Oaxaca,Balsas,IV,Rio Balsas,9,sin dato,SIN SEQUIA,SIN REDUCCION,49.06,Media,23.1,Baja,11.95,Muy Baja
Region A - Primeros Quince dias habiles de cada Diciembre,20406,20,406,Santa Maria Chilchotla,Oaxaca,Golfo Centro,X,Rio Papaloapan,21,sin dato,SIN SEQUIA,SIN REDUCCION,87.04,Muy Alta,76.87,Alta,99.95202014,Muy Alta
Region A - Primeros Quince dias habiles de cada Diciembre,20407,20,407,Santa Maria Chimalapa,Oaxaca,Golfo Centro,X,Rio Coatzacoalcos,22,sin dato,SIN SEQUIA,SIN REDUCCION,8.74,Muy Baja,77.55,Alta,56.68190923,Media
Region A - Primeros Quince dias habiles de cada Diciembre,20408,20,408,Santa Maria del Rosario,Oaxaca,Balsas,IV,Rio Balsas,9,sin dato,SIN SEQUIA,SIN REDUCCION,40.93,Media,52.66,Media,32.58,Baja
Region A - Primeros Quince dias habiles de cada Diciembre,20409,20,409,Santa Maria del Tule,Oaxaca,Pacifico Sur,V,Costa de Oaxaca,11,sin dato,SIN SEQUIA,SIN REDUCCION,90.57,Muy Alta,96.68,Muy Alta,4.08598752,Muy Baja
Region A - Primeros Quince dias habiles de cada Diciembre,20410,20,410,Santa Maria Ecatepec,Oaxaca,Pacifico Sur,V,Costa de Oaxaca,11,sin dato,SIN SEQUIA,SIN REDUCCION,73.22,Alta,28.1,Baja,18.98852077,Muy Baja
Region A - Primeros Quince dias habiles de cada Diciembre,20411,20,411,Santa Maria Guelace,Oaxaca,Pacifico Sur,V,Costa de Oaxaca,11,D1,PRE-ALERTA,15%,92.1,Muy Alta,94.85,Muy Alta,91.93798482,Muy Alta
Region A - Primeros Quince dias habiles de cada Diciembre,20412,20,412,Santa Maria Guienagati,Oaxaca,Pacifico Sur,V,Costa de Oaxaca,11,sin dato,SIN SEQUIA,SIN REDUCCION,32.28,Baja,11.2,Muy Baja,36.92968309,Baja
Region A - Primeros Quince dias habiles de cada Diciembre,20413,20,413,Santa Maria Huatulco,Oaxaca,Pacifico Sur,V,Costa de Oaxaca,11,sin dato,SIN SEQUIA,SIN REDUCCION,20.52,Baja,40.23,Media,48.1701391,Media
Region A - Primeros Quince dias habiles de cada Diciembre,20414,20,414,Santa Maria Huazolotitlan,Oaxaca,Pacifico Sur,V,Costa de Oaxaca,11,sin dato,SIN SEQUIA,SIN REDUCCION,44.84,Media,82.75,Muy Alta,46.74470923,Media
Region A - Primeros Quince dias habiles de cada Diciembre,20415,20,415,Santa Maria Ipalapa,Oaxaca,Pacifico Sur,V,Costa de Oaxaca,11,sin dato,SIN SEQUIA,SIN REDUCCION,13.94,Muy Baja,11.64,Muy Baja,14.9044279,Muy Baja
Region A - Primeros Quince dias habiles de cada Diciembre,20416,20,416,Santa Maria Ixcatlan,Oaxaca,Golfo Centro,X,Rio Papaloapan,21,D0,PRE-ALERTA,10%,2.06,Muy Baja,54.98,Media,84.92555259,Muy Alta
Region A - Primeros Quince dias habiles de cada Diciembre,20417,20,417,Santa Maria Jacatepec,Oaxaca,Golfo Centro,X,Rio Papaloapan,21,sin dato,SIN SEQUIA,SIN REDUCCION,27.41,Baja,34.04,Baja,23.25811674,Baja
Region A - Primeros Quince dias habiles de cada Diciembre,20418,20,418,Santa Maria Jalapa del Marques,Oaxaca,Pacifico Sur,V,Costa de Oaxaca,11,sin dato,SIN SEQUIA,SIN REDUCCION,99.14,Muy Alta,90.05,Muy Alta,56.5320836,Media
Region A - Primeros Quince dias habiles de cada Diciembre,20419,20,419,Santa Maria Jaltianguis,Oaxaca,Golfo Centro,X,Rio Papaloapan,21,sin dato,SIN SEQUIA,SIN REDUCCION,74.37,Alta,16.19,Muy Baja,5.738640731,Muy Baja
Region A - Primeros Quince dias habiles de cada Diciembre,20420,20,420,Santa Maria Lachixio,Oaxaca,Pacifico Sur,V,Costa de Oaxaca,11,sin dato,SIN SEQUIA,SIN REDUCCION,48.31,Media,33.87,Baja,52.13891965,Media
Region A - Primeros Quince dias habiles de cada Diciembre,20421,20,421,Santa Maria Mixtequilla,Oaxaca,Pacifico Sur,V,Costa de Oaxaca,11,sin dato,SIN SEQUIA,SIN REDUCCION,82.68,Muy Alta,84.7,Muy Alta,41.69251736,Media
Region A - Primeros Quince dias habiles de cada Diciembre,20422,20,422,Santa Maria Nativitas,Oaxaca,Golfo Centro,X,Rio Papaloapan,21,D0,PRE-ALERTA,10%,32.28,Baja,21.63,Baja,18.81929415,Muy Baja
Region A - Primeros Quince dias habiles de cada Diciembre,20423,20,423,Santa Maria Nduayaco,Oaxaca,Balsas,IV,Costa de Oaxaca,11,sin dato,SIN SEQUIA,SIN REDUCCION,42.25,Media,31.02,Baja,45.91,Media
Region A - Primeros Quince dias habiles de cada Diciembre,20424,20,424,Santa Maria Ozolotepec,Oaxaca,Pacifico Sur,V,Costa de Oaxaca,11,sin dato,SIN SEQUIA,SIN REDUCCION,84.87,Muy Alta,39.39,Baja,59.68369967,Media
Region A - Primeros Quince dias habiles de cada Diciembre,20425,20,425,Santa Maria Papalo,Oaxaca,Golfo Centro,X,Rio Papaloapan,21,sin dato,SIN SEQUIA,SIN REDUCCION,67.08,Alta,60.67,Alta,54.28660341,Media
Region A - Primeros Quince dias habiles de cada Diciembre,20426,20,426,Santa Maria Penoles,Oaxaca,Pacifico Sur,V,Costa de Oaxaca,11,sin dato,SIN SEQUIA,SIN REDUCCION,47.05,Media,32.18,Baja,83.33657282,Muy Alta
Region A - Primeros Quince dias habiles de cada Diciembre,20427,20,427,Santa Maria Petapa,Oaxaca,Golfo Centro,X,Rio Coatzacoalcos,22,sin dato,SIN SEQUIA,SIN REDUCCION,5.82,Muy Baja,6.31,Muy Baja,11.07332029,Muy Baja
Region A - Primeros Quince dias habiles de cada Diciembre,20428,20,428,Santa Maria Quiegolani,Oaxaca,Pacifico Sur,V,Costa de Oaxaca,11,sin dato,SIN SEQUIA,SIN REDUCCION,44.76,Media,31.38,Baja,27.16081572,Baja
Region A - Primeros Quince dias habiles de cada Diciembre,20429,20,429,Santa Maria Sola,Oaxaca,Pacifico Sur,V,Costa de Oaxaca,11,sin dato,SIN SEQUIA,SIN REDUCCION,49.36,Media,31.97,Baja,57.39063689,Media
Region A - Primeros Quince dias habiles de cada Diciembre,20430,20,430,Santa Maria Tataltepec,Oaxaca,Pacifico Sur,V,Costa de Oaxaca,11,sin dato,SIN SEQUIA,SIN REDUCCION,47.94,Media,51.1,Media,39.50799709,Baja
Region A - Primeros Quince dias habiles de cada Diciembre,20431,20,431,Santa Maria Tecomavaca,Oaxaca,Golfo Centro,X,Rio Papaloapan,21,D1,PRE-ALERTA,15%,5.95,Muy Baja,37.23,Baja,17.86884758,Muy Baja
Region A - Primeros Quince dias habiles de cada Diciembre,20432,20,432,Santa Maria Temaxcalapa,Oaxaca,Golfo Centro,X,Rio Papaloapan,21,sin dato,SIN SEQUIA,SIN REDUCCION,60.47,Alta,52.54,Media,14.37258114,Muy Baja
Region A - Primeros Quince dias habiles de cada Diciembre,20433,20,433,Santa Maria Temaxcaltepec,Oaxaca,Pacifico Sur,V,Costa de Oaxaca,11,sin dato,SIN SEQUIA,SIN REDUCCION,47.27,Media,25.8,Baja,75.31754362,Alta
Region A - Primeros Quince dias habiles de cada Diciembre,20434,20,434,Santa Maria Teopoxco,Oaxaca,Golfo Centro,X,Rio Papaloapan,21,sin dato,SIN SEQUIA,SIN REDUCCION,85.43,Muy Alta,62.18,Alta,64.18721082,Alta
Region A - Primeros Quince dias habiles de cada Diciembre,20435,20,435,Santa Maria Tepantlali,Oaxaca,Golfo Centro,X,Costa de Oaxaca,11,sin dato,SIN SEQUIA,SIN REDUCCION,62.29,Alta,29.81,Baja,78.01949786,Alta
Region A - Primeros Quince dias habiles de cada Diciembre,20436,20,436,Santa Maria Texcatitlan,Oaxaca,Golfo Centro,X,Rio Papaloapan,21,sin dato,SIN SEQUIA,SIN REDUCCION,86.21,Muy Alta,22.7,Baja,78.30191907,Alta
Region A - Primeros Quince dias habiles de cada Diciembre,20437,20,437,Santa Maria Tlahuitoltepec,Oaxaca,Golfo Centro,X,Rio Papaloapan,21,sin dato,SIN SEQUIA,SIN REDUCCION,50.65,Media,22.68,Baja,59.65123052,Media
Region A - Primeros Quince dias habiles de cada Diciembre,20438,20,438,Santa Maria Tlalixtac,Oaxaca,Golfo Centro,X,Rio Papaloapan,21,sin dato,SIN SEQUIA,SIN REDUCCION,78.19,Alta,56.62,Media,45.86240657,Media
Region A - Primeros Quince dias habiles de cada Diciembre,20439,20,439,Santa Maria Tonameca,Oaxaca,Pacifico Sur,V,Costa de Oaxaca,11,sin dato,SIN SEQUIA,SIN REDUCCION,33.47,Baja,41.89,Media,46.71396848,Media
Region A - Primeros Quince dias habiles de cada Diciembre,20440,20,440,Santa Maria Totolapilla,Oaxaca,Pacifico Sur,V,Costa de Oaxaca,11,sin dato,SIN SEQUIA,SIN REDUCCION,91.54,Muy Alta,86.68,Muy Alta,49.48800017,Media
Region A - Primeros Quince dias habiles de cada Diciembre,20441,20,441,Santa Maria Xadani,Oaxaca,Pacifico Sur,V,Costa de Oaxaca,11,sin dato,SIN SEQUIA,SIN REDUCCION,91.18,Muy Alta,95.45,Muy Alta,64.44768349,Alta
Region A - Primeros Quince dias habiles de cada Diciembre,20442,20,442,Santa Maria Yalina,Oaxaca,Golfo Centro,X,Rio Papaloapan,21,sin dato,SIN SEQUIA,SIN REDUCCION,43.92,Media,20.34,Baja,8.850469016,Muy Baja
Region A - Primeros Quince dias habiles de cada Diciembre,20443,20,443,Santa Maria Yavesia,Oaxaca,Golfo Centro,X,Rio Papaloapan,21,sin dato,SIN SEQUIA,SIN REDUCCION,56.25,Media,13.21,Muy Baja,3.209128089,Muy Baja
Region A - Primeros Quince dias habiles de cada Diciembre,20444,20,444,Santa Maria Yolotepec,Oaxaca,Pacifico Sur,V,Costa de Oaxaca,11,sin dato,SIN SEQUIA,SIN REDUCCION,93.44,Muy Alta,46.4,Media,26.9921922,Baja
Region A - Primeros Quince dias habiles de cada Diciembre,20445,20,445,Santa Maria Yosoyua,Oaxaca,Pacifico Sur,V,Costa de Oaxaca,11,sin dato,SIN SEQUIA,SIN REDUCCION,32.85,Baja,59.44,Media,6.893462768,Muy Baja
Region A - Primeros Quince dias habiles de cada Diciembre,20446,20,446,Santa Maria Yucuhiti,Oaxaca,Pacifico Sur,V,Costa de Oaxaca,11,sin dato,SIN SEQUIA,SIN REDUCCION,75.04,Alta,39.34,Baja,13.29073636,Muy Baja
Region A - Primeros Quince dias habiles de cada Diciembre,20447,20,447,Santa Maria Zacatepec,Oaxaca,Pacifico Sur,V,Costa de Oaxaca,11,sin dato,SIN SEQUIA,SIN REDUCCION,30.42,Baja,17.91,Muy Baja,40.73660796,Media
Region A - Primeros Quince dias habiles de cada Diciembre,20448,20,448,Santa Maria Zaniza,Oaxaca,Pacifico Sur,V,Costa de Oaxaca,11,sin dato,SIN SEQUIA,SIN REDUCCION,45.3,Media,27.14,Baja,15.95486246,Muy Baja
Region A - Primeros Quince dias habiles de cada Diciembre,20449,20,449,Santa Maria Zoquitlan,Oaxaca,Pacifico Sur,V,Costa de Oaxaca,11,sin dato,SIN SEQUIA,SIN REDUCCION,56.49,Media,43.37,Media,84.34359767,Muy Alta
Region A - Primeros Quince dias habiles de cada Diciembre,20450,20,450,Santiago Amoltepec,Oaxaca,Pacifico Sur,V,Costa de Oaxaca,11,sin dato,SIN SEQUIA,SIN REDUCCION,41.71,Media,20.04,Baja,86.03064881,Muy Alta
Region A - Primeros Quince dias habiles de cada Diciembre,20451,20,451,Santiago Apoala,Oaxaca,Golfo Centro,X,Rio Papaloapan,21,sin dato,SIN SEQUIA,SIN REDUCCION,7.21,Muy Baja,13.35,Muy Baja,84.32348422,Muy Alta
Region A - Primeros Quince dias habiles de cada Diciembre,20452,20,452,Santiago Apostol,Oaxaca,Pacifico Sur,V,Costa de Oaxaca,11,sin dato,SIN SEQUIA,SIN REDUCCION,80.67,Muy Alta,78.21,Alta,96.76245433,Muy Alta
Region A - Primeros Quince dias habiles de cada Diciembre,20453,20,453,Santiago Astata,Oaxaca,Pacifico Sur,V,Costa de Oaxaca,11,sin dato,SIN SEQUIA,SIN REDUCCION,41.92,Media,29.67,Baja,8.147039249,Muy Baja
Region A - Primeros Quince dias habiles de cada Diciembre,20454,20,454,Santiago Atitlan,Oaxaca,Golfo Centro,X,Rio Papaloapan,21,sin dato,SIN SEQUIA,SIN REDUCCION,48.2,Media,45.09,Media,71.60383934,Alta
Region A - Primeros Quince dias habiles de cada Diciembre,20455,20,455,Santiago Ayuquililla,Oaxaca,Balsas,IV,Rio Balsas,9,sin dato,SIN SEQUIA,SIN REDUCCION,2.96,Muy Baja,15.03,Muy Baja,32.85,Baja
Region A - Primeros Quince dias habiles de cada Diciembre,20456,20,456,Santiago Cacaloxtepec,Oaxaca,Balsas,IV,Rio Balsas,9,sin dato,SIN SEQUIA,SIN REDUCCION,35.0,Baja,33.55,Baja,7.27,Muy Baja
Region A - Primeros Quince dias habiles de cada Diciembre,20457,20,457,Santiago Camotlan,Oaxaca,Golfo Centro,X,Rio Papaloapan,21,sin dato,SIN SEQUIA,SIN REDUCCION,43.8,Media,28.79,Baja,46.98544267,Media
Region A - Primeros Quince dias habiles de cada Diciembre,20458,20,458,Santiago Comaltepec,Oaxaca,Golfo Centro,X,Rio Papaloapan,21,sin dato,SIN SEQUIA,SIN REDUCCION,43.15,Media,9.7,Muy Baja,5.227376038,Muy Baja
Region A - Primeros Quince dias habiles de cada Diciembre,20459,20,459,Santiago Chazumba,Oaxaca,Balsas,IV,Rio Balsas,9,D0,PRE-ALERTA,10%,4.47,Muy Baja,14.74,Muy Baja,6.24,Muy Baja
Region A - Primeros Quince dias habiles de cada Diciembre,20460,20,460,Santiago Choapam,Oaxaca,Golfo Centro,X,Rio Papaloapan,21,sin dato,SIN SEQUIA,SIN REDUCCION,43.46,Media,19.22,Muy Baja,69.2396795,Alta
Region A - Primeros Quince dias habiles de cada Diciembre,20461,20,461,Santiago del Rio,Oaxaca,Balsas,IV,Rio Balsas,9,sin dato,SIN SEQUIA,SIN REDUCCION,11.98,Muy Baja,4.62,Muy Baja,74.93,Alta
Region A - Primeros Quince dias habiles de cada Diciembre,20462,20,462,Santiago Huajolotitlan,Oaxaca,Balsas,IV,Rio Balsas,9,sin dato,SIN SEQUIA,SIN REDUCCION,30.18,Baja,37.38,Baja,24.26,Baja
Region A - Primeros Quince dias habiles de cada Diciembre,20463,20,463,Santiago Huauclilla,Oaxaca,Golfo Centro,X,Rio Papaloapan,21,sin dato,SIN SEQUIA,SIN REDUCCION,24.68,Baja,13.24,Muy Baja,62.88830659,Alta
Region A - Primeros Quince dias habiles de cada Diciembre,20464,20,464,Santiago Ihuitlan Plumas,Oaxaca,Golfo Centro,X,Rio Papaloapan,21,sin dato,SIN SEQUIA,SIN REDUCCION,0.0,Muy Baja,38.38,Baja,49.20460468,Media
Region A - Primeros Quince dias habiles de cada Diciembre,20465,20,465,Santiago Ixcuintepec,Oaxaca,Golfo Centro,X,Rio Coatzacoalcos,22,sin dato,SIN SEQUIA,SIN REDUCCION,7.51,Muy Baja,1.1,Muy Baja,21.52177488,Baja
Region A - Primeros Quince dias habiles de cada Diciembre,20466,20,466,Santiago Ixtayutla,Oaxaca,Pacifico Sur,V,Costa de Oaxaca,11,sin dato,SIN SEQUIA,SIN REDUCCION,93.66,Muy Alta,15.28,Muy Baja,94.75304057,Muy Alta
Region A - Primeros Quince dias habiles de cada Diciembre,20467,20,467,Santiago Jamiltepec,Oaxaca,Pacifico Sur,V,Costa de Oaxaca,11,sin dato,SIN SEQUIA,SIN REDUCCION,44.52,Media,84.04,Muy Alta,50.32482676,Media
Region A - Primeros Quince dias habiles de cada Diciembre,20468,20,468,Santiago Jocotepec,Oaxaca,Golfo Centro,X,Rio Papaloapan,21,sin dato,SIN SEQUIA,SIN REDUCCION,45.58,Media,52.82,Media,65.45139238,Alta
Region A - Primeros Quince dias habiles de cada Diciembre,20469,20,469,Santiago Juxtlahuaca,Oaxaca,Pacifico Sur,V,Costa de Oaxaca,11,sin dato,SIN SEQUIA,SIN REDUCCION,53.14,Media,11.09,Muy Baja,63.38464916,Alta
Region A - Primeros Quince dias habiles de cada Diciembre,20470,20,470,Santiago Lachiguiri,Oaxaca,Pacifico Sur,V,Costa de Oaxaca,11,sin dato,SIN SEQUIA,SIN REDUCCION,20.69,Baja,25.82,Baja,27.44919063,Baja
Region A - Primeros Quince dias habiles de cada Diciembre,20471,20,471,Santiago Lalopa,Oaxaca,Golfo Centro,X,Rio Papaloapan,21,sin dato,SIN SEQUIA,SIN REDUCCION,45.27,Media,46.96,Media,13.92799845,Muy Baja
Region A - Primeros Quince dias habiles de cada Diciembre,20472,20,472,Santiago Laollaga,Oaxaca,Pacifico Sur,V,Costa de Oaxaca,11,sin dato,SIN SEQUIA,SIN REDUCCION,13.38,Muy Baja,13.37,Muy Baja,6.787312386,Muy Baja
Region A - Primeros Quince dias habiles de cada Diciembre,20473,20,473,Santiago Laxopa,Oaxaca,Golfo Centro,X,Rio Papaloapan,21,sin dato,SIN SEQUIA,SIN REDUCCION,43.5,Media,11.34,Muy Baja,11.09206926,Muy Baja
Region A - Primeros Quince dias habiles de cada Diciembre,20474,20,474,Santiago Llano Grande,Oaxaca,Pacifico Sur,V,Costa de Oaxaca,11,D0,PRE-ALERTA,10%,50.3,Media,23.58,Baja,36.74308166,Baja
Region A - Primeros Quince dias habiles de cada Diciembre,20475,20,475,Santiago Matatlan,Oaxaca,Pacifico Sur,V,Costa de Oaxaca,11,sin dato,SIN SEQUIA,SIN REDUCCION,66.88,Alta,95.88,Muy Alta,59.58239999,Media
Region A - Primeros Quince dias habiles de cada Diciembre,20476,20,476,Santiago Miltepec,Oaxaca,Balsas,IV,Rio Balsas,9,D0,PRE-ALERTA,10%,22.89,Baja,18.36,Muy Baja,15.47,Muy Baja
Region A - Primeros Quince dias habiles de cada Diciembre,20477,20,477,Santiago Minas,Oaxaca,Pacifico Sur,V,Costa de Oaxaca,11,sin dato,SIN SEQUIA,SIN REDUCCION,64.47,Alta,39.41,Baja,48.869965,Media
Region A - Primeros Quince dias habiles de cada Diciembre,20478,20,478,Santiago Nacaltepec,Oaxaca,Golfo Centro,X,Rio Papaloapan,21,sin dato,SIN SEQUIA,SIN REDUCCION,5.57,Muy Baja,3.27,Muy Baja,20.36142433,Baja
Region A - Primeros Quince dias habiles de cada Diciembre,20479,20,479,Santiago Nejapilla,Oaxaca,Pacifico Sur,V,Rio Balsas,9,sin dato,SIN SEQUIA,SIN REDUCCION,95.74,Muy Alta,45.07,Media,31.49894492,Baja
Region A - Primeros Quince dias habiles de cada Diciembre,20480,20,480,Santiago Nundiche,Oaxaca,Balsas,IV,Rio Balsas,9,sin dato,SIN SEQUIA,SIN REDUCCION,9.38,Muy Baja,22.58,Baja,99.31,Muy Alta
Region A - Primeros Quince dias habiles de cada Diciembre,20481,20,481,Santiago Nuyoo,Oaxaca,Pacifico Sur,V,Costa de Oaxaca,11,sin dato,SIN SEQUIA,SIN REDUCCION,45.01,Media,62.9,Alta,30.59471192,Baja
Region A - Primeros Quince dias habiles de cada Diciembre,20482,20,482,Santiago Pinotepa Nacional,Oaxaca,Pacifico Sur,V,Costa de Oaxaca,11,sin dato,SIN SEQUIA,SIN REDUCCION,15.86,Muy Baja,90.27,Muy Alta,50.40316438,Media
Region A - Primeros Quince dias habiles de cada Diciembre,20483,20,483,Santiago Suchilquitongo,Oaxaca,Pacifico Sur,V,Costa de Oaxaca,11,sin dato,SIN SEQUIA,SIN REDUCCION,69.42,Alta,72.29,Alta,48.48508104,Media
Region A - Primeros Quince dias habiles de cada Diciembre,20484,20,484,Santiago Tamazola,Oaxaca,Balsas,IV,Rio Balsas,9,sin dato,SIN SEQUIA,SIN REDUCCION,22.49,Baja,12.72,Muy Baja,22.98,Baja
Region A - Primeros Quince dias habiles de cada Diciembre,20485,20,485,Santiago Tapextla,Oaxaca,Pacifico Sur,V,Costa de Oaxaca,11,sin dato,SIN SEQUIA,SIN REDUCCION,15.24,Muy Baja,15.55,Muy Baja,67.06768682,Alta
Region A - Primeros Quince dias habiles de cada Diciembre,20486,20,486,Villa Tejupam de la Union,Oaxaca,Balsas,IV,Rio Balsas,9,sin dato,SIN SEQUIA,SIN REDUCCION,6.5,Muy Baja,37.57,Baja,22.15,Baja
Region A - Primeros Quince dias habiles de cada Diciembre,20487,20,487,Santiago Tenango,Oaxaca,Pacifico Sur,V,Rio Papaloapan,21,sin dato,SIN SEQUIA,SIN REDUCCION,53.18,Media,42.61,Media,66.80226253,Alta
Region A - Primeros Quince dias habiles de cada Diciembre,20488,20,488,Santiago Tepetlapa,Oaxaca,Golfo Centro,X,Rio Papaloapan,21,D0,PRE-ALERTA,10%,10.75,Muy Baja,35.33,Baja,3.572782504,Muy Baja
Region A - Primeros Quince dias habiles de cada Diciembre,20489,20,489,Santiago Tetepec,Oaxaca,Pacifico Sur,V,Costa de Oaxaca,11,sin dato,SIN SEQUIA,SIN REDUCCION,46.88,Media,49.66,Media,62.05289352,Alta
Region A - Primeros Quince dias habiles de cada Diciembre,20490,20,490,Santiago Texcalcingo,Oaxaca,Golfo Centro,X,Rio Papaloapan,21,sin dato,SIN SEQUIA,SIN REDUCCION,87.31,Muy Alta,72.2,Alta,78.03578707,Alta
Region A - Primeros Quince dias habiles de cada Diciembre,20491,20,491,Santiago Textitlan,Oaxaca,Pacifico Sur,V,Costa de Oaxaca,11,sin dato,SIN SEQUIA,SIN REDUCCION,41.03,Media,13.78,Muy Baja,23.15775026,Baja
Region A - Primeros Quince dias habiles de cada Diciembre,20492,20,492,Santiago Tilantongo,Oaxaca,Pacifico Sur,V,Costa de Oaxaca,11,sin dato,SIN SEQUIA,SIN REDUCCION,95.98,Muy Alta,30.21,Baja,58.48600349,Media
Region A - Primeros Quince dias habiles de cada Diciembre,20493,20,493,Santiago Tillo,Oaxaca,Pacifico Sur,V,Costa de Oaxaca,11,sin dato,SIN SEQUIA,SIN REDUCCION,59.47,Media,38.95,Baja,13.52179027,Muy Baja
Region A - Primeros Quince dias habiles de cada Diciembre,20494,20,494,Santiago Tlazoyaltepec,Oaxaca,Pacifico Sur,V,Costa de Oaxaca,11,sin dato,SIN SEQUIA,SIN REDUCCION,90.5,Muy Alta,35.38,Baja,79.83249022,Alta
Region A - Primeros Quince dias habiles de cada Diciembre,20495,20,495,Santiago Xanica,Oaxaca,Pacifico Sur,V,Costa de Oaxaca,11,sin dato,SIN SEQUIA,SIN REDUCCION,64.42,Alta,38.58,Baja,88.22549285,Muy Alta
Region A - Primeros Quince dias habiles de cada Diciembre,20496,20,496,Santiago Xiacui,Oaxaca,Golfo Centro,X,Rio Papaloapan,21,sin dato,SIN SEQUIA,SIN REDUCCION,45.6,Media,30.81,Baja,13.59631075,Muy Baja
Region A - Primeros Quince dias habiles de cada Diciembre,20497,20,497,Santiago Yaitepec,Oaxaca,Pacifico Sur,V,Costa de Oaxaca,11,sin dato,SIN SEQUIA,SIN REDUCCION,81.8,Muy Alta,37.18,Baja,83.73667503,Muy Alta
Region A - Primeros Quince dias habiles de cada Diciembre,20498,20,498,Santiago Yaveo,Oaxaca,Golfo Centro,X,Rio Papaloapan,21,sin dato,SIN SEQUIA,SIN REDUCCION,49.0,Media,62.23,Alta,88.11824807,Muy Alta
Region A - Primeros Quince dias habiles de cada Diciembre,20499,20,499,Santiago Yolomecatl,Oaxaca,Balsas,IV,Rio Balsas,9,sin dato,SIN SEQUIA,SIN REDUCCION,55.22,Media,40.49,Media,11.43,Muy Baja
Region A - Primeros Quince dias habiles de cada Diciembre,20500,20,500,Santiago Yosondua,Oaxaca,Pacifico Sur,V,Costa de Oaxaca,11,sin dato,SIN SEQUIA,SIN REDUCCION,59.58,Media,58.46,Media,67.48066347,Alta
Region A - Primeros Quince dias habiles de cada Diciembre,20501,20,501,Santiago Yucuyachi,Oaxaca,Balsas,IV,Rio Balsas,9,sin dato,SIN SEQUIA,SIN REDUCCION,30.53,Baja,10.45,Muy Baja,54.96,Media
Region A - Primeros Quince dias habiles de cada Diciembre,20502,20,502,Santiago Zacatepec,Oaxaca,Golfo Centro,X,Rio Papaloapan,21,sin dato,SIN SEQUIA,SIN REDUCCION,48.03,Media,25.74,Baja,94.40603964,Muy Alta
Region A - Primeros Quince dias habiles de cada Diciembre,20503,20,503,Santiago Zoochila,Oaxaca,Golfo Centro,X,Rio Papaloapan,21,sin dato,SIN SEQUIA,SIN REDUCCION,45.26,Media,46.09,Media,14.20536078,Muy Baja
Region A - Primeros Quince dias habiles de cada Diciembre,20504,20,504,Nuevo Zoquiapam,Oaxaca,Golfo Centro,X,Rio Papaloapan,21,sin dato,SIN SEQUIA,SIN REDUCCION,43.25,Media,5.33,Muy Baja,10.93483664,Muy Baja
Region A - Primeros Quince dias habiles de cada Diciembre,20505,20,505,Santo Domingo Ingenio,Oaxaca,Pacifico Sur,V,Costa de Oaxaca,11,sin dato,SIN SEQUIA,SIN REDUCCION,46.58,Media,56.25,Media,56.7458536,Media
Region A - Primeros Quince dias habiles de cada Diciembre,20506,20,506,Santo Domingo Albarradas,Oaxaca,Pacifico Sur,V,Rio Papaloapan,21,sin dato,SIN SEQUIA,SIN REDUCCION,71.88,Alta,56.68,Media,42.0925306,Media
Region A - Primeros Quince dias habiles de cada Diciembre,20507,20,507,Santo Domingo Armenta,Oaxaca,Pacifico Sur,V,Costa de Oaxaca,11,sin dato,SIN SEQUIA,SIN REDUCCION,81.01,Muy Alta,26.4,Baja,65.30006051,Alta
Region A - Primeros Quince dias habiles de cada Diciembre,20508,20,508,Santo Domingo Chihuitan,Oaxaca,Pacifico Sur,V,Costa de Oaxaca,11,sin dato,SIN SEQUIA,SIN REDUCCION,51.37,Media,40.36,Media,19.8750267,Muy Baja
Region A - Primeros Quince dias habiles de cada Diciembre,20509,20,509,Santo Domingo de Morelos,Oaxaca,Pacifico Sur,V,Costa de Oaxaca,11,D0,PRE-ALERTA,10%,32.49,Baja,27.12,Baja,67.79921661,Alta
Region A - Primeros Quince dias habiles de cada Diciembre,20510,20,510,Santo Domingo Ixcatlan,Oaxaca,Pacifico Sur,V,Costa de Oaxaca,11,sin dato,SIN SEQUIA,SIN REDUCCION,77.9,Alta,41.47,Media,51.8109522,Media
Region A - Primeros Quince dias habiles de cada Diciembre,20511,20,511,Santo Domingo Nuxaa,Oaxaca,Pacifico Sur,V,Costa de Oaxaca,11,sin dato,SIN SEQUIA,SIN REDUCCION,32.55,Baja,26.86,Baja,65.34995439,Alta
Region A - Primeros Quince dias habiles de cada Diciembre,20512,20,512,Santo Domingo Ozolotepec,Oaxaca,Pacifico Sur,V,Costa de Oaxaca,11,D0,PRE-ALERTA,10%,47.89,Media,23.0,Baja,49.49936308,Media
Region A - Primeros Quince dias habiles de cada Diciembre,20513,20,513,Santo Domingo Petapa,Oaxaca,Golfo Centro,X,Rio Coatzacoalcos,22,sin dato,SIN SEQUIA,SIN REDUCCION,13.55,Muy Baja,15.35,Muy Baja,34.14543227,Baja
Region A - Primeros Quince dias habiles de cada Diciembre,20514,20,514,Santo Domingo Roayaga,Oaxaca,Golfo Centro,X,Rio Papaloapan,21,sin dato,SIN SEQUIA,SIN REDUCCION,43.71,Media,27.54,Baja,17.89303741,Muy Baja
Region A - Primeros Quince dias habiles de cada Diciembre,20515,20,515,Santo Domingo Tehuantepec,Oaxaca,Pacifico Sur,V,Costa de Oaxaca,11,sin dato,SIN SEQUIA,SIN REDUCCION,43.01,Media,19.36,Muy Baja,20.48736867,Baja
Region A - Primeros Quince dias habiles de cada Diciembre,20516,20,516,Santo Domingo Teojomulco,Oaxaca,Pacifico Sur,V,Costa de Oaxaca,11,sin dato,SIN SEQUIA,SIN REDUCCION,42.38,Media,17.28,Muy Baja,29.23859851,Baja
Region A - Primeros Quince dias habiles de cada Diciembre,20517,20,517,Santo Domingo Tepuxtepec,Oaxaca,Golfo Centro,X,Costa de Oaxaca,11,D1,PRE-ALERTA,15%,78.57,Alta,35.21,Baja,98.98727989,Muy Alta
Region A - Primeros Quince dias habiles de cada Diciembre,20518,20,518,Santo Domingo Tlatayapam,Oaxaca,Pacifico Sur,V,Costa de Oaxaca,11,sin dato,SIN SEQUIA,SIN REDUCCION,29.67,Baja,36.54,Baja,27.06439077,Baja
Region A - Primeros Quince dias habiles de cada Diciembre,20519,20,519,Santo Domingo Tomaltepec,Oaxaca,Pacifico Sur,V,Costa de Oaxaca,11,sin dato,SIN SEQUIA,SIN REDUCCION,97.46,Muy Alta,93.02,Muy Alta,76.17799311,Alta
Region A - Primeros Quince dias habiles de cada Diciembre,20520,20,520,Santo Domingo Tonala,Oaxaca,Balsas,IV,Rio Balsas,9,sin dato,SIN SEQUIA,SIN REDUCCION,13.86,Muy Baja,34.96,Baja,21.19,Baja
Region A - Primeros Quince dias habiles de cada Diciembre,20521,20,521,Santo Domingo Tonaltepec,Oaxaca,Balsas,IV,Costa de Oaxaca,11,sin dato,SIN SEQUIA,SIN REDUCCION,7.78,Muy Baja,31.23,Baja,31.43,Baja
Region A - Primeros Quince dias habiles de cada Diciembre,20522,20,522,Santo Domingo Xagacia,Oaxaca,Golfo Centro,X,Rio Papaloapan,21,sin dato,SIN SEQUIA,SIN REDUCCION,60.33,Alta,41.44,Media,70.32524088,Alta
Region A - Primeros Quince dias habiles de cada Diciembre,20523,20,523,Santo Domingo Yanhuitlan,Oaxaca,Pacifico Sur,V,Costa de Oaxaca,11,sin dato,SIN SEQUIA,SIN REDUCCION,7.89,Muy Baja,29.19,Baja,45.34531275,Media
Region A - Primeros Quince dias habiles de cada Diciembre,20524,20,524,Santo Domingo Yodohino,Oaxaca,Balsas,IV,Rio Balsas,9,sin dato,SIN SEQUIA,SIN REDUCCION,43.56,Media,30.07,Baja,23.0,Baja
Region A - Primeros Quince dias habiles de cada Diciembre,20525,20,525,Santo Domingo Zanatepec,Oaxaca,Pacifico Sur,V,Costa de Oaxaca,11,sin dato,SIN SEQUIA,SIN REDUCCION,37.84,Baja,33.44,Baja,45.20248193,Media
Region A - Primeros Quince dias habiles de cada Diciembre,20526,20,526,Santos Reyes Nopala,Oaxaca,Pacifico Sur,V,Costa de Oaxaca,11,sin dato,SIN SEQUIA,SIN REDUCCION,42.33,Media,67.76,Alta,23.19851636,Baja
Region A - Primeros Quince dias habiles de cada Diciembre,20527,20,527,Santos Reyes Papalo,Oaxaca,Golfo Centro,X,Rio Papaloapan,21,sin dato,SIN SEQUIA,SIN REDUCCION,11.06,Muy Baja,7.36,Muy Baja,51.8435837,Media
Region A - Primeros Quince dias habiles de cada Diciembre,20528,20,528,Santos Reyes Tepejillo,Oaxaca,Balsas,IV,Rio Balsas,9,sin dato,SIN SEQUIA,SIN REDUCCION,10.58,Muy Baja,16.48,Muy Baja,61.58,Alta
Region A - Primeros Quince dias habiles de cada Diciembre,20529,20,529,Santos Reyes Yucuna,Oaxaca,Balsas,IV,Rio Balsas,9,sin dato,SIN SEQUIA,SIN REDUCCION,15.38,Muy Baja,12.99,Muy Baja,65.57,Alta
Region A - Primeros Quince dias habiles de cada Diciembre,20530,20,530,Santo Tomas Jalieza,Oaxaca,Pacifico Sur,V,Costa de Oaxaca,11,sin dato,SIN SEQUIA,SIN REDUCCION,91.39,Muy Alta,79.59,Alta,82.6661328,Muy Alta
Region A - Primeros Quince dias habiles de cada Diciembre,20531,20,531,Santo Tomas Mazaltepec,Oaxaca,Pacifico Sur,V,Costa de Oaxaca,11,sin dato,SIN SEQUIA,SIN REDUCCION,85.01,Muy Alta,84.96,Muy Alta,31.1143814,Baja
Region A - Primeros Quince dias habiles de cada Diciembre,20532,20,532,Santo Tomas Ocotepec,Oaxaca,Balsas,IV,Rio Balsas,9,sin dato,SIN SEQUIA,SIN REDUCCION,26.59,Baja,10.9,Muy Baja,89.56,Muy Alta
Region A - Primeros Quince dias habiles de cada Diciembre,20533,20,533,Santo Tomas Tamazulapan,Oaxaca,Pacifico Sur,V,Costa de Oaxaca,11,D0,PRE-ALERTA,10%,40.71,Media,42.68,Media,62.74741811,Alta
Region A - Primeros Quince dias habiles de cada Diciembre,20534,20,534,San Vicente Coatlan,Oaxaca,Pacifico Sur,V,Costa de Oaxaca,11,sin dato,SIN SEQUIA,SIN REDUCCION,43.08,Media,24.03,Baja,70.1863666,Alta
Region A - Primeros Quince dias habiles de cada Diciembre,20535,20,535,San Vicente Lachixio,Oaxaca,Pacifico Sur,V,Costa de Oaxaca,11,sin dato,SIN SEQUIA,SIN REDUCCION,62.66,Alta,27.75,Baja,55.43735168,Media
Region A - Primeros Quince dias habiles de cada Diciembre,20536,20,536,San Vicente Nunu,Oaxaca,Balsas,IV,Rio Balsas,9,sin dato,SIN SEQUIA,SIN REDUCCION,33.07,Baja,53.29,Media,2.29,Muy Baja
Region A - Primeros Quince dias habiles de cada Diciembre,20537,20,537,Silacayoapam,Oaxaca,Balsas,IV,Rio Balsas,9,sin dato,SIN SEQUIA,SIN REDUCCION,18.1,Muy Baja,18.05,Muy Baja,36.99,Baja
Region A - Primeros Quince dias habiles de cada Diciembre,20538,20,538,Sitio de Xitlapehua,Oaxaca,Pacifico Sur,V,Costa de Oaxaca,11,sin dato,SIN SEQUIA,SIN REDUCCION,62.27,Alta,58.35,Media,33.30131046,Baja
Region A - Primeros Quince dias habiles de cada Diciembre,20539,20,539,Soledad Etla,Oaxaca,Pacifico Sur,V,Costa de Oaxaca,11,sin dato,SIN SEQUIA,SIN REDUCCION,68.37,Alta,89.65,Muy Alta,57.10332862,Media
Region A - Primeros Quince dias habiles de cada Diciembre,20540,20,540,Villa de Tamazulapam del Progreso,Oaxaca,Balsas,IV,Rio Balsas,9,sin dato,SIN SEQUIA,SIN REDUCCION,31.24,Baja,47.46,Media,16.66,Muy Baja
Region A - Primeros Quince dias habiles de cada Diciembre,20541,20,541,Tanetze de Zaragoza,Oaxaca,Golfo Centro,X,Rio Papaloapan,21,sin dato,SIN SEQUIA,SIN REDUCCION,45.79,Media,56.97,Media,22.52882894,Baja
Region A - Primeros Quince dias habiles de cada Diciembre,20542,20,542,Taniche,Oaxaca,Pacifico Sur,V,Costa de Oaxaca,11,sin dato,SIN SEQUIA,SIN REDUCCION,26.0,Baja,31.37,Baja,20.45030326,Baja
Region A - Primeros Quince dias habiles de cada Diciembre,20543,20,543,Tataltepec de Valdes,Oaxaca,Pacifico Sur,V,Costa de Oaxaca,11,sin dato,SIN SEQUIA,SIN REDUCCION,40.95,Media,50.33,Media,35.04167194,Baja
Region A - Primeros Quince dias habiles de cada Diciembre,20544,20,544,Teococuilco de Marcos Perez,Oaxaca,Golfo Centro,X,Rio Papaloapan,21,sin dato,SIN SEQUIA,SIN REDUCCION,42.03,Media,29.77,Baja,4.747707192,Muy Baja
Region A - Primeros Quince dias habiles de cada Diciembre,20545,20,545,Teotitlan de Flores Magon,Oaxaca,Golfo Centro,X,Rio Papaloapan,21,sin dato,SIN SEQUIA,SIN REDUCCION,67.46,Alta,66.78,Alta,45.11686404,Media
Region A - Primeros Quince dias habiles de cada Diciembre,20546,20,546,Teotitlan del Valle,Oaxaca,Pacifico Sur,V,Costa de Oaxaca,11,sin dato,SIN SEQUIA,SIN REDUCCION,81.72,Muy Alta,94.99,Muy Alta,95.83255039,Muy Alta
Region A - Primeros Quince dias habiles de cada Diciembre,20547,20,547,Teotongo,Oaxaca,Balsas,IV,Rio Balsas,9,sin dato,SIN SEQUIA,SIN REDUCCION,39.1,Baja,45.66,Media,41.1,Media
Region A - Primeros Quince dias habiles de cada Diciembre,20548,20,548,Tepelmeme Villa de Morelos,Oaxaca,Golfo Centro,X,Rio Papaloapan,21,sin dato,SIN SEQUIA,SIN REDUCCION,7.9,Muy Baja,36.26,Baja,91.68308619,Muy Alta
Region A - Primeros Quince dias habiles de cada Diciembre,20549,20,549,Tezoatlan de Segura y Luna,Oaxaca,Balsas,IV,Rio Balsas,9,sin dato,SIN SEQUIA,SIN REDUCCION,24.36,Baja,29.87,Baja,34.36,Baja
Region A - Primeros Quince dias habiles de cada Diciembre,20550,20,550,San Jeronimo Tlacochahuaya,Oaxaca,Pacifico Sur,V,Costa de Oaxaca,11,sin dato,SIN SEQUIA,SIN REDUCCION,74.66,Alta,95.39,Muy Alta,59.50795577,Media
Region A - Primeros Quince dias habiles de cada Diciembre,20551,20,551,Tlacolula de Matamoros,Oaxaca,Pacifico Sur,V,Costa de Oaxaca,11,sin dato,SIN SEQUIA,SIN REDUCCION,53.44,Media,60.13,Alta,69.03349929,Alta
Region A - Primeros Quince dias habiles de cada Diciembre,20552,20,552,Tlacotepec Plumas,Oaxaca,Golfo Centro,X,Rio Papaloapan,21,sin dato,SIN SEQUIA,SIN REDUCCION,15.12,Muy Baja,49.04,Media,43.84705049,Media
Region A - Primeros Quince dias habiles de cada Diciembre,20553,20,553,Tlalixtac de Cabrera,Oaxaca,Pacifico Sur,V,Costa de Oaxaca,11,sin dato,SIN SEQUIA,SIN REDUCCION,82.95,Muy Alta,94.04,Muy Alta,88.99637441,Muy Alta
Region A - Primeros Quince dias habiles de cada Diciembre,20554,20,554,Totontepec Villa de Morelos,Oaxaca,Golfo Centro,X,Rio Papaloapan,21,sin dato,SIN SEQUIA,SIN REDUCCION,46.22,Media,15.46,Muy Baja,28.38683228,Baja
Region A - Primeros Quince dias habiles de cada Diciembre,20555,20,555,Trinidad Zaachila,Oaxaca,Pacifico Sur,V,Costa de Oaxaca,11,sin dato,SIN SEQUIA,SIN REDUCCION,66.23,Alta,73.65,Alta,92.065561,Muy Alta
Region A - Primeros Quince dias habiles de cada Diciembre,20556,20,556,La Trinidad Vista Hermosa,Oaxaca,Balsas,IV,Rio Balsas,9,sin dato,SIN SEQUIA,SIN REDUCCION,20.28,Baja,31.2,Baja,7.0,Muy Baja
Region A - Primeros Quince dias habiles de cada Diciembre,20557,20,557,Union Hidalgo,Oaxaca,Pacifico Sur,V,Costa de Oaxaca,11,sin dato,SIN SEQUIA,SIN REDUCCION,43.3,Media,62.79,Alta,47.32989986,Media
Region A - Primeros Quince dias habiles de cada Diciembre,20558,20,558,Valerio Trujano,Oaxaca,Golfo Centro,X,Rio Papaloapan,21,sin dato,SIN SEQUIA,SIN REDUCCION,3.04,Muy Baja,20.39,Baja,8.92941031,Muy Baja
Region A - Primeros Quince dias habiles de cada Diciembre,20559,20,559,San Juan Bautista Valle Nacional,Oaxaca,Golfo Centro,X,Rio Papaloapan,21,sin dato,SIN SEQUIA,SIN REDUCCION,41.5,Media,62.25,Alta,37.66952211,Baja
Region A - Primeros Quince dias habiles de cada Diciembre,20560,20,560,Villa Diaz Ordaz,Oaxaca,Pacifico Sur,V,Rio Papaloapan,21,sin dato,SIN SEQUIA,SIN REDUCCION,29.94,Baja,72.56,Alta,77.23225814,Alta
Region A - Primeros Quince dias habiles de cada Diciembre,20561,20,561,Yaxe,Oaxaca,Pacifico Sur,V,Costa de Oaxaca,11,sin dato,SIN SEQUIA,SIN REDUCCION,46.48,Media,52.18,Media,92.78348953,Muy Alta
Region A - Primeros Quince dias habiles de cada Diciembre,20562,20,562,Magdalena Yodocono de Porfirio Diaz,Oaxaca,Pacifico Sur,V,Costa de Oaxaca,11,sin dato,SIN SEQUIA,SIN REDUCCION,14.06,Muy Baja,48.56,Media,36.55625659,Baja
Region A - Primeros Quince dias habiles de cada Diciembre,20563,20,563,Yogana,Oaxaca,Pacifico Sur,V,Costa de Oaxaca,11,sin dato,SIN SEQUIA,SIN REDUCCION,98.98,Muy Alta,20.88,Baja,99.04414239,Muy Alta
Region A - Primeros Quince dias habiles de cada Diciembre,20564,20,564,Yutanduchi de Guerrero,Oaxaca,Pacifico Sur,V,Costa de Oaxaca,11,sin dato,SIN SEQUIA,SIN REDUCCION,35.71,Baja,52.65,Media,9.142106544,Muy Baja
Region A - Primeros Quince dias habiles de cada Diciembre,20565,20,565,Villa de Zaachila,Oaxaca,Pacifico Sur,V,Costa de Oaxaca,11,sin dato,SIN SEQUIA,SIN REDUCCION,71.71,Alta,75.19,Alta,97.80197262,Muy Alta
Region A - Primeros Quince dias habiles de cada Diciembre,20566,20,566,Zapotitlan del Rio,Oaxaca,Pacifico Sur,V,Costa de Oaxaca,11,sin dato,SIN SEQUIA,SIN REDUCCION,42.65,Media,18.25,Muy Baja,57.99342457,Media
Region A - Primeros Quince dias habiles de cada Diciembre,20567,20,567,Zapotitlan Lagunas,Oaxaca,Balsas,IV,Rio Balsas,9,sin dato,SIN SEQUIA,SIN REDUCCION,54.65,Media,13.5,Muy Baja,84.58,Muy Alta
Region A - Primeros Quince dias habiles de cada Diciembre,20568,20,568,Zapotitlan Palmas,Oaxaca,Balsas,IV,Rio Balsas,9,sin dato,SIN SEQUIA,SIN REDUCCION,28.61,Baja,21.02,Baja,38.78,Baja
Region A - Primeros Quince dias habiles de cada Diciembre,20569,20,569,Santa Ines de Zaragoza,Oaxaca,Pacifico Sur,V,Costa de Oaxaca,11,sin dato,SIN SEQUIA,SIN REDUCCION,26.02,Baja,22.49,Baja,44.83332195,Media
Region A - Primeros Quince dias habiles de cada Diciembre,20570,20,570,Zimatlan de alvarez,Oaxaca,Pacifico Sur,V,Costa de Oaxaca,11,sin dato,SIN SEQUIA,SIN REDUCCION,98.15,Muy Alta,35.33,Baja,89.52358609,Muy Alta
Region A - Primeros Quince dias habiles de cada Diciembre,21001,21,1,Acajete,Puebla,Balsas,IV,Rio Balsas,9,D0,PRE-ALERTA,10%,62.0,Alta,63.37,Alta,53.1,Media
Region A - Primeros Quince dias habiles de cada Diciembre,21002,21,2,Acateno,Puebla,Golfo Centro,X,Rios Tuxpan al Jamapa,20,D0,PRE-ALERTA,10%,41.74,Media,57.58,Media,56.38825273,Media
Region A - Primeros Quince dias habiles de cada Diciembre,21003,21,3,Acatlan,Puebla,Balsas,IV,Rio Balsas,9,sin dato,SIN SEQUIA,SIN REDUCCION,21.16,Baja,23.03,Baja,41.11,Media
Region A - Primeros Quince dias habiles de cada Diciembre,21004,21,4,Acatzingo,Puebla,Balsas,IV,Rio Balsas,9,sin dato,SIN SEQUIA,SIN REDUCCION,51.96,Media,70.56,Alta,63.05,Alta
Region A - Primeros Quince dias habiles de cada Diciembre,21005,21,5,Acteopan,Puebla,Balsas,IV,Rio Balsas,9,sin dato,SIN SEQUIA,SIN REDUCCION,82.97,Muy Alta,90.37,Muy Alta,97.4,Muy Alta
Region A - Primeros Quince dias habiles de cada Diciembre,21006,21,6,Ahuacatlan,Puebla,Golfo Centro,X,Rios Tuxpan al Jamapa,20,sin dato,SIN SEQUIA,SIN REDUCCION,53.83,Media,63.06,Alta,55.77913254,Media
Region A - Primeros Quince dias habiles de cada Diciembre,21007,21,7,Ahuatlan,Puebla,Balsas,IV,Rio Balsas,9,D0,PRE-ALERTA,10%,23.33,Baja,16.0,Muy Baja,45.6,Media
Region A - Primeros Quince dias habiles de cada Diciembre,21008,21,8,Ahuazotepec,Puebla,Golfo Centro,X,Rios Tuxpan al Jamapa,20,sin dato,SIN SEQUIA,SIN REDUCCION,44.79,Media,60.38,Alta,43.85252818,Media
Region A - Primeros Quince dias habiles de cada Diciembre,21009,21,9,Ahuehuetitla,Puebla,Balsas,IV,Rio Balsas,9,sin dato,SIN SEQUIA,SIN REDUCCION,23.21,Baja,13.82,Muy Baja,29.63,Baja
Region A - Primeros Quince dias habiles de cada Diciembre,21010,21,10,Ajalpan,Puebla,Golfo Centro,X,Rio Papaloapan,21,sin dato,SIN SEQUIA,SIN REDUCCION,74.49,Alta,83.66,Muy Alta,91.62745566,Muy Alta
Region A - Primeros Quince dias habiles de cada Diciembre,21011,21,11,Albino Zertuche,Puebla,Balsas,IV,Rio Balsas,9,sin dato,SIN SEQUIA,SIN REDUCCION,17.5,Muy Baja,7.15,Muy Baja,28.43,Baja
Region A - Primeros Quince dias habiles de cada Diciembre,21012,21,12,Aljojuca,Puebla,Balsas,IV,Rio Balsas,9,sin dato,SIN SEQUIA,SIN REDUCCION,4.52,Muy Baja,51.03,Media,20.68,Baja
Region A - Primeros Quince dias habiles de cada Diciembre,21013,21,13,Altepexi,Puebla,Golfo Centro,X,Rio Papaloapan,21,D0,PRE-ALERTA,10%,72.5,Alta,28.98,Baja,32.93959254,Baja
Region A - Primeros Quince dias habiles de cada Diciembre,21014,21,14,Amixtlan,Puebla,Golfo Centro,X,Rios Tuxpan al Jamapa,20,sin dato,SIN SEQUIA,SIN REDUCCION,57.12,Media,40.4,Media,45.18597141,Media
Region A - Primeros Quince dias habiles de cada Diciembre,21015,21,15,Amozoc,Puebla,Balsas,IV,Rio Balsas,9,D0,PRE-ALERTA,10%,45.52,Media,81.31,Muy Alta,24.86,Baja
Region A - Primeros Quince dias habiles de cada Diciembre,21016,21,16,Aquixtla,Puebla,Golfo Centro,X,Rios Tuxpan al Jamapa,20,sin dato,SIN SEQUIA,SIN REDUCCION,41.7,Media,0.72,Muy Baja,47.87753857,Media
Region A - Primeros Quince dias habiles de cada Diciembre,21017,21,17,Atempan,Puebla,Golfo Centro,X,Rios Tuxpan al Jamapa,20,sin dato,SIN SEQUIA,SIN REDUCCION,53.91,Media,80.28,Muy Alta,34.38518182,Baja
Region A - Primeros Quince dias habiles de cada Diciembre,21018,21,18,Atexcal,Puebla,Balsas,IV,Rio Balsas,9,sin dato,SIN SEQUIA,SIN REDUCCION,10.63,Muy Baja,24.33,Baja,42.05,Media
Region A - Primeros Quince dias habiles de cada Diciembre,21019,21,19,Atlixco,Puebla,Balsas,IV,Rio Balsas,9,sin dato,SIN SEQUIA,SIN REDUCCION,83.33,Muy Alta,37.0,Baja,6.8,Muy Baja
Region A - Primeros Quince dias habiles de cada Diciembre,21020,21,20,Atoyatempan,Puebla,Balsas,IV,Rio Balsas,9,sin dato,SIN SEQUIA,SIN REDUCCION,47.88,Media,66.1,Alta,24.45,Baja
Region A - Primeros Quince dias habiles de cada Diciembre,21021,21,21,Atzala,Puebla,Balsas,IV,Rio Balsas,9,sin dato,SIN SEQUIA,SIN REDUCCION,82.97,Muy Alta,75.55,Alta,35.95,Baja
Region A - Primeros Quince dias habiles de cada Diciembre,21022,21,22,Atzitzihuacan,Puebla,Balsas,IV,Rio Balsas,9,sin dato,SIN SEQUIA,SIN REDUCCION,86.6,Muy Alta,77.39,Alta,61.77,Alta
Region A - Primeros Quince dias habiles de cada Diciembre,21023,21,23,Atzitzintla,Puebla,Golfo Centro,X,Rio Papaloapan,21,sin dato,SIN SEQUIA,SIN REDUCCION,68.96,Alta,76.99,Alta,47.90231143,Media
Region A - Primeros Quince dias habiles de cada Diciembre,21024,21,24,Axutla,Puebla,Balsas,IV,Rio Balsas,9,sin dato,SIN SEQUIA,SIN REDUCCION,15.78,Muy Baja,18.78,Muy Baja,42.55,Media
Region A - Primeros Quince dias habiles de cada Diciembre,21025,21,25,Ayotoxco de Guerrero,Puebla,Golfo Centro,X,Rios Tuxpan al Jamapa,20,sin dato,SIN SEQUIA,SIN REDUCCION,53.83,Media,67.78,Alta,45.76575316,Media
Region A - Primeros Quince dias habiles de cada Diciembre,21026,21,26,Calpan,Puebla,Balsas,IV,Rio Balsas,9,sin dato,SIN SEQUIA,SIN REDUCCION,83.21,Muy Alta,83.69,Muy Alta,55.11,Media
Region A - Primeros Quince dias habiles de cada Diciembre,21027,21,27,Caltepec,Puebla,Golfo Centro,X,Rio Papaloapan,21,sin dato,SIN SEQUIA,SIN REDUCCION,3.39,Muy Baja,45.96,Media,71.87878053,Alta
Region A - Primeros Quince dias habiles de cada Diciembre,21028,21,28,Camocuautla,Puebla,Golfo Centro,X,Rios Tuxpan al Jamapa,20,D0,PRE-ALERTA,10%,54.01,Media,42.04,Media,38.92981003,Baja
Region A - Primeros Quince dias habiles de cada Diciembre,21029,21,29,Caxhuacan,Puebla,Golfo Centro,X,Rios Tuxpan al Jamapa,20,sin dato,SIN SEQUIA,SIN REDUCCION,53.83,Media,53.31,Media,24.14624817,Baja
Region A - Primeros Quince dias habiles de cada Diciembre,21030,21,30,Coatepec,Puebla,Golfo Centro,X,Rios Tuxpan al Jamapa,20,sin dato,SIN SEQUIA,SIN REDUCCION,53.83,Media,43.8,Media,19.0250985,Muy Baja
Region A - Primeros Quince dias habiles de cada Diciembre,21031,21,31,Coatzingo,Puebla,Balsas,IV,Rio Balsas,9,sin dato,SIN SEQUIA,SIN REDUCCION,15.32,Muy Baja,8.37,Muy Baja,45.16,Media
Region A - Primeros Quince dias habiles de cada Diciembre,21032,21,32,Cohetzala,Puebla,Balsas,IV,Rio Balsas,9,sin dato,SIN SEQUIA,SIN REDUCCION,14.04,Muy Baja,11.13,Muy Baja,21.73,Baja
Region A - Primeros Quince dias habiles de cada Diciembre,21033,21,33,Cohuecan,Puebla,Balsas,IV,Rio Balsas,9,sin dato,SIN SEQUIA,SIN REDUCCION,85.76,Muy Alta,74.82,Alta,60.43,Alta
Region A - Primeros Quince dias habiles de cada Diciembre,21034,21,34,Coronango,Puebla,Balsas,IV,Rio Balsas,9,sin dato,SIN SEQUIA,SIN REDUCCION,74.61,Alta,94.23,Muy Alta,29.04,Baja
Region A - Primeros Quince dias habiles de cada Diciembre,21035,21,35,Coxcatlan,Puebla,Golfo Centro,X,Rio Papaloapan,21,sin dato,SIN SEQUIA,SIN REDUCCION,27.18,Baja,33.84,Baja,29.5233888,Baja
Region A - Primeros Quince dias habiles de cada Diciembre,21036,21,36,Coyomeapan,Puebla,Golfo Centro,X,Rio Papaloapan,21,sin dato,SIN SEQUIA,SIN REDUCCION,77.73,Alta,60.55,Alta,85.26563691,Muy Alta
Region A - Primeros Quince dias habiles de cada Diciembre,21037,21,37,Coyotepec,Puebla,Balsas,IV,Rio Balsas,9,sin dato,SIN SEQUIA,SIN REDUCCION,10.42,Muy Baja,15.8,Muy Baja,18.23,Muy Baja
Region A - Primeros Quince dias habiles de cada Diciembre,21038,21,38,Cuapiaxtla de Madero,Puebla,Balsas,IV,Rio Balsas,9,sin dato,SIN SEQUIA,SIN REDUCCION,72.99,Alta,76.58,Alta,81.9,Muy Alta
Region A - Primeros Quince dias habiles de cada Diciembre,21039,21,39,Cuautempan,Puebla,Golfo Centro,X,Rios Tuxpan al Jamapa,20,sin dato,SIN SEQUIA,SIN REDUCCION,94.41,Muy Alta,73.9,Alta,33.97189601,Baja
Region A - Primeros Quince dias habiles de cada Diciembre,21040,21,40,Cuautinchan,Puebla,Balsas,IV,Rio Balsas,9,sin dato,SIN SEQUIA,SIN REDUCCION,29.88,Baja,49.35,Media,34.71,Baja
Region A - Primeros Quince dias habiles de cada Diciembre,21041,21,41,Cuautlancingo,Puebla,Balsas,IV,Rio Balsas,9,sin dato,SIN SEQUIA,SIN REDUCCION,74.61,Alta,99.93,Muy Alta,10.88,Muy Baja
Region A - Primeros Quince dias habiles de cada Diciembre,21042,21,42,Cuayuca de Andrade,Puebla,Balsas,IV,Rio Balsas,9,sin dato,SIN SEQUIA,SIN REDUCCION,15.21,Muy Baja,6.81,Muy Baja,9.3,Muy Baja
Region A - Primeros Quince dias habiles de cada Diciembre,21043,21,43,Cuetzalan del Progreso,Puebla,Golfo Centro,X,Rios Tuxpan al Jamapa,20,sin dato,SIN SEQUIA,SIN REDUCCION,53.83,Media,73.32,Alta,50.28489662,Media
Region A - Primeros Quince dias habiles de cada Diciembre,21044,21,44,Cuyoaco,Puebla,Balsas,IV,Rio Balsas,9,sin dato,SIN SEQUIA,SIN REDUCCION,41.28,Media,61.18,Alta,8.5,Muy Baja
Region A - Primeros Quince dias habiles de cada Diciembre,21045,21,45,Chalchicomula de Sesma,Puebla,Balsas,IV,Rio Balsas,9,sin dato,SIN SEQUIA,SIN REDUCCION,95.4,Muy Alta,62.6,Alta,12.38,Muy Baja
Region A - Primeros Quince dias habiles de cada Diciembre,21046,21,46,Chapulco,Puebla,Golfo Centro,X,Rio Papaloapan,21,sin dato,SIN SEQUIA,SIN REDUCCION,46.4,Media,79.18,Alta,60.62553539,Alta
Region A - Primeros Quince dias habiles de cada Diciembre,21047,21,47,Chiautla,Puebla,Balsas,IV,Rio Balsas,9,sin dato,SIN SEQUIA,SIN REDUCCION,33.62,Baja,23.68,Baja,50.05,Media
Region A - Primeros Quince dias habiles de cada Diciembre,21048,21,48,Chiautzingo,Puebla,Balsas,IV,Rio Balsas,9,sin dato,SIN SEQUIA,SIN REDUCCION,99.76,Muy Alta,44.58,Media,50.91,Media
Region A - Primeros Quince dias habiles de cada Diciembre,21049,21,49,Chiconcuautla,Puebla,Golfo Centro,X,Rios Tuxpan al Jamapa,20,sin dato,SIN SEQUIA,SIN REDUCCION,71.52,Alta,82.57,Muy Alta,69.21102223,Alta
Region A - Primeros Quince dias habiles de cada Diciembre,21050,21,50,Chichiquila,Puebla,Golfo Centro,X,Rios Tuxpan al Jamapa,20,sin dato,SIN SEQUIA,SIN REDUCCION,78.87,Alta,74.72,Alta,80.86501158,Muy Alta
Region A - Primeros Quince dias habiles de cada Diciembre,21051,21,51,Chietla,Puebla,Balsas,IV,Rio Balsas,9,sin dato,SIN SEQUIA,SIN REDUCCION,78.66,Alta,29.34,Baja,49.96,Media
Region A - Primeros Quince dias habiles de cada Diciembre,21052,21,52,Chigmecatitlan,Puebla,Balsas,IV,Rio Balsas,9,sin dato,SIN SEQUIA,SIN REDUCCION,43.36,Media,27.0,Baja,33.09,Baja
Region A - Primeros Quince dias habiles de cada Diciembre,21053,21,53,Chignahuapan,Puebla,Golfo Centro,X,Rios Tuxpan al Jamapa,20,sin dato,SIN SEQUIA,SIN REDUCCION,42.57,Media,1.05,Muy Baja,52.47838889,Media
Region A - Primeros Quince dias habiles de cada Diciembre,21054,21,54,Chignautla,Puebla,Golfo Centro,X,Rios Tuxpan al Jamapa,20,sin dato,SIN SEQUIA,SIN REDUCCION,99.58,Muy Alta,75.01,Alta,57.5604928,Media
Region A - Primeros Quince dias habiles de cada Diciembre,21055,21,55,Chila,Puebla,Balsas,IV,Rio Balsas,9,sin dato,SIN SEQUIA,SIN REDUCCION,32.9,Baja,11.67,Muy Baja,36.53,Baja
Region A - Primeros Quince dias habiles de cada Diciembre,21056,21,56,Chila de la Sal,Puebla,Balsas,IV,Rio Balsas,9,sin dato,SIN SEQUIA,SIN REDUCCION,17.28,Muy Baja,12.39,Muy Baja,12.85,Muy Baja
Region A - Primeros Quince dias habiles de cada Diciembre,21057,21,57,Honey,Puebla,Golfo Centro,X,Rios Tuxpan al Jamapa,20,sin dato,SIN SEQUIA,SIN REDUCCION,32.21,Baja,23.81,Baja,42.29450424,Media
Region A - Primeros Quince dias habiles de cada Diciembre,21058,21,58,Chilchotla,Puebla,Golfo Centro,X,Rios Tuxpan al Jamapa,20,sin dato,SIN SEQUIA,SIN REDUCCION,80.35,Muy Alta,51.79,Media,39.49296438,Baja
Region A - Primeros Quince dias habiles de cada Diciembre,21059,21,59,Chinantla,Puebla,Balsas,IV,Rio Balsas,9,D0,PRE-ALERTA,10%,41.0,Media,17.54,Muy Baja,60.14,Alta
Region A - Primeros Quince dias habiles de cada Diciembre,21060,21,60,Domingo Arenas,Puebla,Balsas,IV,Rio Balsas,9,D0,PRE-ALERTA,10%,90.19,Muy Alta,85.16,Muy Alta,72.57,Alta
Region A - Primeros Quince dias habiles de cada Diciembre,21061,21,61,Eloxochitlan,Puebla,Golfo Centro,X,Rio Papaloapan,21,sin dato,SIN SEQUIA,SIN REDUCCION,90.34,Muy Alta,73.37,Alta,94.51996505,Muy Alta
Region A - Primeros Quince dias habiles de cada Diciembre,21062,21,62,Epatlan,Puebla,Balsas,IV,Rio Balsas,9,sin dato,SIN SEQUIA,SIN REDUCCION,97.67,Muy Alta,64.47,Alta,56.52,Media
Region A - Primeros Quince dias habiles de cada Diciembre,21063,21,63,Esperanza,Puebla,Golfo Centro,X,Rio Papaloapan,21,D0,PRE-ALERTA,10%,87.25,Muy Alta,80.01,Muy Alta,47.39801074,Media
Region A - Primeros Quince dias habiles de cada Diciembre,21064,21,64,Francisco Z. Mena,Puebla,Golfo Centro,X,Rios Tuxpan al Jamapa,20,sin dato,SIN SEQUIA,SIN REDUCCION,37.38,Baja,36.98,Baja,51.54773351,Media
Region A - Primeros Quince dias habiles de cada Diciembre,21065,21,65,General Felipe angeles,Puebla,Balsas,IV,Rio Balsas,9,sin dato,SIN SEQUIA,SIN REDUCCION,99.68,Muy Alta,69.4,Alta,50.69,Media
Region A - Primeros Quince dias habiles de cada Diciembre,21066,21,66,Guadalupe,Puebla,Balsas,IV,Rio Balsas,9,sin dato,SIN SEQUIA,SIN REDUCCION,22.82,Baja,17.44,Muy Baja,55.19,Media
Region A - Primeros Quince dias habiles de cada Diciembre,21067,21,67,Guadalupe Victoria,Puebla,Balsas,IV,Rio Balsas,9,sin dato,SIN SEQUIA,SIN REDUCCION,54.01,Media,99.97,Muy Alta,16.69,Muy Baja
Region A - Primeros Quince dias habiles de cada Diciembre,21068,21,68,Hermenegildo Galeana,Puebla,Golfo Centro,X,Rios Tuxpan al Jamapa,20,sin dato,SIN SEQUIA,SIN REDUCCION,63.51,Alta,63.31,Alta,63.20750488,Alta
Region A - Primeros Quince dias habiles de cada Diciembre,21069,21,69,Huaquechula,Puebla,Balsas,IV,Rio Balsas,9,sin dato,SIN SEQUIA,SIN REDUCCION,85.68,Muy Alta,62.07,Alta,62.04,Alta
Region A - Primeros Quince dias habiles de cada Diciembre,21070,21,70,Huatlatlauca,Puebla,Balsas,IV,Rio Balsas,9,D0,PRE-ALERTA,10%,13.6,Muy Baja,22.83,Baja,57.17,Media
Region A - Primeros Quince dias habiles de cada Diciembre,21071,21,71,Huauchinango,Puebla,Golfo Centro,X,Rios Tuxpan al Jamapa,20,sin dato,SIN SEQUIA,SIN REDUCCION,16.88,Muy Baja,61.65,Alta,20.81452283,Baja
Region A - Primeros Quince dias habiles de cada Diciembre,21072,21,72,Huehuetla,Puebla,Golfo Centro,X,Rios Tuxpan al Jamapa,20,sin dato,SIN SEQUIA,SIN REDUCCION,66.87,Alta,54.72,Media,73.8992242,Alta
Region A - Primeros Quince dias habiles de cada Diciembre,21073,21,73,Huehuetlan el Chico,Puebla,Balsas,IV,Rio Balsas,9,sin dato,SIN SEQUIA,SIN REDUCCION,46.11,Media,52.57,Media,59.37,Media
Region A - Primeros Quince dias habiles de cada Diciembre,21074,21,74,Huejotzingo,Puebla,Balsas,IV,Rio Balsas,9,sin dato,SIN SEQUIA,SIN REDUCCION,99.24,Muy Alta,79.66,Alta,45.76,Media
Region A - Primeros Quince dias habiles de cada Diciembre,21075,21,75,Hueyapan,Puebla,Golfo Centro,X,Rios Tuxpan al Jamapa,20,sin dato,SIN SEQUIA,SIN REDUCCION,45.74,Media,71.65,Alta,47.97377934,Media
Region A - Primeros Quince dias habiles de cada Diciembre,21076,21,76,Hueytamalco,Puebla,Golfo Centro,X,Rios Tuxpan al Jamapa,20,sin dato,SIN SEQUIA,SIN REDUCCION,43.13,Media,68.86,Alta,25.7332274,Baja
Region A - Primeros Quince dias habiles de cada Diciembre,21077,21,77,Hueytlalpan,Puebla,Golfo Centro,X,Rios Tuxpan al Jamapa,20,sin dato,SIN SEQUIA,SIN REDUCCION,53.83,Media,43.8,Media,92.5398679,Muy Alta
Region A - Primeros Quince dias habiles de cada Diciembre,21078,21,78,Huitzilan de Serdan,Puebla,Golfo Centro,X,Rios Tuxpan al Jamapa,20,sin dato,SIN SEQUIA,SIN REDUCCION,56.53,Media,59.96,Media,80.33756388,Muy Alta
Region A - Primeros Quince dias habiles de cada Diciembre,21079,21,79,Huitziltepec,Puebla,Balsas,IV,Rio Balsas,9,sin dato,SIN SEQUIA,SIN REDUCCION,72.99,Alta,79.68,Alta,57.37,Media
Region A - Primeros Quince dias habiles de cada Diciembre,21080,21,80,Atlequizayan,Puebla,Golfo Centro,X,Rios Tuxpan al Jamapa,20,sin dato,SIN SEQUIA,SIN REDUCCION,54.85,Media,40.78,Media,67.24169027,Alta
Region A - Primeros Quince dias habiles de cada Diciembre,21081,21,81,Ixcamilpa de Guerrero,Puebla,Balsas,IV,Rio Balsas,9,sin dato,SIN SEQUIA,SIN REDUCCION,15.36,Muy Baja,7.57,Muy Baja,82.05,Muy Alta
Region A - Primeros Quince dias habiles de cada Diciembre,21082,21,82,Ixcaquixtla,Puebla,Balsas,IV,Rio Balsas,9,sin dato,SIN SEQUIA,SIN REDUCCION,24.84,Baja,17.0,Muy Baja,25.07,Baja
Region A - Primeros Quince dias habiles de cada Diciembre,21083,21,83,Ixtacamaxtitlan,Puebla,Golfo Centro,X,Rios Tuxpan al Jamapa,20,sin dato,SIN SEQUIA,SIN REDUCCION,20.85,Baja,30.92,Baja,56.92438152,Media
Region A - Primeros Quince dias habiles de cada Diciembre,21084,21,84,Ixtepec,Puebla,Golfo Centro,X,Rios Tuxpan al Jamapa,20,sin dato,SIN SEQUIA,SIN REDUCCION,53.83,Media,60.08,Alta,89.05241895,Muy Alta
Region A - Primeros Quince dias habiles de cada Diciembre,21085,21,85,Izucar de Matamoros,Puebla,Balsas,IV,Rio Balsas,9,sin dato,SIN SEQUIA,SIN REDUCCION,33.99,Baja,12.0,Muy Baja,28.7,Baja
Region A - Primeros Quince dias habiles de cada Diciembre,21086,21,86,Jalpan,Puebla,Golfo Centro,X,Rios Tuxpan al Jamapa,20,sin dato,SIN SEQUIA,SIN REDUCCION,25.23,Baja,21.47,Baja,50.37720961,Media
Region A - Primeros Quince dias habiles de cada Diciembre,21087,21,87,Jolalpan,Puebla,Balsas,IV,Rio Balsas,9,sin dato,SIN SEQUIA,SIN REDUCCION,57.7,Media,41.68,Media,76.57,Alta
Region A - Primeros Quince dias habiles de cada Diciembre,21088,21,88,Jonotla,Puebla,Golfo Centro,X,Rios Tuxpan al Jamapa,20,sin dato,SIN SEQUIA,SIN REDUCCION,55.74,Media,49.58,Media,57.64200653,Media
Region A - Primeros Quince dias habiles de cada Diciembre,21089,21,89,Jopala,Puebla,Golfo Centro,X,Rios Tuxpan al Jamapa,20,sin dato,SIN SEQUIA,SIN REDUCCION,54.93,Media,52.63,Media,64.6282515,Alta
Region A - Primeros Quince dias habiles de cada Diciembre,21090,21,90,Juan C. Bonilla,Puebla,Balsas,IV,Rio Balsas,9,sin dato,SIN SEQUIA,SIN REDUCCION,77.18,Alta,93.72,Muy Alta,52.98,Media
Region A - Primeros Quince dias habiles de cada Diciembre,21091,21,91,Juan Galindo,Puebla,Golfo Centro,X,Rios Tuxpan al Jamapa,20,sin dato,SIN SEQUIA,SIN REDUCCION,18.71,Muy Baja,71.85,Alta,19.00647942,Muy Baja
Region A - Primeros Quince dias habiles de cada Diciembre,21092,21,92,Juan N. Mendez,Puebla,Balsas,IV,Rio Balsas,9,sin dato,SIN SEQUIA,SIN REDUCCION,31.35,Baja,37.5,Baja,65.1,Alta
Region A - Primeros Quince dias habiles de cada Diciembre,21093,21,93,Lafragua,Puebla,Balsas,IV,Rio Balsas,9,sin dato,SIN SEQUIA,SIN REDUCCION,50.35,Media,36.1,Baja,43.74,Media
Region A - Primeros Quince dias habiles de cada Diciembre,21094,21,94,Libres,Puebla,Balsas,IV,Rio Balsas,9,sin dato,SIN SEQUIA,SIN REDUCCION,56.05,Media,39.57,Baja,18.71,Muy Baja
Region A - Primeros Quince dias habiles de cada Diciembre,21095,21,95,La Magdalena Tlatlauquitepec,Puebla,Balsas,IV,Rio Balsas,9,sin dato,SIN SEQUIA,SIN REDUCCION,15.1,Muy Baja,17.41,Muy Baja,6.61,Muy Baja
Region A - Primeros Quince dias habiles de cada Diciembre,21096,21,96,Mazapiltepec de Juarez,Puebla,Balsas,IV,Rio Balsas,9,sin dato,SIN SEQUIA,SIN REDUCCION,47.73,Media,44.37,Media,33.65,Baja
Region A - Primeros Quince dias habiles de cada Diciembre,21097,21,97,Mixtla,Puebla,Balsas,IV,Rio Balsas,9,sin dato,SIN SEQUIA,SIN REDUCCION,26.62,Baja,66.71,Alta,40.64,Media
Region A - Primeros Quince dias habiles de cada Diciembre,21098,21,98,Molcaxac,Puebla,Balsas,IV,Rio Balsas,9,sin dato,SIN SEQUIA,SIN REDUCCION,23.78,Baja,38.08,Baja,42.76,Media
Region A - Primeros Quince dias habiles de cada Diciembre,21099,21,99,Canada Morelos,Puebla,Golfo Centro,X,Rio Papaloapan,21,sin dato,SIN SEQUIA,SIN REDUCCION,56.13,Media,2.94,Muy Baja,73.00418408,Alta
Region A - Primeros Quince dias habiles de cada Diciembre,21100,21,100,Naupan,Puebla,Golfo Centro,X,Rios Tuxpan al Jamapa,20,sin dato,SIN SEQUIA,SIN REDUCCION,30.27,Baja,64.9,Alta,54.140232,Media
Region A - Primeros Quince dias habiles de cada Diciembre,21101,21,101,Nauzontla,Puebla,Golfo Centro,X,Rios Tuxpan al Jamapa,20,sin dato,SIN SEQUIA,SIN REDUCCION,57.84,Media,40.33,Media,56.45892774,Media
Region A - Primeros Quince dias habiles de cada Diciembre,21102,21,102,Nealtican,Puebla,Balsas,IV,Rio Balsas,9,sin dato,SIN SEQUIA,SIN REDUCCION,89.58,Muy Alta,94.17,Muy Alta,49.7,Media
Region A - Primeros Quince dias habiles de cada Diciembre,21103,21,103,Nicolas Bravo,Puebla,Golfo Centro,X,Rio Papaloapan,21,sin dato,SIN SEQUIA,SIN REDUCCION,54.18,Media,61.45,Alta,75.70656546,Alta
Region A - Primeros Quince dias habiles de cada Diciembre,21104,21,104,Nopalucan,Puebla,Balsas,IV,Rio Balsas,9,sin dato,SIN SEQUIA,SIN REDUCCION,95.75,Muy Alta,51.64,Media,46.29,Media
Region A - Primeros Quince dias habiles de cada Diciembre,21105,21,105,Ocotepec,Puebla,Balsas,IV,Rio Balsas,9,sin dato,SIN SEQUIA,SIN REDUCCION,91.63,Muy Alta,42.09,Media,59.59,Media
Region A - Primeros Quince dias habiles de cada Diciembre,21106,21,106,Ocoyucan,Puebla,Balsas,IV,Rio Balsas,9,sin dato,SIN SEQUIA,SIN REDUCCION,77.55,Alta,82.47,Muy Alta,51.8,Media
Region A - Primeros Quince dias habiles de cada Diciembre,21107,21,107,Olintla,Puebla,Golfo Centro,X,Rios Tuxpan al Jamapa,20,sin dato,SIN SEQUIA,SIN REDUCCION,53.83,Media,35.34,Baja,98.65026913,Muy Alta
Region A - Primeros Quince dias habiles de cada Diciembre,21108,21,108,Oriental,Puebla,Balsas,IV,Rio Balsas,9,sin dato,SIN SEQUIA,SIN REDUCCION,27.17,Baja,77.12,Alta,21.23,Baja
Region A - Primeros Quince dias habiles de cada Diciembre,21109,21,109,Pahuatlan,Puebla,Golfo Centro,X,Rios Tuxpan al Jamapa,20,sin dato,SIN SEQUIA,SIN REDUCCION,28.53,Baja,39.3,Baja,49.52219027,Media
Region A - Primeros Quince dias habiles de cada Diciembre,21110,21,110,Palmar de Bravo,Puebla,Balsas,IV,Rio Balsas,9,sin dato,SIN SEQUIA,SIN REDUCCION,52.42,Media,84.92,Muy Alta,74.76,Alta
Region A - Primeros Quince dias habiles de cada Diciembre,21111,21,111,Pantepec,Puebla,Golfo Centro,X,Rios Tuxpan al Jamapa,20,sin dato,SIN SEQUIA,SIN REDUCCION,23.56,Baja,19.54,Muy Baja,66.43875378,Alta
Region A - Primeros Quince dias habiles de cada Diciembre,21112,21,112,Petlalcingo,Puebla,Balsas,IV,Rio Balsas,9,sin dato,SIN SEQUIA,SIN REDUCCION,19.31,Muy Baja,20.06,Baja,49.42,Media
Region A - Primeros Quince dias habiles de cada Diciembre,21113,21,113,Piaxtla,Puebla,Balsas,IV,Rio Balsas,9,sin dato,SIN SEQUIA,SIN REDUCCION,17.25,Muy Baja,13.58,Muy Baja,64.54,Alta
Region A - Primeros Quince dias habiles de cada Diciembre,21114,21,114,Puebla,Puebla,Balsas,IV,Rio Balsas,9,sin dato,SIN SEQUIA,SIN REDUCCION,55.96,Media,97.77,Muy Alta,0.0,Muy Baja
Region A - Primeros Quince dias habiles de cada Diciembre,21115,21,115,Quecholac,Puebla,Balsas,IV,Rio Balsas,9,sin dato,SIN SEQUIA,SIN REDUCCION,51.04,Media,63.08,Alta,72.26,Alta
Region A - Primeros Quince dias habiles de cada Diciembre,21116,21,116,Quimixtlan,Puebla,Golfo Centro,X,Rios Tuxpan al Jamapa,20,D0,PRE-ALERTA,10%,69.91,Alta,67.92,Alta,71.21454695,Alta
Region A - Primeros Quince dias habiles de cada Diciembre,21117,21,117,Rafael Lara Grajales,Puebla,Balsas,IV,Rio Balsas,9,D0,PRE-ALERTA,10%,62.75,Alta,99.23,Muy Alta,21.62,Baja
Region A - Primeros Quince dias habiles de cada Diciembre,21118,21,118,Los Reyes de Juarez,Puebla,Balsas,IV,Rio Balsas,9,sin dato,SIN SEQUIA,SIN REDUCCION,72.99,Alta,87.52,Muy Alta,65.05,Alta
Region A - Primeros Quince dias habiles de cada Diciembre,21119,21,119,San Andres Cholula,Puebla,Balsas,IV,Rio Balsas,9,sin dato,SIN SEQUIA,SIN REDUCCION,77.18,Alta,99.25,Muy Alta,18.94,Muy Baja
Region A - Primeros Quince dias habiles de cada Diciembre,21120,21,120,San Antonio Canada,Puebla,Golfo Centro,X,Rio Papaloapan,21,sin dato,SIN SEQUIA,SIN REDUCCION,57.12,Media,63.98,Alta,83.24499061,Muy Alta
Region A - Primeros Quince dias habiles de cada Diciembre,21121,21,121,San Diego la Mesa Tochimiltzingo,Puebla,Balsas,IV,Rio Balsas,9,sin dato,SIN SEQUIA,SIN REDUCCION,94.36,Muy Alta,61.31,Alta,67.04,Alta
Region A - Primeros Quince dias habiles de cada Diciembre,21122,21,122,San Felipe Teotlalcingo,Puebla,Balsas,IV,Rio Balsas,9,sin dato,SIN SEQUIA,SIN REDUCCION,90.32,Muy Alta,70.79,Alta,65.31,Alta
Region A - Primeros Quince dias habiles de cada Diciembre,21123,21,123,San Felipe Tepatlan,Puebla,Golfo Centro,X,Rios Tuxpan al Jamapa,20,sin dato,SIN SEQUIA,SIN REDUCCION,54.38,Media,42.68,Media,76.9439125,Alta
Region A - Primeros Quince dias habiles de cada Diciembre,21124,21,124,San Gabriel Chilac,Puebla,Golfo Centro,X,Rio Papaloapan,21,sin dato,SIN SEQUIA,SIN REDUCCION,11.63,Muy Baja,42.53,Media,57.37783634,Media
Region A - Primeros Quince dias habiles de cada Diciembre,21125,21,125,San Gregorio Atzompa,Puebla,Balsas,IV,Rio Balsas,9,sin dato,SIN SEQUIA,SIN REDUCCION,78.96,Alta,93.87,Muy Alta,45.14,Media
Region A - Primeros Quince dias habiles de cada Diciembre,21126,21,126,San Jeronimo Tecuanipan,Puebla,Balsas,IV,Rio Balsas,9,sin dato,SIN SEQUIA,SIN REDUCCION,89.06,Muy Alta,84.06,Muy Alta,68.29,Alta
Region A - Primeros Quince dias habiles de cada Diciembre,21127,21,127,San Jeronimo Xayacatlan,Puebla,Balsas,IV,Rio Balsas,9,sin dato,SIN SEQUIA,SIN REDUCCION,19.0,Muy Baja,19.46,Muy Baja,46.14,Media
Region A - Primeros Quince dias habiles de cada Diciembre,21128,21,128,San Jose Chiapa,Puebla,Balsas,IV,Rio Balsas,9,sin dato,SIN SEQUIA,SIN REDUCCION,51.57,Media,38.42,Baja,34.36,Baja
Region A - Primeros Quince dias habiles de cada Diciembre,21129,21,129,San Jose Miahuatlan,Puebla,Golfo Centro,X,Rio Papaloapan,21,sin dato,SIN SEQUIA,SIN REDUCCION,15.24,Muy Baja,44.53,Media,58.51144188,Media
Region A - Primeros Quince dias habiles de cada Diciembre,21130,21,130,San Juan Atenco,Puebla,Balsas,IV,Rio Balsas,9,sin dato,SIN SEQUIA,SIN REDUCCION,62.13,Alta,50.91,Media,54.95,Media
Region A - Primeros Quince dias habiles de cada Diciembre,21131,21,131,San Juan Atzompa,Puebla,Balsas,IV,Rio Balsas,9,D0,PRE-ALERTA,10%,15.1,Muy Baja,17.55,Muy Baja,22.3,Baja
Region A - Primeros Quince dias habiles de cada Diciembre,21132,21,132,San Martin Texmelucan,Puebla,Balsas,IV,Rio Balsas,9,sin dato,SIN SEQUIA,SIN REDUCCION,75.77,Alta,92.72,Muy Alta,43.11,Media
Region A - Primeros Quince dias habiles de cada Diciembre,21133,21,133,San Martin Totoltepec,Puebla,Balsas,IV,Rio Balsas,9,sin dato,SIN SEQUIA,SIN REDUCCION,43.03,Media,73.87,Alta,68.2,Alta
Region A - Primeros Quince dias habiles de cada Diciembre,21134,21,134,San Matias Tlalancaleca,Puebla,Balsas,IV,Rio Balsas,9,sin dato,SIN SEQUIA,SIN REDUCCION,74.61,Alta,80.82,Muy Alta,65.28,Alta
Region A - Primeros Quince dias habiles de cada Diciembre,21135,21,135,San Miguel Ixitlan,Puebla,Balsas,IV,Rio Balsas,9,sin dato,SIN SEQUIA,SIN REDUCCION,18.6,Muy Baja,26.84,Baja,13.67,Muy Baja
Region A - Primeros Quince dias habiles de cada Diciembre,21136,21,136,San Miguel Xoxtla,Puebla,Balsas,IV,Rio Balsas,9,sin dato,SIN SEQUIA,SIN REDUCCION,74.61,Alta,93.41,Muy Alta,27.26,Baja
Region A - Primeros Quince dias habiles de cada Diciembre,21137,21,137,San Nicolas Buenos Aires,Puebla,Balsas,IV,Rio Balsas,9,sin dato,SIN SEQUIA,SIN REDUCCION,41.05,Media,33.06,Baja,14.0,Muy Baja
Region A - Primeros Quince dias habiles de cada Diciembre,21138,21,138,San Nicolas de los Ranchos,Puebla,Balsas,IV,Rio Balsas,9,sin dato,SIN SEQUIA,SIN REDUCCION,77.86,Alta,88.2,Muy Alta,72.23,Alta
Region A - Primeros Quince dias habiles de cada Diciembre,21139,21,139,San Pablo Anicano,Puebla,Balsas,IV,Rio Balsas,9,D0,PRE-ALERTA,10%,17.25,Muy Baja,18.88,Muy Baja,37.4,Baja
Region A - Primeros Quince dias habiles de cada Diciembre,21140,21,140,San Pedro Cholula,Puebla,Balsas,IV,Rio Balsas,9,sin dato,SIN SEQUIA,SIN REDUCCION,79.56,Alta,97.37,Muy Alta,33.18,Baja
Region A - Primeros Quince dias habiles de cada Diciembre,21141,21,141,San Pedro Yeloixtlahuaca,Puebla,Balsas,IV,Rio Balsas,9,sin dato,SIN SEQUIA,SIN REDUCCION,15.91,Muy Baja,21.83,Baja,51.91,Media
Region A - Primeros Quince dias habiles de cada Diciembre,21142,21,142,San Salvador el Seco,Puebla,Balsas,IV,Rio Balsas,9,sin dato,SIN SEQUIA,SIN REDUCCION,77.32,Alta,71.86,Alta,56.46,Media
Region A - Primeros Quince dias habiles de cada Diciembre,21143,21,143,San Salvador el Verde,Puebla,Balsas,IV,Rio Balsas,9,D0,PRE-ALERTA,10%,53.54,Media,63.77,Alta,54.35,Media
Region A - Primeros Quince dias habiles de cada Diciembre,21144,21,144,San Salvador Huixcolotla,Puebla,Balsas,IV,Rio Balsas,9,sin dato,SIN SEQUIA,SIN REDUCCION,72.99,Alta,80.16,Muy Alta,94.68,Muy Alta
Region A - Primeros Quince dias habiles de cada Diciembre,21145,21,145,San Sebastian Tlacotepec,Puebla,Golfo Centro,X,Rio Papaloapan,21,D0,PRE-ALERTA,10%,85.4,Muy Alta,78.66,Alta,97.08969694,Muy Alta
Region A - Primeros Quince dias habiles de cada Diciembre,21146,21,146,Santa Catarina Tlaltempan,Puebla,Balsas,IV,Rio Balsas,9,sin dato,SIN SEQUIA,SIN REDUCCION,9.87,Muy Baja,19.71,Muy Baja,57.63,Media
Region A - Primeros Quince dias habiles de cada Diciembre,21147,21,147,Santa Ines Ahuatempan,Puebla,Balsas,IV,Rio Balsas,9,sin dato,SIN SEQUIA,SIN REDUCCION,27.5,Baja,20.96,Baja,72.75,Alta
Region A - Primeros Quince dias habiles de cada Diciembre,21148,21,148,Santa Isabel Cholula,Puebla,Balsas,IV,Rio Balsas,9,sin dato,SIN SEQUIA,SIN REDUCCION,85.24,Muy Alta,82.51,Muy Alta,85.95,Muy Alta
Region A - Primeros Quince dias habiles de cada Diciembre,21149,21,149,Santiago Miahuatlan,Puebla,Golfo Centro,X,Rio Papaloapan,21,sin dato,SIN SEQUIA,SIN REDUCCION,19.81,Muy Baja,74.69,Alta,66.43652884,Alta
Region A - Primeros Quince dias habiles de cada Diciembre,21150,21,150,Huehuetlan el Grande,Puebla,Balsas,IV,Rio Balsas,9,sin dato,SIN SEQUIA,SIN REDUCCION,8.47,Muy Baja,16.57,Muy Baja,33.96,Baja
Region A - Primeros Quince dias habiles de cada Diciembre,21151,21,151,Santo Tomas Hueyotlipan,Puebla,Balsas,IV,Rio Balsas,9,sin dato,SIN SEQUIA,SIN REDUCCION,1.34,Muy Baja,77.38,Alta,78.48,Alta
Region A - Primeros Quince dias habiles de cada Diciembre,21152,21,152,Soltepec,Puebla,Balsas,IV,Rio Balsas,9,sin dato,SIN SEQUIA,SIN REDUCCION,58.96,Media,60.57,Alta,50.0,Media
Region A - Primeros Quince dias habiles de cada Diciembre,21153,21,153,Tecali de Herrera,Puebla,Balsas,IV,Rio Balsas,9,sin dato,SIN SEQUIA,SIN REDUCCION,28.27,Baja,40.4,Media,45.42,Media
Region A - Primeros Quince dias habiles de cada Diciembre,21154,21,154,Tecamachalco,Puebla,Balsas,IV,Rio Balsas,9,sin dato,SIN SEQUIA,SIN REDUCCION,65.92,Alta,99.98,Muy Alta,65.3,Alta
Region A - Primeros Quince dias habiles de cada Diciembre,21155,21,155,Tecomatlan,Puebla,Balsas,IV,Rio Balsas,9,sin dato,SIN SEQUIA,SIN REDUCCION,18.37,Muy Baja,20.15,Baja,43.96,Media
Region A - Primeros Quince dias habiles de cada Diciembre,21156,21,156,Tehuacan,Puebla,Golfo Centro,X,Rio Papaloapan,21,sin dato,SIN SEQUIA,SIN REDUCCION,22.91,Baja,84.1,Muy Alta,1.653313112,Muy Baja
Region A - Primeros Quince dias habiles de cada Diciembre,21157,21,157,Tehuitzingo,Puebla,Balsas,IV,Rio Balsas,9,sin dato,SIN SEQUIA,SIN REDUCCION,37.79,Baja,15.92,Muy Baja,81.34,Muy Alta
Region A - Primeros Quince dias habiles de cada Diciembre,21158,21,158,Tenampulco,Puebla,Golfo Centro,X,Rios Tuxpan al Jamapa,20,sin dato,SIN SEQUIA,SIN REDUCCION,57.78,Media,66.79,Alta,89.38464567,Muy Alta
Region A - Primeros Quince dias habiles de cada Diciembre,21159,21,159,Teopantlan,Puebla,Balsas,IV,Rio Balsas,9,D0,PRE-ALERTA,10%,29.35,Baja,23.89,Baja,94.54,Muy Alta
Region A - Primeros Quince dias habiles de cada Diciembre,21160,21,160,Teotlalco,Puebla,Balsas,IV,Rio Balsas,9,sin dato,SIN SEQUIA,SIN REDUCCION,69.99,Alta,56.4,Media,74.83,Alta
Region A - Primeros Quince dias habiles de cada Diciembre,21161,21,161,Tepanco de Lopez,Puebla,Golfo Centro,X,Rio Papaloapan,21,sin dato,SIN SEQUIA,SIN REDUCCION,73.52,Alta,94.39,Muy Alta,66.98620121,Alta
Region A - Primeros Quince dias habiles de cada Diciembre,21162,21,162,Tepango de Rodriguez,Puebla,Golfo Centro,X,Rios Tuxpan al Jamapa,20,sin dato,SIN SEQUIA,SIN REDUCCION,56.32,Media,39.65,Baja,91.69960193,Muy Alta
Region A - Primeros Quince dias habiles de cada Diciembre,21163,21,163,Tepatlaxco de Hidalgo,Puebla,Balsas,IV,Rio Balsas,9,sin dato,SIN SEQUIA,SIN REDUCCION,54.09,Media,59.43,Media,66.66,Alta
Region A - Primeros Quince dias habiles de cada Diciembre,21164,21,164,Tepeaca,Puebla,Balsas,IV,Rio Balsas,9,sin dato,SIN SEQUIA,SIN REDUCCION,47.83,Media,65.97,Alta,64.4,Alta
Region A - Primeros Quince dias habiles de cada Diciembre,21165,21,165,Tepemaxalco,Puebla,Balsas,IV,Rio Balsas,9,sin dato,SIN SEQUIA,SIN REDUCCION,82.97,Muy Alta,54.61,Media,95.96,Muy Alta
Region A - Primeros Quince dias habiles de cada Diciembre,21166,21,166,Tepeojuma,Puebla,Balsas,IV,Rio Balsas,9,sin dato,SIN SEQUIA,SIN REDUCCION,72.26,Alta,72.05,Alta,65.82,Alta
Region A - Primeros Quince dias habiles de cada Diciembre,21167,21,167,Tepetzintla,Puebla,Golfo Centro,X,Rios Tuxpan al Jamapa,20,sin dato,SIN SEQUIA,SIN REDUCCION,53.83,Media,38.91,Baja,72.29310099,Alta
Region A - Primeros Quince dias habiles de cada Diciembre,21168,21,168,Tepexco,Puebla,Balsas,IV,Rio Balsas,9,sin dato,SIN SEQUIA,SIN REDUCCION,83.91,Muy Alta,67.09,Alta,96.84,Muy Alta
Region A - Primeros Quince dias habiles de cada Diciembre,21169,21,169,Tepexi de Rodriguez,Puebla,Balsas,IV,Rio Balsas,9,sin dato,SIN SEQUIA,SIN REDUCCION,27.42,Baja,23.94,Baja,51.56,Media
Region A - Primeros Quince dias habiles de cada Diciembre,21170,21,170,Tepeyahualco,Puebla,Balsas,IV,Rio Balsas,9,sin dato,SIN SEQUIA,SIN REDUCCION,55.49,Media,27.94,Baja,45.25,Media
Region A - Primeros Quince dias habiles de cada Diciembre,21171,21,171,Tepeyahualco de Cuauhtemoc,Puebla,Balsas,IV,Rio Balsas,9,sin dato,SIN SEQUIA,SIN REDUCCION,72.99,Alta,80.43,Muy Alta,65.31,Alta
Region A - Primeros Quince dias habiles de cada Diciembre,21172,21,172,Tetela de Ocampo,Puebla,Golfo Centro,X,Rios Tuxpan al Jamapa,20,sin dato,SIN SEQUIA,SIN REDUCCION,60.06,Alta,2.25,Muy Baja,65.75821568,Alta
Region A - Primeros Quince dias habiles de cada Diciembre,21173,21,173,Teteles de avila Castillo,Puebla,Golfo Centro,X,Rios Tuxpan al Jamapa,20,sin dato,SIN SEQUIA,SIN REDUCCION,58.67,Media,80.88,Muy Alta,19.75319564,Muy Baja
Region A - Primeros Quince dias habiles de cada Diciembre,21174,21,174,Teziutlan,Puebla,Golfo Centro,X,Rios Tuxpan al Jamapa,20,sin dato,SIN SEQUIA,SIN REDUCCION,53.12,Media,88.32,Muy Alta,21.40183062,Baja
Region A - Primeros Quince dias habiles de cada Diciembre,21175,21,175,Tianguismanalco,Puebla,Balsas,IV,Rio Balsas,9,sin dato,SIN SEQUIA,SIN REDUCCION,88.76,Muy Alta,69.26,Alta,79.55,Alta
Region A - Primeros Quince dias habiles de cada Diciembre,21176,21,176,Tilapa,Puebla,Balsas,IV,Rio Balsas,9,sin dato,SIN SEQUIA,SIN REDUCCION,82.97,Muy Alta,70.2,Alta,53.2,Media
Region A - Primeros Quince dias habiles de cada Diciembre,21177,21,177,Tlacotepec de Benito Juarez,Puebla,Golfo Centro,X,Rio Papaloapan,21,sin dato,SIN SEQUIA,SIN REDUCCION,12.79,Muy Baja,15.99,Muy Baja,76.53730416,Alta
Region A - Primeros Quince dias habiles de cada Diciembre,21178,21,178,Tlacuilotepec,Puebla,Golfo Centro,X,Rios Tuxpan al Jamapa,20,sin dato,SIN SEQUIA,SIN REDUCCION,30.1,Baja,28.27,Baja,67.28794192,Alta
Region A - Primeros Quince dias habiles de cada Diciembre,21179,21,179,Tlachichuca,Puebla,Balsas,IV,Rio Balsas,9,sin dato,SIN SEQUIA,SIN REDUCCION,97.02,Muy Alta,95.71,Muy Alta,27.48,Baja
Region A - Primeros Quince dias habiles de cada Diciembre,21180,21,180,Tlahuapan,Puebla,Balsas,IV,Rio Balsas,9,sin dato,SIN SEQUIA,SIN REDUCCION,86.77,Muy Alta,72.41,Alta,42.86,Media
Region A - Primeros Quince dias habiles de cada Diciembre,21181,21,181,Tlaltenango,Puebla,Balsas,IV,Rio Balsas,9,sin dato,SIN SEQUIA,SIN REDUCCION,74.61,Alta,68.56,Alta,43.72,Media
Region A - Primeros Quince dias habiles de cada Diciembre,21182,21,182,Tlanepantla,Puebla,Balsas,IV,Rio Balsas,9,sin dato,SIN SEQUIA,SIN REDUCCION,76.06,Alta,71.2,Alta,72.8,Alta
Region A - Primeros Quince dias habiles de cada Diciembre,21183,21,183,Tlaola,Puebla,Golfo Centro,X,Rios Tuxpan al Jamapa,20,sin dato,SIN SEQUIA,SIN REDUCCION,40.56,Media,67.08,Alta,75.28161685,Alta
Region A - Primeros Quince dias habiles de cada Diciembre,21184,21,184,Tlapacoya,Puebla,Golfo Centro,X,Rios Tuxpan al Jamapa,20,sin dato,SIN SEQUIA,SIN REDUCCION,53.75,Media,54.89,Media,56.47107135,Media
Region A - Primeros Quince dias habiles de cada Diciembre,21185,21,185,Tlapanala,Puebla,Balsas,IV,Rio Balsas,9,sin dato,SIN SEQUIA,SIN REDUCCION,89.72,Muy Alta,55.38,Media,81.14,Muy Alta
Region A - Primeros Quince dias habiles de cada Diciembre,21186,21,186,Tlatlauquitepec,Puebla,Golfo Centro,X,Rios Tuxpan al Jamapa,20,sin dato,SIN SEQUIA,SIN REDUCCION,81.3,Muy Alta,68.57,Alta,45.42539917,Media
Region A - Primeros Quince dias habiles de cada Diciembre,21187,21,187,Tlaxco,Puebla,Golfo Centro,X,Rios Tuxpan al Jamapa,20,sin dato,SIN SEQUIA,SIN REDUCCION,21.0,Baja,38.87,Baja,65.49635034,Alta
Region A - Primeros Quince dias habiles de cada Diciembre,21188,21,188,Tochimilco,Puebla,Balsas,IV,Rio Balsas,9,sin dato,SIN SEQUIA,SIN REDUCCION,78.33,Alta,81.78,Muy Alta,72.83,Alta
Region A - Primeros Quince dias habiles de cada Diciembre,21189,21,189,Tochtepec,Puebla,Balsas,IV,Rio Balsas,9,sin dato,SIN SEQUIA,SIN REDUCCION,72.99,Alta,91.36,Muy Alta,70.44,Alta
Region A - Primeros Quince dias habiles de cada Diciembre,21190,21,190,Totoltepec de Guerrero,Puebla,Balsas,IV,Rio Balsas,9,sin dato,SIN SEQUIA,SIN REDUCCION,100.0,Muy Alta,15.06,Muy Baja,44.24,Media
Region A - Primeros Quince dias habiles de cada Diciembre,21191,21,191,Tulcingo,Puebla,Balsas,IV,Rio Balsas,9,sin dato,SIN SEQUIA,SIN REDUCCION,76.29,Alta,23.11,Baja,69.37,Alta
Region A - Primeros Quince dias habiles de cada Diciembre,21192,21,192,Tuzamapan de Galeana,Puebla,Golfo Centro,X,Rios Tuxpan al Jamapa,20,sin dato,SIN SEQUIA,SIN REDUCCION,53.83,Media,66.01,Alta,34.19873753,Baja
Region A - Primeros Quince dias habiles de cada Diciembre,21193,21,193,Tzicatlacoyan,Puebla,Balsas,IV,Rio Balsas,9,sin dato,SIN SEQUIA,SIN REDUCCION,47.26,Media,36.57,Baja,66.37,Alta
Region A - Primeros Quince dias habiles de cada Diciembre,21194,21,194,Venustiano Carranza,Puebla,Golfo Centro,X,Rios Tuxpan al Jamapa,20,sin dato,SIN SEQUIA,SIN REDUCCION,30.68,Baja,18.05,Muy Baja,52.41952947,Media
Region A - Primeros Quince dias habiles de cada Diciembre,21195,21,195,Vicente Guerrero,Puebla,Golfo Centro,X,Rio Papaloapan,21,D0,PRE-ALERTA,10%,80.95,Muy Alta,55.4,Media,92.61959201,Muy Alta
Region A - Primeros Quince dias habiles de cada Diciembre,21196,21,196,Xayacatlan de Bravo,Puebla,Balsas,IV,Rio Balsas,9,sin dato,SIN SEQUIA,SIN REDUCCION,17.25,Muy Baja,15.99,Muy Baja,37.33,Baja
Region A - Primeros Quince dias habiles de cada Diciembre,21197,21,197,Xicotepec,Puebla,Golfo Centro,X,Rios Tuxpan al Jamapa,20,sin dato,SIN SEQUIA,SIN REDUCCION,44.37,Media,39.96,Baja,30.67881598,Baja
Region A - Primeros Quince dias habiles de cada Diciembre,21198,21,198,Xicotlan,Puebla,Balsas,IV,Rio Balsas,9,sin dato,SIN SEQUIA,SIN REDUCCION,15.1,Muy Baja,6.83,Muy Baja,87.82,Muy Alta
Region A - Primeros Quince dias habiles de cada Diciembre,21199,21,199,Xiutetelco,Puebla,Golfo Centro,X,Rios Tuxpan al Jamapa,20,sin dato,SIN SEQUIA,SIN REDUCCION,79.25,Alta,66.35,Alta,46.8659464,Media
Region A - Primeros Quince dias habiles de cada Diciembre,21200,21,200,Xochiapulco,Puebla,Golfo Centro,X,Rios Tuxpan al Jamapa,20,D0,PRE-ALERTA,10%,55.77,Media,44.24,Media,67.54287514,Alta
Region A - Primeros Quince dias habiles de cada Diciembre,21201,21,201,Xochiltepec,Puebla,Balsas,IV,Rio Balsas,9,sin dato,SIN SEQUIA,SIN REDUCCION,74.77,Alta,53.4,Media,60.71,Alta
Region A - Primeros Quince dias habiles de cada Diciembre,21202,21,202,Xochitlan de Vicente Suarez,Puebla,Golfo Centro,X,Rios Tuxpan al Jamapa,20,sin dato,SIN SEQUIA,SIN REDUCCION,56.87,Media,64.03,Alta,76.14312053,Alta
Region A - Primeros Quince dias habiles de cada Diciembre,21203,21,203,Xochitlan Todos Santos,Puebla,Balsas,IV,Rio Balsas,9,sin dato,SIN SEQUIA,SIN REDUCCION,24.33,Baja,33.93,Baja,42.38,Media
Region A - Primeros Quince dias habiles de cada Diciembre,21204,21,204,Yaonahuac,Puebla,Golfo Centro,X,Rios Tuxpan al Jamapa,20,sin dato,SIN SEQUIA,SIN REDUCCION,73.67,Alta,69.92,Alta,27.673905,Baja
Region A - Primeros Quince dias habiles de cada Diciembre,21205,21,205,Yehualtepec,Puebla,Golfo Centro,X,Rio Papaloapan,21,sin dato,SIN SEQUIA,SIN REDUCCION,73.24,Alta,84.54,Muy Alta,74.04459322,Alta
Region A - Primeros Quince dias habiles de cada Diciembre,21206,21,206,Zacapala,Puebla,Balsas,IV,Rio Balsas,9,sin dato,SIN SEQUIA,SIN REDUCCION,8.9,Muy Baja,8.86,Muy Baja,55.03,Media
Region A - Primeros Quince dias habiles de cada Diciembre,21207,21,207,Zacapoaxtla,Puebla,Golfo Centro,X,Rios Tuxpan al Jamapa,20,sin dato,SIN SEQUIA,SIN REDUCCION,58.56,Media,70.69,Alta,39.23863255,Baja
Region A - Primeros Quince dias habiles de cada Diciembre,21208,21,208,Zacatlan,Puebla,Golfo Centro,X,Rios Tuxpan al Jamapa,20,sin dato,SIN SEQUIA,SIN REDUCCION,62.22,Alta,16.68,Muy Baja,29.63822996,Baja
Region A - Primeros Quince dias habiles de cada Diciembre,21209,21,209,Zapotitlan,Puebla,Golfo Centro,X,Rio Papaloapan,21,sin dato,SIN SEQUIA,SIN REDUCCION,6.02,Muy Baja,63.62,Alta,72.54771946,Alta
Region A - Primeros Quince dias habiles de cada Diciembre,21210,21,210,Zapotitlan de Mendez,Puebla,Golfo Centro,X,Rios Tuxpan al Jamapa,20,sin dato,SIN SEQUIA,SIN REDUCCION,59.5,Media,62.56,Alta,35.18910004,Baja
Region A - Primeros Quince dias habiles de cada Diciembre,21211,21,211,Zaragoza,Puebla,Golfo Centro,X,Rios Tuxpan al Jamapa,20,sin dato,SIN SEQUIA,SIN REDUCCION,53.83,Media,78.76,Alta,27.20175538,Baja
Region A - Primeros Quince dias habiles de cada Diciembre,21212,21,212,Zautla,Puebla,Golfo Centro,X,Rios Tuxpan al Jamapa,20,sin dato,SIN SEQUIA,SIN REDUCCION,98.45,Muy Alta,64.74,Alta,77.562694,Alta
Region A - Primeros Quince dias habiles de cada Diciembre,21213,21,213,Zihuateutla,Puebla,Golfo Centro,X,Rios Tuxpan al Jamapa,20,sin dato,SIN SEQUIA,SIN REDUCCION,39.85,Baja,57.17,Media,61.47454312,Alta
Region A - Primeros Quince dias habiles de cada Diciembre,21214,21,214,Zinacatepec,Puebla,Golfo Centro,X,Rio Papaloapan,21,sin dato,SIN SEQUIA,SIN REDUCCION,33.69,Baja,59.69,Media,49.71448632,Media
Region A - Primeros Quince dias habiles de cada Diciembre,21215,21,215,Zongozotla,Puebla,Golfo Centro,X,Rios Tuxpan al Jamapa,20,sin dato,SIN SEQUIA,SIN REDUCCION,95.16,Muy Alta,53.44,Media,23.18558624,Baja
Region A - Primeros Quince dias habiles de cada Diciembre,21216,21,216,Zoquiapan,Puebla,Golfo Centro,X,Rios Tuxpan al Jamapa,20,sin dato,SIN SEQUIA,SIN REDUCCION,55.62,Media,56.53,Media,81.08542694,Muy Alta
Region A - Primeros Quince dias habiles de cada Diciembre,21217,21,217,Zoquitlan,Puebla,Golfo Centro,X,Rio Papaloapan,21,sin dato,SIN SEQUIA,SIN REDUCCION,75.08,Alta,67.29,Alta,93.02618504,Muy Alta
Region A - Primeros Quince dias habiles de cada Diciembre,22001,22,1,Amealco de Bonfil,Querétaro,Golfo Norte,IX,Rio Panuco,19,sin dato,SIN SEQUIA,SIN REDUCCION,95.87,Muy Alta,96.05,Muy Alta,98.80019833,Muy Alta
Region A - Primeros Quince dias habiles de cada Diciembre,22002,22,2,Pinal de Amoles,Querétaro,Golfo Norte,IX,Rio Panuco,19,sin dato,SIN SEQUIA,SIN REDUCCION,1.84,Muy Baja,20.57,Baja,68.93978877,Alta
Region A - Primeros Quince dias habiles de cada Diciembre,22003,22,3,Arroyo Seco,Querétaro,Golfo Norte,IX,Rio Panuco,19,sin dato,SIN SEQUIA,SIN REDUCCION,27.28,Baja,39.36,Baja,48.04254475,Media
Region A - Primeros Quince dias habiles de cada Diciembre,22004,22,4,Cadereyta de Montes,Querétaro,Golfo Norte,IX,Rio Panuco,19,sin dato,SIN SEQUIA,SIN REDUCCION,47.95,Media,60.38,Alta,79.08840056,Alta
Region A - Primeros Quince dias habiles de cada Diciembre,22005,22,5,Colon,Querétaro,Golfo Norte,IX,Rio Panuco,19,sin dato,SIN SEQUIA,SIN REDUCCION,94.09,Muy Alta,65.72,Alta,94.20373476,Muy Alta
Region A - Primeros Quince dias habiles de cada Diciembre,22006,22,6,Corregidora,Querétaro,Lerma Santiago Pacifico,VIII,Lerma - Chapala,15,sin dato,SIN SEQUIA,SIN REDUCCION,80.45,Muy Alta,89.79,Muy Alta,24.13441213,Baja
Region A - Primeros Quince dias habiles de cada Diciembre,22007,22,7,Ezequiel Montes,Querétaro,Golfo Norte,IX,Rio Panuco,19,sin dato,SIN SEQUIA,SIN REDUCCION,60.54,Alta,99.97,Muy Alta,68.44572154,Alta
Region A - Primeros Quince dias habiles de cada Diciembre,22008,22,8,Huimilpan,Querétaro,Lerma Santiago Pacifico,VIII,Lerma - Chapala,15,sin dato,SIN SEQUIA,SIN REDUCCION,79.25,Alta,66.12,Alta,71.18422772,Alta
Region A - Primeros Quince dias habiles de cada Diciembre,22009,22,9,Jalpan de Serra,Querétaro,Golfo Norte,IX,Rio Panuco,19,sin dato,SIN SEQUIA,SIN REDUCCION,1.55,Muy Baja,42.27,Media,43.34454662,Media
Region A - Primeros Quince dias habiles de cada Diciembre,22010,22,10,Landa de Matamoros,Querétaro,Golfo Norte,IX,Rio Panuco,19,sin dato,SIN SEQUIA,SIN REDUCCION,4.67,Muy Baja,17.69,Muy Baja,45.12278564,Media
Region A - Primeros Quince dias habiles de cada Diciembre,22011,22,11,El Marques,Querétaro,Lerma Santiago Pacifico,VIII,Lerma - Chapala,15,sin dato,SIN SEQUIA,SIN REDUCCION,97.19,Muy Alta,77.42,Alta,62.84225976,Alta
Region A - Primeros Quince dias habiles de cada Diciembre,22012,22,12,Pedro Escobedo,Querétaro,Golfo Norte,IX,Rio Panuco,19,sin dato,SIN SEQUIA,SIN REDUCCION,98.85,Muy Alta,89.75,Muy Alta,86.45655258,Muy Alta
Region A - Primeros Quince dias habiles de cada Diciembre,22013,22,13,Penamiller,Querétaro,Golfo Norte,IX,Rio Panuco,19,sin dato,SIN SEQUIA,SIN REDUCCION,1.98,Muy Baja,16.72,Muy Baja,56.1622006,Media
Region A - Primeros Quince dias habiles de cada Diciembre,22014,22,14,Queretaro,Querétaro,Lerma Santiago Pacifico,VIII,Lerma - Chapala,15,sin dato,SIN SEQUIA,SIN REDUCCION,83.34,Muy Alta,75.19,Alta,18.37319668,Muy Baja
Region A - Primeros Quince dias habiles de cada Diciembre,22015,22,15,San Joaquin,Querétaro,Golfo Norte,IX,Rio Panuco,19,sin dato,SIN SEQUIA,SIN REDUCCION,15.69,Muy Baja,11.43,Muy Baja,61.91542252,Alta
Region A - Primeros Quince dias habiles de cada Diciembre,22016,22,16,San Juan del Rio,Querétaro,Golfo Norte,IX,Rio Panuco,19,sin dato,SIN SEQUIA,SIN REDUCCION,95.89,Muy Alta,71.09,Alta,5.970021427,Muy Baja
Region A - Primeros Quince dias habiles de cada Diciembre,22017,22,17,Tequisquiapan,Querétaro,Golfo Norte,IX,Rio Panuco,19,sin dato,SIN SEQUIA,SIN REDUCCION,97.49,Muy Alta,99.98,Muy Alta,61.45403232,Alta
Region A - Primeros Quince dias habiles de cada Diciembre,22018,22,18,Toliman,Querétaro,Golfo Norte,IX,Rio Panuco,19,sin dato,SIN SEQUIA,SIN REDUCCION,59.32,Media,65.73,Alta,73.7708555,Alta
Region A - Primeros Quince dias habiles de cada Diciembre,23001,23,1,Cozumel,Quintana Roo,Peninsula de Yucatan,XII,Peninsula de Yucatan,25,sin dato,SIN SEQUIA,SIN REDUCCION,25.85,Baja,75.86,Alta,34.96993379,Baja
Region A - Primeros Quince dias habiles de cada Diciembre,23002,23,2,Felipe Carrillo Puerto,Quintana Roo,Peninsula de Yucatan,XII,Peninsula de Yucatan,25,sin dato,SIN SEQUIA,SIN REDUCCION,9.53,Muy Baja,2.62,Muy Baja,67.05988447,Alta
Region A - Primeros Quince dias habiles de cada Diciembre,23003,23,3,Isla Mujeres,Quintana Roo,Peninsula de Yucatan,XII,Peninsula de Yucatan,25,sin dato,SIN SEQUIA,SIN REDUCCION,20.56,Baja,79.02,Alta,84.63953746,Muy Alta
Region A - Primeros Quince dias habiles de cada Diciembre,23004,23,4,Othon P. Blanco,Quintana Roo,Peninsula de Yucatan,XII,Peninsula de Yucatan,25,sin dato,SIN SEQUIA,SIN REDUCCION,11.61,Muy Baja,35.74,Baja,1.55107565,Muy Baja
Region C - Primeros 8 dias habiles de CADA MES,23005,23,5,Benito Juarez,Quintana Roo,Peninsula de Yucatan,XII,Peninsula de Yucatan,25,sin dato,SIN SEQUIA,SIN REDUCCION,96.1,Muy Alta,97.92,Muy Alta,8.050553754,Muy Baja
Region A - Primeros Quince dias habiles de cada Diciembre,23006,23,6,Jose Maria Morelos,Quintana Roo,Peninsula de Yucatan,XII,Peninsula de Yucatan,25,sin dato,SIN SEQUIA,SIN REDUCCION,13.73,Muy Baja,5.05,Muy Baja,59.84450221,Media
Region A - Primeros Quince dias habiles de cada Diciembre,23007,23,7,Lazaro Cardenas,Quintana Roo,Peninsula de Yucatan,XII,Peninsula de Yucatan,25,sin dato,SIN SEQUIA,SIN REDUCCION,67.13,Alta,38.31,Baja,82.08619212,Muy Alta
Region A - Primeros Quince dias habiles de cada Diciembre,23008,23,8,Solidaridad,Quintana Roo,Peninsula de Yucatan,XII,Peninsula de Yucatan,25,sin dato,SIN SEQUIA,SIN REDUCCION,69.02,Alta,71.52,Alta,32.62605439,Baja
Region A - Primeros Quince dias habiles de cada Diciembre,23009,23,9,Tulum,Quintana Roo,Peninsula de Yucatan,XII,Peninsula de Yucatan,25,sin dato,SIN SEQUIA,SIN REDUCCION,25.35,Baja,31.91,Baja,78.91516403,Alta
Region A - Primeros Quince dias habiles de cada Diciembre,23010,23,10,Bacalar,Quintana Roo,Peninsula de Yucatan,XII,Peninsula de Yucatan,25,sin dato,SIN SEQUIA,SIN REDUCCION,24.39,Baja,13.81,Muy Baja,54.69388288,Media
Region A - Primeros Quince dias habiles de cada Diciembre,23011,23,11,Puerto Morelos,Quintana Roo,Peninsula de Yucatan,XII,Peninsula de Yucatan,25,D0,PRE-ALERTA,10%,93.4,Muy Alta,66.76,Alta,78.51032011,Alta
Region A - Primeros Quince dias habiles de cada Diciembre,24001,24,1,Ahualulco,San Luis Potosí,Cuencas Centrales del Norte,VII,Del Altiplano,14,sin dato,SIN SEQUIA,SIN REDUCCION,42.11,Media,77.81,Alta,96.11481361,Muy Alta
Region A - Primeros Quince dias habiles de cada Diciembre,24002,24,2,Alaquines,San Luis Potosí,Golfo Norte,IX,Rio Panuco,19,sin dato,SIN SEQUIA,SIN REDUCCION,91.41,Muy Alta,30.79,Baja,74.27085228,Alta
Region A - Primeros Quince dias habiles de cada Diciembre,24003,24,3,Aquismon,San Luis Potosí,Golfo Norte,IX,Rio Panuco,19,sin dato,SIN SEQUIA,SIN REDUCCION,39.25,Baja,25.35,Baja,97.6669345,Muy Alta
Region A - Primeros Quince dias habiles de cada Diciembre,24004,24,4,Armadillo de los Infante,San Luis Potosí,Golfo Norte,IX,Rio Panuco,19,sin dato,SIN SEQUIA,SIN REDUCCION,96.28,Muy Alta,55.19,Media,83.68043792,Muy Alta
Region A - Primeros Quince dias habiles de cada Diciembre,24005,24,5,Cardenas,San Luis Potosí,Golfo Norte,IX,Rio Panuco,19,sin dato,SIN SEQUIA,SIN REDUCCION,50.27,Media,62.44,Alta,49.71637783,Media
Region A - Primeros Quince dias habiles de cada Diciembre,24006,24,6,Catorce,San Luis Potosí,Cuencas Centrales del Norte,VII,Del Altiplano,14,sin dato,SIN SEQUIA,SIN REDUCCION,30.74,Baja,22.67,Baja,92.10311043,Muy Alta
Region A - Primeros Quince dias habiles de cada Diciembre,24007,24,7,Cedral,San Luis Potosí,Cuencas Centrales del Norte,VII,Del Altiplano,14,sin dato,SIN SEQUIA,SIN REDUCCION,22.04,Baja,19.81,Muy Baja,37.51677063,Baja
Region A - Primeros Quince dias habiles de cada Diciembre,24008,24,8,Cerritos,San Luis Potosí,Golfo Norte,IX,Rio Panuco,19,sin dato,SIN SEQUIA,SIN REDUCCION,71.96,Alta,75.2,Alta,65.32689119,Alta
Region A - Primeros Quince dias habiles de cada Diciembre,24009,24,9,Cerro de San Pedro,San Luis Potosí,Cuencas Centrales del Norte,VII,Del Altiplano,14,sin dato,SIN SEQUIA,SIN REDUCCION,64.34,Alta,79.33,Alta,75.38690611,Alta
Region A - Primeros Quince dias habiles de cada Diciembre,24010,24,10,Ciudad del Maiz,San Luis Potosí,Golfo Norte,IX,Del Altiplano,14,sin dato,SIN SEQUIA,SIN REDUCCION,62.53,Alta,51.89,Media,64.0475483,Alta
Region A - Primeros Quince dias habiles de cada Diciembre,24011,24,11,Ciudad Fernandez,San Luis Potosí,Golfo Norte,IX,Rio Panuco,19,sin dato,SIN SEQUIA,SIN REDUCCION,77.76,Alta,92.89,Muy Alta,43.2734489,Media
Region A - Primeros Quince dias habiles de cada Diciembre,24012,24,12,Tancanhuitz,San Luis Potosí,Golfo Norte,IX,Rio Panuco,19,sin dato,SIN SEQUIA,SIN REDUCCION,35.85,Baja,49.86,Media,93.86352579,Muy Alta
Region A - Primeros Quince dias habiles de cada Diciembre,24013,24,13,Ciudad Valles,San Luis Potosí,Golfo Norte,IX,Rio Panuco,19,sin dato,SIN SEQUIA,SIN REDUCCION,67.09,Alta,19.3,Muy Baja,5.232871941,Muy Baja
Region A - Primeros Quince dias habiles de cada Diciembre,24014,24,14,Coxcatlan,San Luis Potosí,Golfo Norte,IX,Rio Panuco,19,sin dato,SIN SEQUIA,SIN REDUCCION,35.48,Baja,49.29,Media,63.6581266,Alta
Region A - Primeros Quince dias habiles de cada Diciembre,24015,24,15,Charcas,San Luis Potosí,Cuencas Centrales del Norte,VII,Del Altiplano,14,sin dato,SIN SEQUIA,SIN REDUCCION,49.76,Media,67.32,Alta,92.8175631,Muy Alta
Region A - Primeros Quince dias habiles de cada Diciembre,24016,24,16,ebano,San Luis Potosí,Golfo Norte,IX,Rio Panuco,19,sin dato,SIN SEQUIA,SIN REDUCCION,40.49,Media,48.01,Media,9.852062773,Muy Baja
Region A - Primeros Quince dias habiles de cada Diciembre,24017,24,17,Guadalcazar,San Luis Potosí,Cuencas Centrales del Norte,VII,Del Altiplano,14,sin dato,SIN SEQUIA,SIN REDUCCION,24.22,Baja,30.02,Baja,99.04780868,Muy Alta
Region A - Primeros Quince dias habiles de cada Diciembre,24018,24,18,Huehuetlan,San Luis Potosí,Golfo Norte,IX,Rio Panuco,19,sin dato,SIN SEQUIA,SIN REDUCCION,35.46,Baja,49.81,Media,82.51291315,Muy Alta
Region A - Primeros Quince dias habiles de cada Diciembre,24019,24,19,Lagunillas,San Luis Potosí,Golfo Norte,IX,Rio Panuco,19,sin dato,SIN SEQUIA,SIN REDUCCION,47.93,Media,31.08,Baja,75.64869277,Alta
Region A - Primeros Quince dias habiles de cada Diciembre,24020,24,20,Matehuala,San Luis Potosí,Cuencas Centrales del Norte,VII,Del Altiplano,14,sin dato,SIN SEQUIA,SIN REDUCCION,80.14,Muy Alta,34.54,Baja,26.26969323,Baja
Region A - Primeros Quince dias habiles de cada Diciembre,24021,24,21,Mexquitic de Carmona,San Luis Potosí,Cuencas Centrales del Norte,VII,Del Altiplano,14,sin dato,SIN SEQUIA,SIN REDUCCION,67.0,Alta,62.1,Alta,94.14442728,Muy Alta
Region A - Primeros Quince dias habiles de cada Diciembre,24022,24,22,Moctezuma,San Luis Potosí,Cuencas Centrales del Norte,VII,Del Altiplano,14,sin dato,SIN SEQUIA,SIN REDUCCION,72.45,Alta,50.33,Media,91.5188593,Muy Alta
Region A - Primeros Quince dias habiles de cada Diciembre,24023,24,23,Rayon,San Luis Potosí,Golfo Norte,IX,Rio Panuco,19,sin dato,SIN SEQUIA,SIN REDUCCION,78.36,Alta,28.01,Baja,73.07625504,Alta
Region A - Primeros Quince dias habiles de cada Diciembre,24024,24,24,Rioverde,San Luis Potosí,Golfo Norte,IX,Rio Panuco,19,sin dato,SIN SEQUIA,SIN REDUCCION,75.51,Alta,37.33,Baja,62.75023655,Alta
Region A - Primeros Quince dias habiles de cada Diciembre,24025,24,25,Salinas,San Luis Potosí,Cuencas Centrales del Norte,VII,Del Altiplano,14,sin dato,SIN SEQUIA,SIN REDUCCION,51.82,Media,70.69,Alta,82.69985477,Muy Alta
Region A - Primeros Quince dias habiles de cada Diciembre,24026,24,26,San Antonio,San Luis Potosí,Golfo Norte,IX,Rio Panuco,19,sin dato,SIN SEQUIA,SIN REDUCCION,42.84,Media,33.7,Baja,72.86240817,Alta
Region A - Primeros Quince dias habiles de cada Diciembre,24027,24,27,San Ciro de Acosta,San Luis Potosí,Golfo Norte,IX,Rio Panuco,19,sin dato,SIN SEQUIA,SIN REDUCCION,43.0,Media,50.51,Media,60.92542334,Alta
Region A - Primeros Quince dias habiles de cada Diciembre,24028,24,28,San Luis Potosi,San Luis Potosí,Cuencas Centrales del Norte,VII,Del Altiplano,14,sin dato,SIN SEQUIA,SIN REDUCCION,68.8,Alta,98.0,Muy Alta,4.516189701,Muy Baja
Region A - Primeros Quince dias habiles de cada Diciembre,24029,24,29,San Martin Chalchicuautla,San Luis Potosí,Golfo Norte,IX,Rio Panuco,19,sin dato,SIN SEQUIA,SIN REDUCCION,31.28,Baja,16.23,Muy Baja,92.60388852,Muy Alta
Region A - Primeros Quince dias habiles de cada Diciembre,24030,24,30,San Nicolas Tolentino,San Luis Potosí,Golfo Norte,IX,Rio Panuco,19,sin dato,SIN SEQUIA,SIN REDUCCION,53.43,Media,32.41,Baja,68.90115465,Alta
Region A - Primeros Quince dias habiles de cada Diciembre,24031,24,31,Santa Catarina,San Luis Potosí,Golfo Norte,IX,Rio Panuco,19,sin dato,SIN SEQUIA,SIN REDUCCION,56.44,Media,8.44,Muy Baja,98.12300875,Muy Alta
Region A - Primeros Quince dias habiles de cada Diciembre,24032,24,32,Santa Maria del Rio,San Luis Potosí,Golfo Norte,IX,Rio Panuco,19,sin dato,SIN SEQUIA,SIN REDUCCION,93.45,Muy Alta,46.04,Media,78.86857025,Alta
Region A - Primeros Quince dias habiles de cada Diciembre,24033,24,33,Santo Domingo,San Luis Potosí,Cuencas Centrales del Norte,VII,Del Altiplano,14,sin dato,SIN SEQUIA,SIN REDUCCION,69.81,Alta,31.71,Baja,93.02070309,Muy Alta
Region A - Primeros Quince dias habiles de cada Diciembre,24034,24,34,San Vicente Tancuayalab,San Luis Potosí,Golfo Norte,IX,Rio Panuco,19,sin dato,SIN SEQUIA,SIN REDUCCION,35.78,Baja,31.16,Baja,60.77500879,Alta
Region A - Primeros Quince dias habiles de cada Diciembre,24035,24,35,Soledad de Graciano Sanchez,San Luis Potosí,Cuencas Centrales del Norte,VII,Del Altiplano,14,sin dato,SIN SEQUIA,SIN REDUCCION,99.99,Muy Alta,100.0,Muy Alta,26.53005216,Baja
Region A - Primeros Quince dias habiles de cada Diciembre,24036,24,36,Tamasopo,San Luis Potosí,Golfo Norte,IX,Rio Panuco,19,sin dato,SIN SEQUIA,SIN REDUCCION,82.63,Muy Alta,49.73,Media,76.69599738,Alta
Region A - Primeros Quince dias habiles de cada Diciembre,24037,24,37,Tamazunchale,San Luis Potosí,Golfo Norte,IX,Rio Panuco,19,sin dato,SIN SEQUIA,SIN REDUCCION,37.16,Baja,14.43,Muy Baja,8.839184621,Muy Baja
Region A - Primeros Quince dias habiles de cada Diciembre,24038,24,38,Tampacan,San Luis Potosí,Golfo Norte,IX,Rio Panuco,19,sin dato,SIN SEQUIA,SIN REDUCCION,32.96,Baja,31.21,Baja,26.07845278,Baja
Region A - Primeros Quince dias habiles de cada Diciembre,24039,24,39,Tampamolon Corona,San Luis Potosí,Golfo Norte,IX,Rio Panuco,19,sin dato,SIN SEQUIA,SIN REDUCCION,32.78,Baja,35.49,Baja,77.17786914,Alta
Region A - Primeros Quince dias habiles de cada Diciembre,24040,24,40,Tamuin,San Luis Potosí,Golfo Norte,IX,Rio Panuco,19,sin dato,SIN SEQUIA,SIN REDUCCION,47.58,Media,99.85,Muy Alta,48.7842161,Media
Region A - Primeros Quince dias habiles de cada Diciembre,24041,24,41,Tanlajas,San Luis Potosí,Golfo Norte,IX,Rio Panuco,19,sin dato,SIN SEQUIA,SIN REDUCCION,40.2,Media,41.95,Media,66.53974817,Alta
Region A - Primeros Quince dias habiles de cada Diciembre,24042,24,42,Tanquian de Escobedo,San Luis Potosí,Golfo Norte,IX,Rio Panuco,19,sin dato,SIN SEQUIA,SIN REDUCCION,28.54,Baja,42.99,Media,52.86055519,Media
Region A - Primeros Quince dias habiles de cada Diciembre,24043,24,43,Tierra Nueva,San Luis Potosí,Golfo Norte,IX,Rio Panuco,19,sin dato,SIN SEQUIA,SIN REDUCCION,99.84,Muy Alta,92.25,Muy Alta,96.21977683,Muy Alta
Region A - Primeros Quince dias habiles de cada Diciembre,24044,24,44,Vanegas,San Luis Potosí,Cuencas Centrales del Norte,VII,Del Altiplano,14,sin dato,SIN SEQUIA,SIN REDUCCION,32.52,Baja,11.8,Muy Baja,71.26122274,Alta
Region A - Primeros Quince dias habiles de cada Diciembre,24045,24,45,Venado,San Luis Potosí,Cuencas Centrales del Norte,VII,Del Altiplano,14,sin dato,SIN SEQUIA,SIN REDUCCION,36.34,Baja,75.67,Alta,96.59988054,Muy Alta
Region A - Primeros Quince dias habiles de cada Diciembre,24046,24,46,Villa de Arriaga,San Luis Potosí,Cuencas Centrales del Norte,VII,Del Altiplano,14,sin dato,SIN SEQUIA,SIN REDUCCION,99.66,Muy Alta,74.49,Alta,93.73352989,Muy Alta
Region A - Primeros Quince dias habiles de cada Diciembre,24047,24,47,Villa de Guadalupe,San Luis Potosí,Cuencas Centrales del Norte,VII,Del Altiplano,14,sin dato,SIN SEQUIA,SIN REDUCCION,51.65,Media,64.11,Alta,98.96431866,Muy Alta
Region A - Primeros Quince dias habiles de cada Diciembre,24048,24,48,Villa de la Paz,San Luis Potosí,Cuencas Centrales del Norte,VII,Del Altiplano,14,sin dato,SIN SEQUIA,SIN REDUCCION,72.04,Alta,44.42,Media,26.97547858,Baja
Region A - Primeros Quince dias habiles de cada Diciembre,24049,24,49,Villa de Ramos,San Luis Potosí,Cuencas Centrales del Norte,VII,Del Altiplano,14,sin dato,SIN SEQUIA,SIN REDUCCION,91.54,Muy Alta,64.09,Alta,86.69103431,Muy Alta
Region A - Primeros Quince dias habiles de cada Diciembre,24050,24,50,Villa de Reyes,San Luis Potosí,Cuencas Centrales del Norte,VII,Rio Panuco,19,sin dato,SIN SEQUIA,SIN REDUCCION,21.53,Baja,82.68,Muy Alta,88.57994241,Muy Alta
Region A - Primeros Quince dias habiles de cada Diciembre,24051,24,51,Villa Hidalgo,San Luis Potosí,Cuencas Centrales del Norte,VII,Del Altiplano,14,sin dato,SIN SEQUIA,SIN REDUCCION,39.28,Baja,62.17,Alta,87.40051221,Muy Alta
Region A - Primeros Quince dias habiles de cada Diciembre,24052,24,52,Villa Juarez,San Luis Potosí,Golfo Norte,IX,Rio Panuco,19,sin dato,SIN SEQUIA,SIN REDUCCION,73.99,Alta,64.76,Alta,71.65056291,Alta
Region A - Primeros Quince dias habiles de cada Diciembre,24053,24,53,Axtla de Terrazas,San Luis Potosí,Golfo Norte,IX,Rio Panuco,19,sin dato,SIN SEQUIA,SIN REDUCCION,35.45,Baja,48.51,Media,24.43808476,Baja
Region A - Primeros Quince dias habiles de cada Diciembre,24054,24,54,Xilitla,San Luis Potosí,Golfo Norte,IX,Rio Panuco,19,sin dato,SIN SEQUIA,SIN REDUCCION,98.29,Muy Alta,36.48,Baja,52.21151793,Media
Region A - Primeros Quince dias habiles de cada Diciembre,24055,24,55,Zaragoza,San Luis Potosí,Golfo Norte,IX,Rio Panuco,19,sin dato,SIN SEQUIA,SIN REDUCCION,98.01,Muy Alta,86.64,Muy Alta,82.3719061,Muy Alta
Region A - Primeros Quince dias habiles de cada Diciembre,24056,24,56,Villa de Arista,San Luis Potosí,Cuencas Centrales del Norte,VII,Del Altiplano,14,sin dato,SIN SEQUIA,SIN REDUCCION,14.94,Muy Baja,69.57,Alta,80.8738763,Muy Alta
Region A - Primeros Quince dias habiles de cada Diciembre,24057,24,57,Matlapa,San Luis Potosí,Golfo Norte,IX,Rio Panuco,19,sin dato,SIN SEQUIA,SIN REDUCCION,51.62,Media,43.26,Media,28.99269458,Baja
Region A - Primeros Quince dias habiles de cada Diciembre,24058,24,58,El Naranjo,San Luis Potosí,Golfo Norte,IX,Rio Panuco,19,sin dato,SIN SEQUIA,SIN REDUCCION,97.45,Muy Alta,62.99,Alta,11.79781399,Muy Baja
Region A - Primeros Quince dias habiles de cada Diciembre,25001,25,1,Ahome,Sinaloa,Pacifico Norte,III,Rios Fuerte y Sinaloa,6,sin dato,SIN SEQUIA,SIN REDUCCION,74.92,Alta,72.66,Alta,33.37170393,Baja
Region A - Primeros Quince dias habiles de cada Diciembre,25002,25,2,Angostura,Sinaloa,Pacifico Norte,III,Rios Mocorito al Quelite,7,sin dato,SIN SEQUIA,SIN REDUCCION,82.96,Muy Alta,75.38,Alta,50.85510936,Media
Region A - Primeros Quince dias habiles de cada Diciembre,25003,25,3,Badiraguato,Sinaloa,Pacifico Norte,III,Rios Mocorito al Quelite,7,sin dato,SIN SEQUIA,SIN REDUCCION,68.99,Alta,67.72,Alta,74.20824804,Alta
Region A - Primeros Quince dias habiles de cada Diciembre,25004,25,4,Concordia,Sinaloa,Pacifico Norte,III,Rios Presidio al San Pedro,8,sin dato,SIN SEQUIA,SIN REDUCCION,37.71,Baja,12.48,Muy Baja,33.38967594,Baja
Region A - Primeros Quince dias habiles de cada Diciembre,25005,25,5,Cosala,Sinaloa,Pacifico Norte,III,Rios Mocorito al Quelite,7,sin dato,SIN SEQUIA,SIN REDUCCION,63.17,Alta,57.24,Media,65.83247015,Alta
Region A - Primeros Quince dias habiles de cada Diciembre,25006,25,6,Culiacan,Sinaloa,Pacifico Norte,III,Rios Mocorito al Quelite,7,sin dato,SIN SEQUIA,SIN REDUCCION,73.31,Alta,58.67,Media,27.8029499,Baja
Region A - Primeros Quince dias habiles de cada Diciembre,25007,25,7,Choix,Sinaloa,Pacifico Norte,III,Rios Fuerte y Sinaloa,6,D1,PRE-ALERTA,15%,59.82,Media,57.48,Media,57.67440891,Media
Region A - Primeros Quince dias habiles de cada Diciembre,25008,25,8,Elota,Sinaloa,Pacifico Norte,III,Rios Mocorito al Quelite,7,D0,PRE-ALERTA,10%,22.42,Baja,30.58,Baja,40.30295265,Media
Region A - Primeros Quince dias habiles de cada Diciembre,25009,25,9,Escuinapa,Sinaloa,Pacifico Norte,III,Rios Presidio al San Pedro,8,sin dato,SIN SEQUIA,SIN REDUCCION,13.65,Muy Baja,71.55,Alta,33.25636902,Baja
Region A - Primeros Quince dias habiles de cada Diciembre,25010,25,10,El Fuerte,Sinaloa,Pacifico Norte,III,Rios Fuerte y Sinaloa,6,sin dato,SIN SEQUIA,SIN REDUCCION,73.04,Alta,63.91,Alta,40.13631954,Media
Region A - Primeros Quince dias habiles de cada Diciembre,25011,25,11,Guasave,Sinaloa,Pacifico Norte,III,Rios Fuerte y Sinaloa,6,D0,PRE-ALERTA,10%,58.15,Media,43.09,Media,31.77323531,Baja
Region A - Primeros Quince dias habiles de cada Diciembre,25012,25,12,Mazatlan,Sinaloa,Pacifico Norte,III,Rios Presidio al San Pedro,8,sin dato,SIN SEQUIA,SIN REDUCCION,14.38,Muy Baja,92.25,Muy Alta,11.60101134,Muy Baja
Region A - Primeros Quince dias habiles de cada Diciembre,25013,25,13,Mocorito,Sinaloa,Pacifico Norte,III,Rios Mocorito al Quelite,7,sin dato,SIN SEQUIA,SIN REDUCCION,39.56,Baja,99.54,Muy Alta,43.2268989,Media
Region A - Primeros Quince dias habiles de cada Diciembre,25014,25,14,Rosario,Sinaloa,Pacifico Norte,III,Rios Presidio al San Pedro,8,sin dato,SIN SEQUIA,SIN REDUCCION,95.42,Muy Alta,35.37,Baja,39.61798196,Baja
Region A - Primeros Quince dias habiles de cada Diciembre,25015,25,15,Salvador Alvarado,Sinaloa,Pacifico Norte,III,Rios Mocorito al Quelite,7,sin dato,SIN SEQUIA,SIN REDUCCION,87.94,Muy Alta,98.01,Muy Alta,30.37959674,Baja
Region A - Primeros Quince dias habiles de cada Diciembre,25016,25,16,San Ignacio,Sinaloa,Pacifico Norte,III,Rios Mocorito al Quelite,7,D0,PRE-ALERTA,10%,29.71,Baja,2.76,Muy Baja,29.35804619,Baja
Region A - Primeros Quince dias habiles de cada Diciembre,25017,25,17,Sinaloa,Sinaloa,Pacifico Norte,III,Rios Fuerte y Sinaloa,6,sin dato,SIN SEQUIA,SIN REDUCCION,57.13,Media,33.95,Baja,33.80257266,Baja
Region A - Primeros Quince dias habiles de cada Diciembre,25018,25,18,Navolato,Sinaloa,Pacifico Norte,III,Rios Mocorito al Quelite,7,D1,PRE-ALERTA,15%,75.52,Alta,80.84,Muy Alta,38.14520642,Baja
Region A - Primeros Quince dias habiles de cada Diciembre,26001,26,1,Aconchi,Sonora,Noroeste,II,Alto Noroeste,3,sin dato,SIN SEQUIA,SIN REDUCCION,21.4,Baja,26.43,Baja,26.91754717,Baja
Region A - Primeros Quince dias habiles de cada Diciembre,26002,26,2,Agua Prieta,Sonora,Noroeste,II,Rios Yaqui y Matape,4,D1,NARANJA,25%,86.54,Muy Alta,85.66,Muy Alta,46.4963362,Media
Region A - Primeros Quince dias habiles de cada Diciembre,26003,26,3,alamos,Sonora,Noroeste,II,Rios Fuerte y Sinaloa,6,sin dato,SIN SEQUIA,SIN REDUCCION,20.87,Baja,57.87,Media,66.44797024,Alta
Region A - Primeros Quince dias habiles de cada Diciembre,26004,26,4,Altar,Sonora,Noroeste,II,Alto Noroeste,3,D0,AMARILLO,15%,48.35,Media,86.35,Muy Alta,53.33306424,Media
Region A - Primeros Quince dias habiles de cada Diciembre,26005,26,5,Arivechi,Sonora,Noroeste,II,Rios Yaqui y Matape,4,D1,PRE-ALERTA,15%,41.84,Media,37.9,Baja,59.32567271,Media
Region A - Primeros Quince dias habiles de cada Diciembre,26006,26,6,Arizpe,Sonora,Noroeste,II,Alto Noroeste,3,D0,PRE-ALERTA,10%,54.67,Media,44.47,Media,67.04139338,Alta
Region A - Primeros Quince dias habiles de cada Diciembre,26007,26,7,atil,Sonora,Noroeste,II,Alto Noroeste,3,sin dato,SIN SEQUIA,SIN REDUCCION,73.1,Alta,49.6,Media,65.40086896,Alta
Region A - Primeros Quince dias habiles de cada Diciembre,26008,26,8,Bacadehuachi,Sonora,Noroeste,II,Rios Yaqui y Matape,4,sin dato,SIN SEQUIA,SIN REDUCCION,40.95,Media,23.84,Baja,42.47635329,Media
Region A - Primeros Quince dias habiles de cada Diciembre,26009,26,9,Bacanora,Sonora,Noroeste,II,Rios Yaqui y Matape,4,D1,PRE-ALERTA,15%,27.69,Baja,24.82,Baja,59.16430845,Media
Region A - Primeros Quince dias habiles de cada Diciembre,26010,26,10,Bacerac,Sonora,Noroeste,II,Rios Yaqui y Matape,4,sin dato,SIN SEQUIA,SIN REDUCCION,67.28,Alta,73.37,Alta,73.39179331,Alta
Region A - Primeros Quince dias habiles de cada Diciembre,26011,26,11,Bacoachi,Sonora,Noroeste,II,Alto Noroeste,3,D1,PRE-ALERTA,15%,81.27,Muy Alta,24.94,Baja,44.16950439,Media
Region A - Primeros Quince dias habiles de cada Diciembre,26012,26,12,Bacum,Sonora,Noroeste,II,Rios Yaqui y Matape,4,sin dato,SIN SEQUIA,SIN REDUCCION,97.55,Muy Alta,56.36,Media,75.21303216,Alta
Region A - Primeros Quince dias habiles de cada Diciembre,26013,26,13,Banamichi,Sonora,Noroeste,II,Alto Noroeste,3,sin dato,SIN SEQUIA,SIN REDUCCION,28.31,Baja,46.53,Media,12.96602295,Muy Baja
Region A - Primeros Quince dias habiles de cada Diciembre,26014,26,14,Baviacora,Sonora,Noroeste,II,Alto Noroeste,3,sin dato,SIN SEQUIA,SIN REDUCCION,27.97,Baja,19.15,Muy Baja,6.774036167,Muy Baja
Region A - Primeros Quince dias habiles de cada Diciembre,26015,26,15,Bavispe,Sonora,Noroeste,II,Rios Yaqui y Matape,4,sin dato,SIN SEQUIA,SIN REDUCCION,84.6,Muy Alta,48.29,Media,87.23384344,Muy Alta
Region A - Primeros Quince dias habiles de cada Diciembre,26016,26,16,Benjamin Hill,Sonora,Noroeste,II,Alto Noroeste,3,sin dato,SIN SEQUIA,SIN REDUCCION,13.32,Muy Baja,60.04,Alta,23.46527037,Baja
Region A - Primeros Quince dias habiles de cada Diciembre,26017,26,17,Caborca,Sonora,Noroeste,II,Alto Noroeste,3,sin dato,SIN SEQUIA,SIN REDUCCION,99.66,Muy Alta,95.26,Muy Alta,57.496786,Media
Region A - Primeros Quince dias habiles de cada Diciembre,26018,26,18,Cajeme,Sonora,Noroeste,II,Rios Yaqui y Matape,4,sin dato,SIN SEQUIA,SIN REDUCCION,65.59,Alta,77.56,Alta,8.181315152,Muy Baja
Region A - Primeros Quince dias habiles de cada Diciembre,26019,26,19,Cananea,Sonora,Noroeste,II,Alto Noroeste,3,sin dato,SIN SEQUIA,SIN REDUCCION,33.5,Baja,33.04,Baja,18.50780908,Muy Baja
Region A - Primeros Quince dias habiles de cada Diciembre,26020,26,20,Carbo,Sonora,Noroeste,II,Alto Noroeste,3,sin dato,SIN SEQUIA,SIN REDUCCION,97.29,Muy Alta,75.68,Alta,41.30696127,Media
Region A - Primeros Quince dias habiles de cada Diciembre,26021,26,21,La Colorada,Sonora,Noroeste,II,Rios Yaqui y Matape,4,sin dato,SIN SEQUIA,SIN REDUCCION,58.22,Media,55.25,Media,68.44977837,Alta
Region A - Primeros Quince dias habiles de cada Diciembre,26022,26,22,Cucurpe,Sonora,Noroeste,II,Alto Noroeste,3,sin dato,SIN SEQUIA,SIN REDUCCION,22.78,Baja,25.95,Baja,64.9914449,Alta
Region A - Primeros Quince dias habiles de cada Diciembre,26023,26,23,Cumpas,Sonora,Noroeste,II,Rios Yaqui y Matape,4,sin dato,SIN SEQUIA,SIN REDUCCION,36.17,Baja,64.37,Alta,15.41747629,Muy Baja
Region A - Primeros Quince dias habiles de cada Diciembre,26024,26,24,Divisaderos,Sonora,Noroeste,II,Rios Yaqui y Matape,4,D2,PRE-ALERTA,15%,42.17,Media,36.45,Baja,5.354899864,Muy Baja
Region A - Primeros Quince dias habiles de cada Diciembre,26025,26,25,Empalme,Sonora,Noroeste,II,Rios Yaqui y Matape,4,sin dato,SIN SEQUIA,SIN REDUCCION,52.67,Media,96.97,Muy Alta,16.49550085,Muy Baja
Region A - Primeros Quince dias habiles de cada Diciembre,26026,26,26,Etchojoa,Sonora,Noroeste,II,Rios Yaqui y Matape,4,sin dato,SIN SEQUIA,SIN REDUCCION,69.86,Alta,64.68,Alta,58.90281478,Media
Region A - Primeros Quince dias habiles de cada Diciembre,26027,26,27,Fronteras,Sonora,Noroeste,II,Rios Yaqui y Matape,4,sin dato,SIN SEQUIA,SIN REDUCCION,68.34,Alta,48.68,Media,42.42885681,Media
Region A - Primeros Quince dias habiles de cada Diciembre,26028,26,28,Granados,Sonora,Noroeste,II,Rios Yaqui y Matape,4,sin dato,SIN SEQUIA,SIN REDUCCION,39.27,Baja,44.75,Media,24.46299447,Baja
Region A - Primeros Quince dias habiles de cada Diciembre,26029,26,29,Guaymas,Sonora,Noroeste,II,Rios Yaqui y Matape,4,sin dato,SIN SEQUIA,SIN REDUCCION,72.86,Alta,81.46,Muy Alta,24.10014883,Baja
Region A - Primeros Quince dias habiles de cada Diciembre,26030,26,30,Hermosillo,Sonora,Noroeste,II,Alto Noroeste,3,sin dato,SIN SEQUIA,SIN REDUCCION,16.07,Muy Baja,99.99,Muy Alta,2.957516495,Muy Baja
Region A - Primeros Quince dias habiles de cada Diciembre,26031,26,31,Huachinera,Sonora,Noroeste,II,Rios Yaqui y Matape,4,sin dato,SIN SEQUIA,SIN REDUCCION,52.8,Media,48.79,Media,55.72542516,Media
Region A - Primeros Quince dias habiles de cada Diciembre,26032,26,32,Huasabas,Sonora,Noroeste,II,Rios Yaqui y Matape,4,sin dato,SIN SEQUIA,SIN REDUCCION,1.74,Muy Baja,32.6,Baja,25.77672737,Baja
Region A - Primeros Quince dias habiles de cada Diciembre,26033,26,33,Huatabampo,Sonora,Noroeste,II,Rio Mayo,5,sin dato,SIN SEQUIA,SIN REDUCCION,64.15,Alta,62.92,Alta,35.64177075,Baja
Region A - Primeros Quince dias habiles de cada Diciembre,26034,26,34,Huepac,Sonora,Noroeste,II,Alto Noroeste,3,sin dato,SIN SEQUIA,SIN REDUCCION,32.55,Baja,15.98,Muy Baja,14.82084616,Muy Baja
Region A - Primeros Quince dias habiles de cada Diciembre,26035,26,35,imuris,Sonora,Noroeste,II,Alto Noroeste,3,sin dato,SIN SEQUIA,SIN REDUCCION,98.47,Muy Alta,1.06,Muy Baja,45.46369317,Media
Region A - Primeros Quince dias habiles de cada Diciembre,26036,26,36,Magdalena,Sonora,Noroeste,II,Alto Noroeste,3,sin dato,SIN SEQUIA,SIN REDUCCION,82.01,Muy Alta,60.54,Alta,42.65422775,Media
Region A - Primeros Quince dias habiles de cada Diciembre,26037,26,37,Mazatan,Sonora,Noroeste,II,Alto Noroeste,3,sin dato,SIN SEQUIA,SIN REDUCCION,40.93,Media,39.31,Baja,56.498068,Media
Region A - Primeros Quince dias habiles de cada Diciembre,26038,26,38,Moctezuma,Sonora,Noroeste,II,Rios Yaqui y Matape,4,sin dato,SIN SEQUIA,SIN REDUCCION,31.33,Baja,52.68,Media,17.66193912,Muy Baja
Region A - Primeros Quince dias habiles de cada Diciembre,26039,26,39,Naco,Sonora,Noroeste,II,Rios Yaqui y Matape,4,sin dato,SIN SEQUIA,SIN REDUCCION,75.16,Alta,68.27,Alta,55.36898966,Media
Region A - Primeros Quince dias habiles de cada Diciembre,26040,26,40,Nacori Chico,Sonora,Noroeste,II,Rios Yaqui y Matape,4,sin dato,SIN SEQUIA,SIN REDUCCION,46.29,Media,23.31,Baja,76.81359605,Alta
Region A - Primeros Quince dias habiles de cada Diciembre,26041,26,41,Nacozari de Garcia,Sonora,Noroeste,II,Rios Yaqui y Matape,4,sin dato,SIN SEQUIA,SIN REDUCCION,51.19,Media,56.28,Media,23.00215508,Baja
Region A - Primeros Quince dias habiles de cada Diciembre,26042,26,42,Navojoa,Sonora,Noroeste,II,Rio Mayo,5,sin dato,SIN SEQUIA,SIN REDUCCION,57.53,Media,99.76,Muy Alta,37.58584785,Baja
Region A - Primeros Quince dias habiles de cada Diciembre,26043,26,43,Nogales,Sonora,Noroeste,II,Alto Noroeste,3,sin dato,SIN SEQUIA,SIN REDUCCION,85.99,Muy Alta,99.76,Muy Alta,29.17940807,Baja
Region A - Primeros Quince dias habiles de cada Diciembre,26044,26,44,onavas,Sonora,Noroeste,II,Rios Yaqui y Matape,4,sin dato,SIN SEQUIA,SIN REDUCCION,18.27,Muy Baja,25.82,Baja,59.78824833,Media
Region A - Primeros Quince dias habiles de cada Diciembre,26045,26,45,Opodepe,Sonora,Noroeste,II,Alto Noroeste,3,sin dato,SIN SEQUIA,SIN REDUCCION,43.86,Media,48.13,Media,43.79928623,Media
Region A - Primeros Quince dias habiles de cada Diciembre,26046,26,46,Oquitoa,Sonora,Noroeste,II,Alto Noroeste,3,sin dato,SIN SEQUIA,SIN REDUCCION,60.82,Alta,68.2,Alta,57.66345085,Media
Region A - Primeros Quince dias habiles de cada Diciembre,26047,26,47,Pitiquito,Sonora,Noroeste,II,Alto Noroeste,3,sin dato,SIN SEQUIA,SIN REDUCCION,40.72,Media,85.38,Muy Alta,79.04379133,Alta
Region B - Primeros 8 dias habiles de abril,26048,26,48,Puerto Penasco,Sonora,Noroeste,II,Alto Noroeste,3,sin dato,SIN SEQUIA,SIN REDUCCION,21.74,Baja,85.89,Muy Alta,33.23258083,Baja
Region A - Primeros Quince dias habiles de cada Diciembre,26049,26,49,Quiriego,Sonora,Noroeste,II,Rios Yaqui y Matape,4,sin dato,SIN SEQUIA,SIN REDUCCION,71.3,Alta,42.19,Media,96.55227712,Muy Alta
Region A - Primeros Quince dias habiles de cada Diciembre,26050,26,50,Rayon,Sonora,Noroeste,II,Alto Noroeste,3,D0,PRE-ALERTA,10%,31.18,Baja,23.02,Baja,45.80630662,Media
Region A - Primeros Quince dias habiles de cada Diciembre,26051,26,51,Rosario,Sonora,Noroeste,II,Rios Yaqui y Matape,4,sin dato,SIN SEQUIA,SIN REDUCCION,37.43,Baja,37.12,Baja,68.62034534,Alta
Region A - Primeros Quince dias habiles de cada Diciembre,26052,26,52,Sahuaripa,Sonora,Noroeste,II,Rios Yaqui y Matape,4,sin dato,SIN SEQUIA,SIN REDUCCION,99.61,Muy Alta,36.74,Baja,57.36885558,Media
Region A - Primeros Quince dias habiles de cada Diciembre,26053,26,53,San Felipe de Jesus,Sonora,Noroeste,II,Alto Noroeste,3,sin dato,SIN SEQUIA,SIN REDUCCION,25.9,Baja,24.04,Baja,22.55102899,Baja
Region A - Primeros Quince dias habiles de cada Diciembre,26054,26,54,San Javier,Sonora,Noroeste,II,Rios Yaqui y Matape,4,sin dato,SIN SEQUIA,SIN REDUCCION,53.61,Media,12.0,Muy Baja,3.644052367,Muy Baja
Region B - Primeros 8 dias habiles de abril,26055,26,55,San Luis Rio Colorado,Sonora,Noroeste,II,Alto Noroeste,3,D1,NARANJA,25%,65.02,Alta,81.14,Muy Alta,95.3317294,Muy Alta
Region A - Primeros Quince dias habiles de cada Diciembre,26056,26,56,San Miguel de Horcasitas,Sonora,Noroeste,II,Alto Noroeste,3,sin dato,SIN SEQUIA,SIN REDUCCION,44.88,Media,88.49,Muy Alta,83.50434268,Muy Alta
Region A - Primeros Quince dias habiles de cada Diciembre,26057,26,57,San Pedro de la Cueva,Sonora,Noroeste,II,Rios Yaqui y Matape,4,sin dato,SIN SEQUIA,SIN REDUCCION,57.04,Media,39.02,Baja,70.93194227,Alta
Region A - Primeros Quince dias habiles de cada Diciembre,26058,26,58,Santa Ana,Sonora,Noroeste,II,Alto Noroeste,3,sin dato,SIN SEQUIA,SIN REDUCCION,41.86,Media,69.17,Alta,43.10368054,Media
Region A - Primeros Quince dias habiles de cada Diciembre,26059,26,59,Santa Cruz,Sonora,Noroeste,II,Alto Noroeste,3,sin dato,SIN SEQUIA,SIN REDUCCION,5.97,Muy Baja,7.24,Muy Baja,18.13629458,Muy Baja
Region A - Primeros Quince dias habiles de cada Diciembre,26060,26,60,Saric,Sonora,Noroeste,II,Alto Noroeste,3,sin dato,SIN SEQUIA,SIN REDUCCION,98.54,Muy Alta,73.39,Alta,69.25805534,Alta
Region A - Primeros Quince dias habiles de cada Diciembre,26061,26,61,Soyopa,Sonora,Noroeste,II,Rios Yaqui y Matape,4,sin dato,SIN SEQUIA,SIN REDUCCION,70.54,Alta,25.82,Baja,81.26012441,Muy Alta
Region A - Primeros Quince dias habiles de cada Diciembre,26062,26,62,Suaqui Grande,Sonora,Noroeste,II,Rios Yaqui y Matape,4,sin dato,SIN SEQUIA,SIN REDUCCION,48.23,Media,51.57,Media,49.7355646,Media
Region A - Primeros Quince dias habiles de cada Diciembre,26063,26,63,Tepache,Sonora,Noroeste,II,Rios Yaqui y Matape,4,sin dato,SIN SEQUIA,SIN REDUCCION,44.76,Media,20.27,Baja,22.88177489,Baja
Region A - Primeros Quince dias habiles de cada Diciembre,26064,26,64,Trincheras,Sonora,Noroeste,II,Alto Noroeste,3,sin dato,SIN SEQUIA,SIN REDUCCION,57.53,Media,66.53,Alta,79.4747961,Alta
Region A - Primeros Quince dias habiles de cada Diciembre,26065,26,65,Tubutama,Sonora,Noroeste,II,Alto Noroeste,3,sin dato,SIN SEQUIA,SIN REDUCCION,76.0,Alta,50.03,Media,29.7505041,Baja
Region A - Primeros Quince dias habiles de cada Diciembre,26066,26,66,Ures,Sonora,Noroeste,II,Alto Noroeste,3,sin dato,SIN SEQUIA,SIN REDUCCION,44.86,Media,32.3,Baja,25.29355421,Baja
Region A - Primeros Quince dias habiles de cada Diciembre,26067,26,67,Villa Hidalgo,Sonora,Noroeste,II,Rios Yaqui y Matape,4,D1,PRE-ALERTA,15%,34.18,Baja,30.85,Baja,39.88503039,Baja
Region A - Primeros Quince dias habiles de cada Diciembre,26068,26,68,Villa Pesqueira,Sonora,Noroeste,II,Rios Yaqui y Matape,4,sin dato,SIN SEQUIA,SIN REDUCCION,42.19,Media,57.83,Media,54.72469302,Media
Region A - Primeros Quince dias habiles de cada Diciembre,26069,26,69,Yecora,Sonora,Noroeste,II,Rios Yaqui y Matape,4,sin dato,SIN SEQUIA,SIN REDUCCION,3.72,Muy Baja,7.65,Muy Baja,86.99353626,Muy Alta
Region A - Primeros Quince dias habiles de cada Diciembre,26070,26,70,General Plutarco Elias Calles,Sonora,Noroeste,II,Alto Noroeste,3,sin dato,SIN SEQUIA,SIN REDUCCION,71.89,Alta,91.4,Muy Alta,68.15527029,Alta
Region A - Primeros Quince dias habiles de cada Diciembre,26071,26,71,Benito Juarez,Sonora,Noroeste,II,Rios Yaqui y Matape,4,sin dato,SIN SEQUIA,SIN REDUCCION,71.43,Alta,26.24,Baja,46.31965436,Media
Region A - Primeros Quince dias habiles de cada Diciembre,26072,26,72,San Ignacio Rio Muerto,Sonora,Noroeste,II,Rios Yaqui y Matape,4,D0,PRE-ALERTA,10%,82.02,Muy Alta,6.13,Muy Baja,76.49379532,Alta
Region C - Primeros 8 dias habiles de CADA MES,27001,27,1,Balancan,Tabasco,Frontera Sur,XI,Rios Grijalva y Usumacinta,24,sin dato,SIN SEQUIA,SIN REDUCCION,47.01,Media,81.22,Muy Alta,39.99908897,Baja
Region C - Primeros 8 dias habiles de CADA MES,27002,27,2,Cardenas,Tabasco,Frontera Sur,XI,Rios Grijalva y Usumacinta,24,sin dato,SIN SEQUIA,SIN REDUCCION,44.92,Media,81.06,Muy Alta,11.61883433,Muy Baja
Region C - Primeros 8 dias habiles de CADA MES,27003,27,3,Centla,Tabasco,Frontera Sur,XI,Rios Grijalva y Usumacinta,24,sin dato,SIN SEQUIA,SIN REDUCCION,2.93,Muy Baja,50.99,Media,8.970854677,Muy Baja
Region C - Primeros 8 dias habiles de CADA MES,27004,27,4,Centro,Tabasco,Frontera Sur,XI,Rios Grijalva y Usumacinta,24,sin dato,SIN SEQUIA,SIN REDUCCION,33.63,Baja,29.42,Baja,2.918127669,Muy Baja
Region C - Primeros 8 dias habiles de CADA MES,27005,27,5,Comalcalco,Tabasco,Frontera Sur,XI,Rios Grijalva y Usumacinta,24,D2,ROJO,30%,32.79,Baja,18.66,Muy Baja,4.333912747,Muy Baja
Region C - Primeros 8 dias habiles de CADA MES,27006,27,6,Cunduacan,Tabasco,Frontera Sur,XI,Rios Grijalva y Usumacinta,24,sin dato,SIN SEQUIA,SIN REDUCCION,41.23,Media,38.05,Baja,9.963133491,Muy Baja
Region C - Primeros 8 dias habiles de CADA MES,27007,27,7,Emiliano Zapata,Tabasco,Frontera Sur,XI,Rios Grijalva y Usumacinta,24,sin dato,SIN SEQUIA,SIN REDUCCION,32.47,Baja,55.51,Media,16.3769487,Muy Baja
Region C - Primeros 8 dias habiles de CADA MES,27008,27,8,Huimanguillo,Tabasco,Frontera Sur,XI,Rios Grijalva y Usumacinta,24,D0,PRE-ALERTA,10%,43.63,Media,57.6,Media,13.32143389,Muy Baja
Region C - Primeros 8 dias habiles de CADA MES,27009,27,9,Jalapa,Tabasco,Frontera Sur,XI,Rios Grijalva y Usumacinta,24,sin dato,SIN SEQUIA,SIN REDUCCION,22.81,Baja,26.86,Baja,22.09817601,Baja
Region C - Primeros 8 dias habiles de CADA MES,27010,27,10,Jalpa de Mendez,Tabasco,Frontera Sur,XI,Rios Grijalva y Usumacinta,24,D0,AMARILLO,15%,22.03,Baja,23.49,Baja,15.6266747,Muy Baja
Region C - Primeros 8 dias habiles de CADA MES,27011,27,11,Jonuta,Tabasco,Frontera Sur,XI,Rios Grijalva y Usumacinta,24,sin dato,SIN SEQUIA,SIN REDUCCION,26.92,Baja,66.79,Alta,15.71879332,Muy Baja
Region C - Primeros 8 dias habiles de CADA MES,27012,27,12,Macuspana,Tabasco,Frontera Sur,XI,Rios Grijalva y Usumacinta,24,sin dato,SIN SEQUIA,SIN REDUCCION,10.86,Muy Baja,15.25,Muy Baja,27.32833421,Baja
Region C - Primeros 8 dias habiles de CADA MES,27013,27,13,Nacajuca,Tabasco,Frontera Sur,XI,Rios Grijalva y Usumacinta,24,sin dato,SIN SEQUIA,SIN REDUCCION,25.75,Baja,42.28,Media,11.7698801,Muy Baja
Region C - Primeros 8 dias habiles de CADA MES,27014,27,14,Paraiso,Tabasco,Frontera Sur,XI,Rios Grijalva y Usumacinta,24,sin dato,SIN SEQUIA,SIN REDUCCION,21.06,Baja,27.23,Baja,1.048581155,Muy Baja
Region C - Primeros 8 dias habiles de CADA MES,27015,27,15,Tacotalpa,Tabasco,Frontera Sur,XI,Rios Grijalva y Usumacinta,24,sin dato,SIN SEQUIA,SIN REDUCCION,24.99,Baja,28.67,Baja,10.24928687,Muy Baja
Region C - Primeros 8 dias habiles de CADA MES,27016,27,16,Teapa,Tabasco,Frontera Sur,XI,Rios Grijalva y Usumacinta,24,sin dato,SIN SEQUIA,SIN REDUCCION,52.9,Media,95.38,Muy Alta,55.05046506,Media
Region C - Primeros 8 dias habiles de CADA MES,27017,27,17,Tenosique,Tabasco,Frontera Sur,XI,Rios Grijalva y Usumacinta,24,sin dato,SIN SEQUIA,SIN REDUCCION,28.69,Baja,58.84,Media,32.34316014,Baja
Region C - Primeros 8 dias habiles de CADA MES,28001,28,1,Abasolo,Tamaulipas,Golfo Norte,IX,Rios San Fernando-Soto la Marina,18,D0,PRE-ALERTA,10%,24.37,Baja,1.4,Muy Baja,3.505374419,Muy Baja
Region A - Primeros Quince dias habiles de cada Diciembre,28002,28,2,Aldama,Tamaulipas,Golfo Norte,IX,Rios San Fernando-Soto la Marina,18,sin dato,SIN SEQUIA,SIN REDUCCION,23.86,Baja,22.83,Baja,17.41176212,Muy Baja
Region A - Primeros Quince dias habiles de cada Diciembre,28003,28,3,Altamira,Tamaulipas,Golfo Norte,IX,Rios San Fernando-Soto la Marina,18,sin dato,SIN SEQUIA,SIN REDUCCION,42.87,Media,54.99,Media,20.59308774,Baja
Region A - Primeros Quince dias habiles de cada Diciembre,28004,28,4,Antiguo Morelos,Tamaulipas,Golfo Norte,IX,Rio Panuco,19,sin dato,SIN SEQUIA,SIN REDUCCION,74.32,Alta,57.17,Media,9.511088955,Muy Baja
Region C - Primeros 8 dias habiles de CADA MES,28005,28,5,Burgos,Tamaulipas,Golfo Norte,IX,Rios San Fernando-Soto la Marina,18,sin dato,SIN SEQUIA,SIN REDUCCION,68.1,Alta,63.02,Alta,48.72291576,Media
Region A - Primeros Quince dias habiles de cada Diciembre,28006,28,6,Bustamante,Tamaulipas,Cuencas Centrales del Norte,VII,Del Altiplano,14,sin dato,SIN SEQUIA,SIN REDUCCION,47.77,Media,37.29,Baja,80.31148637,Muy Alta
Region C - Primeros 8 dias habiles de CADA MES,28007,28,7,Camargo,Tamaulipas,Rio Bravo,VI,Rio Bravo,12,D1,VERDE,15%,87.64,Muy Alta,66.64,Alta,30.08379085,Baja
Region A - Primeros Quince dias habiles de cada Diciembre,28008,28,8,Casas,Tamaulipas,Golfo Norte,IX,Rios San Fernando-Soto la Marina,18,D1,PRE-ALERTA,15%,24.35,Baja,24.31,Baja,51.94861736,Media
Region A - Primeros Quince dias habiles de cada Diciembre,28009,28,9,Ciudad Madero,Tamaulipas,Golfo Norte,IX,Rio Panuco,19,sin dato,SIN SEQUIA,SIN REDUCCION,19.89,Muy Baja,100.0,Muy Alta,49.60644187,Media
Region C - Primeros 8 dias habiles de CADA MES,28010,28,10,Cruillas,Tamaulipas,Golfo Norte,IX,Rios San Fernando-Soto la Marina,18,sin dato,SIN SEQUIA,SIN REDUCCION,26.23,Baja,15.45,Muy Baja,42.49684805,Media
Region A - Primeros Quince dias habiles de cada Diciembre,28011,28,11,Gomez Farias,Tamaulipas,Golfo Norte,IX,Rio Panuco,19,sin dato,SIN SEQUIA,SIN REDUCCION,59.67,Media,35.21,Baja,11.67055658,Muy Baja
Region A - Primeros Quince dias habiles de cada Diciembre,28012,28,12,Gonzalez,Tamaulipas,Golfo Norte,IX,Rio Panuco,19,D1,PRE-ALERTA,15%,42.36,Media,21.96,Baja,19.56395776,Muy Baja
Region A - Primeros Quince dias habiles de cada Diciembre,28013,28,13,Güemez,Tamaulipas,Golfo Norte,IX,Rios San Fernando-Soto la Marina,18,sin dato,SIN SEQUIA,SIN REDUCCION,79.34,Alta,81.18,Muy Alta,13.02293248,Muy Baja
Region C - Primeros 8 dias habiles de CADA MES,28014,28,14,Guerrero,Tamaulipas,Rio Bravo,VI,Rio Bravo,12,D3,ROJO,40%,53.04,Media,43.09,Media,87.24740258,Muy Alta
Region C - Primeros 8 dias habiles de CADA MES,28015,28,15,Gustavo Diaz Ordaz,Tamaulipas,Rio Bravo,VI,Rio Bravo,12,D1,VERDE,15%,79.88,Alta,69.95,Alta,87.24543096,Muy Alta
Region A - Primeros Quince dias habiles de cada Diciembre,28016,28,16,Hidalgo,Tamaulipas,Golfo Norte,IX,Rios San Fernando-Soto la Marina,18,sin dato,SIN SEQUIA,SIN REDUCCION,77.75,Alta,69.46,Alta,45.74060706,Media
Region A - Primeros Quince dias habiles de cada Diciembre,28017,28,17,Jaumave,Tamaulipas,Golfo Norte,IX,Rio Panuco,19,D1,PRE-ALERTA,15%,66.47,Alta,53.06,Media,1.341995781,Muy Baja
Region A - Primeros Quince dias habiles de cada Diciembre,28018,28,18,Jimenez,Tamaulipas,Golfo Norte,IX,Rios San Fernando-Soto la Marina,18,sin dato,SIN SEQUIA,SIN REDUCCION,81.99,Muy Alta,29.51,Baja,7.614345234,Muy Baja
Region A - Primeros Quince dias habiles de cada Diciembre,28019,28,19,Llera,Tamaulipas,Golfo Norte,IX,Rio Panuco,19,sin dato,SIN SEQUIA,SIN REDUCCION,47.82,Media,39.61,Baja,16.48587755,Muy Baja
Region A - Primeros Quince dias habiles de cada Diciembre,28020,28,20,Mainero,Tamaulipas,Golfo Norte,IX,Rios San Fernando-Soto la Marina,18,D0,PRE-ALERTA,10%,86.33,Muy Alta,62.23,Alta,54.20269117,Media
Region A - Primeros Quince dias habiles de cada Diciembre,28021,28,21,El Mante,Tamaulipas,Golfo Norte,IX,Rio Panuco,19,D3,PRE-ALERTA,15%,46.87,Media,9.07,Muy Baja,2.257275226,Muy Baja
Region A - Primeros Quince dias habiles de cada Diciembre,28022,28,22,Matamoros,Tamaulipas,Rio Bravo,VI,Rio Bravo,12,D3,PRE-ALERTA,15%,5.57,Muy Baja,17.89,Muy Baja,78.93796009,Alta
Region A - Primeros Quince dias habiles de cada Diciembre,28023,28,23,Mendez,Tamaulipas,Golfo Norte,IX,Rios San Fernando-Soto la Marina,18,sin dato,SIN SEQUIA,SIN REDUCCION,42.38,Media,23.83,Baja,10.25305762,Muy Baja
Region A - Primeros Quince dias habiles de cada Diciembre,28024,28,24,Mier,Tamaulipas,Rio Bravo,VI,Rio Bravo,12,sin dato,SIN SEQUIA,SIN REDUCCION,57.94,Media,58.24,Media,57.65430323,Media
Region A - Primeros Quince dias habiles de cada Diciembre,28025,28,25,Miguel Aleman,Tamaulipas,Rio Bravo,VI,Rio Bravo,12,D1,VERDE,15%,69.38,Alta,76.3,Alta,91.05183148,Muy Alta
Region C - Primeros 8 dias habiles de CADA MES,28026,28,26,Miquihuana,Tamaulipas,Cuencas Centrales del Norte,VII,Del Altiplano,14,sin dato,SIN SEQUIA,SIN REDUCCION,6.51,Muy Baja,20.58,Baja,46.97249613,Media
Region C - Primeros 8 dias habiles de CADA MES,28027,28,27,Nuevo Laredo,Tamaulipas,Rio Bravo,VI,Rio Bravo,12,sin dato,SIN SEQUIA,SIN REDUCCION,12.25,Muy Baja,8.55,Muy Baja,46.85869584,Media
Region A - Primeros Quince dias habiles de cada Diciembre,28028,28,28,Nuevo Morelos,Tamaulipas,Golfo Norte,IX,Rio Panuco,19,sin dato,SIN SEQUIA,SIN REDUCCION,64.58,Alta,62.48,Alta,30.01696491,Baja
Region A - Primeros Quince dias habiles de cada Diciembre,28029,28,29,Ocampo,Tamaulipas,Golfo Norte,IX,Rio Panuco,19,D1,PRE-ALERTA,15%,54.19,Media,65.48,Alta,36.66592025,Baja
Region C - Primeros 8 dias habiles de CADA MES,28030,28,30,Padilla,Tamaulipas,Golfo Norte,IX,Rios San Fernando-Soto la Marina,18,D0,PRE-ALERTA,10%,84.71,Muy Alta,48.19,Media,13.6399134,Muy Baja
Region A - Primeros Quince dias habiles de cada Diciembre,28031,28,31,Palmillas,Tamaulipas,Golfo Norte,IX,Rio Panuco,19,D3,PRE-ALERTA,15%,41.28,Media,18.08,Muy Baja,41.84889676,Media
Region C - Primeros 8 dias habiles de CADA MES,28032,28,32,Reynosa,Tamaulipas,Rio Bravo,VI,Rio Bravo,12,D3,VERDE,15%,63.04,Alta,64.59,Alta,89.0987635,Muy Alta
Region C - Primeros 8 dias habiles de CADA MES,28033,28,33,Rio Bravo,Tamaulipas,Rio Bravo,VI,Rio Bravo,12,sin dato,SIN SEQUIA,SIN REDUCCION,41.27,Media,37.47,Baja,69.46907621,Alta
Region C - Primeros 8 dias habiles de CADA MES,28034,28,34,San Carlos,Tamaulipas,Golfo Norte,IX,Rios San Fernando-Soto la Marina,18,D3,PRE-ALERTA,15%,87.48,Muy Alta,62.84,Alta,84.58072471,Muy Alta
Region C - Primeros 8 dias habiles de CADA MES,28035,28,35,San Fernando,Tamaulipas,Golfo Norte,IX,Rios San Fernando-Soto la Marina,18,sin dato,SIN SEQUIA,SIN REDUCCION,12.38,Muy Baja,22.3,Baja,17.95405854,Muy Baja
Region C - Primeros 8 dias habiles de CADA MES,28036,28,36,San Nicolas,Tamaulipas,Golfo Norte,IX,Rios San Fernando-Soto la Marina,18,sin dato,SIN SEQUIA,SIN REDUCCION,62.2,Alta,3.38,Muy Baja,98.28489483,Muy Alta
Region A - Primeros Quince dias habiles de cada Diciembre,28037,28,37,Soto la Marina,Tamaulipas,Golfo Norte,IX,Rios San Fernando-Soto la Marina,18,D1,PRE-ALERTA,15%,12.01,Muy Baja,10.6,Muy Baja,17.60042568,Muy Baja
Region A - Primeros Quince dias habiles de cada Diciembre,28038,28,38,Tampico,Tamaulipas,Golfo Norte,IX,Rio Panuco,19,sin dato,SIN SEQUIA,SIN REDUCCION,28.59,Baja,99.9,Muy Alta,3.600108611,Muy Baja
Region A - Primeros Quince dias habiles de cada Diciembre,28039,28,39,Tula,Tamaulipas,Cuencas Centrales del Norte,VII,Del Altiplano,14,D2,PRE-ALERTA,15%,85.93,Muy Alta,44.47,Media,29.13225424,Baja
Region A - Primeros Quince dias habiles de cada Diciembre,28040,28,40,Valle Hermoso,Tamaulipas,Rio Bravo,VI,Rio Bravo,12,D1,PRE-ALERTA,15%,85.63,Muy Alta,51.92,Media,85.79265149,Muy Alta
Region A - Primeros Quince dias habiles de cada Diciembre,28041,28,41,Victoria,Tamaulipas,Golfo Norte,IX,Rios San Fernando-Soto la Marina,18,D1,PRE-ALERTA,15%,88.33,Muy Alta,86.93,Muy Alta,5.267317419,Muy Baja
Region A - Primeros Quince dias habiles de cada Diciembre,28042,28,42,Villagran,Tamaulipas,Golfo Norte,IX,Rios San Fernando-Soto la Marina,18,D0,PRE-ALERTA,10%,82.91,Muy Alta,75.27,Alta,55.3569485,Media
Region A - Primeros Quince dias habiles de cada Diciembre,28043,28,43,Xicotencatl,Tamaulipas,Golfo Norte,IX,Rio Panuco,19,D1,PRE-ALERTA,15%,55.94,Media,18.81,Muy Baja,24.63768069,Baja
Region A - Primeros Quince dias habiles de cada Diciembre,29001,29,1,Amaxac de Guerrero,Tlaxcala,Balsas,IV,Rio Balsas,9,D1,PRE-ALERTA,15%,88.76,Muy Alta,90.01,Muy Alta,17.56,Muy Baja
Region A - Primeros Quince dias habiles de cada Diciembre,29002,29,2,Apetatitlan de Antonio Carvajal,Tlaxcala,Balsas,IV,Rio Balsas,9,sin dato,SIN SEQUIA,SIN REDUCCION,99.43,Muy Alta,93.09,Muy Alta,18.19,Muy Baja
Region A - Primeros Quince dias habiles de cada Diciembre,29003,29,3,Atlangatepec,Tlaxcala,Balsas,IV,Rio Balsas,9,sin dato,SIN SEQUIA,SIN REDUCCION,57.55,Media,65.97,Alta,54.29,Media
Region A - Primeros Quince dias habiles de cada Diciembre,29004,29,4,Altzayanca,Tlaxcala,Balsas,IV,Rio Balsas,9,D0,PRE-ALERTA,10%,4.31,Muy Baja,46.67,Media,20.34,Baja
Region A - Primeros Quince dias habiles de cada Diciembre,29005,29,5,Apizaco,Tlaxcala,Balsas,IV,Rio Balsas,9,sin dato,SIN SEQUIA,SIN REDUCCION,85.04,Muy Alta,97.28,Muy Alta,20.55,Baja
Region A - Primeros Quince dias habiles de cada Diciembre,29006,29,6,Calpulalpan,Tlaxcala,Aguas del Valle de Mexico,XIII,Valle de Mexico,26,sin dato,SIN SEQUIA,SIN REDUCCION,25.95,Baja,18.1,Muy Baja,37.87254488,Baja
Region A - Primeros Quince dias habiles de cada Diciembre,29007,29,7,El Carmen Tequexquitla,Tlaxcala,Balsas,IV,Rio Balsas,9,sin dato,SIN SEQUIA,SIN REDUCCION,49.42,Media,49.3,Media,28.03,Baja
Region A - Primeros Quince dias habiles de cada Diciembre,29008,29,8,Cuapiaxtla,Tlaxcala,Balsas,IV,Rio Balsas,9,sin dato,SIN SEQUIA,SIN REDUCCION,61.77,Alta,42.69,Media,18.5,Muy Baja
Region A - Primeros Quince dias habiles de cada Diciembre,29009,29,9,Cuaxomulco,Tlaxcala,Balsas,IV,Rio Balsas,9,sin dato,SIN SEQUIA,SIN REDUCCION,69.89,Alta,77.48,Alta,12.68,Muy Baja
Region A - Primeros Quince dias habiles de cada Diciembre,29010,29,10,Chiautempan,Tlaxcala,Balsas,IV,Rio Balsas,9,sin dato,SIN SEQUIA,SIN REDUCCION,38.7,Baja,88.14,Muy Alta,12.43,Muy Baja
Region A - Primeros Quince dias habiles de cada Diciembre,29011,29,11,Munoz de Domingo Arenas,Tlaxcala,Balsas,IV,Rio Balsas,9,sin dato,SIN SEQUIA,SIN REDUCCION,66.96,Alta,59.28,Media,19.96,Muy Baja
Region A - Primeros Quince dias habiles de cada Diciembre,29012,29,12,Espanita,Tlaxcala,Balsas,IV,Rio Balsas,9,sin dato,SIN SEQUIA,SIN REDUCCION,83.92,Muy Alta,58.89,Media,42.87,Media
Region A - Primeros Quince dias habiles de cada Diciembre,29013,29,13,Huamantla,Tlaxcala,Balsas,IV,Rio Balsas,9,sin dato,SIN SEQUIA,SIN REDUCCION,36.87,Baja,35.25,Baja,9.48,Muy Baja
Region A - Primeros Quince dias habiles de cada Diciembre,29014,29,14,Hueyotlipan,Tlaxcala,Balsas,IV,Valle de Mexico,26,sin dato,SIN SEQUIA,SIN REDUCCION,85.01,Muy Alta,49.61,Media,26.37,Baja
Region A - Primeros Quince dias habiles de cada Diciembre,29015,29,15,Ixtacuixtla de Mariano Matamoros,Tlaxcala,Balsas,IV,Rio Balsas,9,sin dato,SIN SEQUIA,SIN REDUCCION,92.44,Muy Alta,65.99,Alta,43.13,Media
Region A - Primeros Quince dias habiles de cada Diciembre,29016,29,16,Ixtenco,Tlaxcala,Balsas,IV,Rio Balsas,9,sin dato,SIN SEQUIA,SIN REDUCCION,35.05,Baja,63.94,Alta,8.81,Muy Baja
Region A - Primeros Quince dias habiles de cada Diciembre,29017,29,17,Mazatecochco de Jose Maria Morelos,Tlaxcala,Balsas,IV,Rio Balsas,9,sin dato,SIN SEQUIA,SIN REDUCCION,53.98,Media,87.29,Muy Alta,59.09,Media
Region A - Primeros Quince dias habiles de cada Diciembre,29018,29,18,Contla de Juan Cuamatzi,Tlaxcala,Balsas,IV,Rio Balsas,9,sin dato,SIN SEQUIA,SIN REDUCCION,44.04,Media,94.93,Muy Alta,21.71,Baja
Region A - Primeros Quince dias habiles de cada Diciembre,29019,29,19,Tepetitla de Lardizabal,Tlaxcala,Balsas,IV,Rio Balsas,9,sin dato,SIN SEQUIA,SIN REDUCCION,74.61,Alta,89.24,Muy Alta,47.87,Media
Region A - Primeros Quince dias habiles de cada Diciembre,29020,29,20,Sanctorum de Lazaro Cardenas,Tlaxcala,Aguas del Valle de Mexico,XIII,Valle de Mexico,26,sin dato,SIN SEQUIA,SIN REDUCCION,97.23,Muy Alta,12.13,Muy Baja,34.98007353,Baja
Region A - Primeros Quince dias habiles de cada Diciembre,29021,29,21,Nanacamilpa de Mariano Arista,Tlaxcala,Aguas del Valle de Mexico,XIII,Valle de Mexico,26,sin dato,SIN SEQUIA,SIN REDUCCION,17.93,Muy Baja,18.22,Muy Baja,21.64368148,Baja
Region A - Primeros Quince dias habiles de cada Diciembre,29022,29,22,Acuamanala de Miguel Hidalgo,Tlaxcala,Balsas,IV,Rio Balsas,9,sin dato,SIN SEQUIA,SIN REDUCCION,65.5,Alta,80.53,Muy Alta,32.49,Baja
Region A - Primeros Quince dias habiles de cada Diciembre,29023,29,23,Nativitas,Tlaxcala,Balsas,IV,Rio Balsas,9,sin dato,SIN SEQUIA,SIN REDUCCION,88.72,Muy Alta,80.94,Muy Alta,45.12,Media
Region A - Primeros Quince dias habiles de cada Diciembre,29024,29,24,Panotla,Tlaxcala,Balsas,IV,Rio Balsas,9,sin dato,SIN SEQUIA,SIN REDUCCION,79.88,Alta,78.59,Alta,6.63,Muy Baja
Region A - Primeros Quince dias habiles de cada Diciembre,29025,29,25,San Pablo del Monte,Tlaxcala,Balsas,IV,Rio Balsas,9,sin dato,SIN SEQUIA,SIN REDUCCION,44.2,Media,94.78,Muy Alta,27.54,Baja
Region A - Primeros Quince dias habiles de cada Diciembre,29026,29,26,Santa Cruz Tlaxcala,Tlaxcala,Balsas,IV,Rio Balsas,9,sin dato,SIN SEQUIA,SIN REDUCCION,69.89,Alta,88.35,Muy Alta,7.96,Muy Baja
Region A - Primeros Quince dias habiles de cada Diciembre,29027,29,27,Tenancingo,Tlaxcala,Balsas,IV,Rio Balsas,9,sin dato,SIN SEQUIA,SIN REDUCCION,92.66,Muy Alta,81.62,Muy Alta,27.59,Baja
Region A - Primeros Quince dias habiles de cada Diciembre,29028,29,28,Teolocholco,Tlaxcala,Balsas,IV,Rio Balsas,9,sin dato,SIN SEQUIA,SIN REDUCCION,11.64,Muy Baja,80.11,Muy Alta,8.03,Muy Baja
Region A - Primeros Quince dias habiles de cada Diciembre,29029,29,29,Tepeyanco,Tlaxcala,Balsas,IV,Rio Balsas,9,sin dato,SIN SEQUIA,SIN REDUCCION,76.09,Alta,86.28,Muy Alta,27.58,Baja
Region A - Primeros Quince dias habiles de cada Diciembre,29030,29,30,Terrenate,Tlaxcala,Balsas,IV,Rios Tuxpan al Jamapa,20,sin dato,SIN SEQUIA,SIN REDUCCION,26.69,Baja,44.97,Media,36.57,Baja
Region A - Primeros Quince dias habiles de cada Diciembre,29031,29,31,Tetla de la Solidaridad,Tlaxcala,Balsas,IV,Rio Balsas,9,sin dato,SIN SEQUIA,SIN REDUCCION,45.8,Media,69.71,Alta,12.55,Muy Baja
Region A - Primeros Quince dias habiles de cada Diciembre,29032,29,32,Tetlatlahuca,Tlaxcala,Balsas,IV,Rio Balsas,9,sin dato,SIN SEQUIA,SIN REDUCCION,69.95,Alta,80.38,Muy Alta,29.6,Baja
Region A - Primeros Quince dias habiles de cada Diciembre,29033,29,33,Tlaxcala,Tlaxcala,Balsas,IV,Rio Balsas,9,sin dato,SIN SEQUIA,SIN REDUCCION,77.14,Alta,96.76,Muy Alta,13.24,Muy Baja
Region A - Primeros Quince dias habiles de cada Diciembre,29034,29,34,Tlaxco,Tlaxcala,Balsas,IV,Rio Balsas,9,sin dato,SIN SEQUIA,SIN REDUCCION,53.72,Media,44.88,Media,30.44,Baja
Region A - Primeros Quince dias habiles de cada Diciembre,29035,29,35,Tocatlan,Tlaxcala,Balsas,IV,Rio Balsas,9,sin dato,SIN SEQUIA,SIN REDUCCION,62.96,Alta,71.28,Alta,21.47,Baja
Region A - Primeros Quince dias habiles de cada Diciembre,29036,29,36,Totolac,Tlaxcala,Balsas,IV,Rio Balsas,9,sin dato,SIN SEQUIA,SIN REDUCCION,51.1,Media,95.65,Muy Alta,24.71,Baja
Region A - Primeros Quince dias habiles de cada Diciembre,29037,29,37,Zitlaltepec de Trinidad Sanchez Santos,Tlaxcala,Balsas,IV,Rio Balsas,9,sin dato,SIN SEQUIA,SIN REDUCCION,20.44,Baja,56.07,Media,50.14,Media
Region A - Primeros Quince dias habiles de cada Diciembre,29038,29,38,Tzompantepec,Tlaxcala,Balsas,IV,Rio Balsas,9,sin dato,SIN SEQUIA,SIN REDUCCION,69.89,Alta,82.93,Muy Alta,13.11,Muy Baja
Region A - Primeros Quince dias habiles de cada Diciembre,29039,29,39,Xaloztoc,Tlaxcala,Balsas,IV,Rio Balsas,9,sin dato,SIN SEQUIA,SIN REDUCCION,61.93,Alta,78.7,Alta,6.37,Muy Baja
Region A - Primeros Quince dias habiles de cada Diciembre,29040,29,40,Xaltocan,Tlaxcala,Balsas,IV,Rio Balsas,9,sin dato,SIN SEQUIA,SIN REDUCCION,69.89,Alta,60.11,Alta,25.68,Baja
Region A - Primeros Quince dias habiles de cada Diciembre,29041,29,41,Papalotla de Xicohtencatl,Tlaxcala,Balsas,IV,Rio Balsas,9,sin dato,SIN SEQUIA,SIN REDUCCION,74.43,Alta,94.49,Muy Alta,10.1,Muy Baja
Region A - Primeros Quince dias habiles de cada Diciembre,29042,29,42,Xicohtzinco,Tlaxcala,Balsas,IV,Rio Balsas,9,sin dato,SIN SEQUIA,SIN REDUCCION,79.21,Alta,96.97,Muy Alta,34.16,Baja
Region A - Primeros Quince dias habiles de cada Diciembre,29043,29,43,Yauhquemecan,Tlaxcala,Balsas,IV,Rio Balsas,9,sin dato,SIN SEQUIA,SIN REDUCCION,74.51,Alta,89.92,Muy Alta,20.76,Baja
Region A - Primeros Quince dias habiles de cada Diciembre,29044,29,44,Zacatelco,Tlaxcala,Balsas,IV,Rio Balsas,9,sin dato,SIN SEQUIA,SIN REDUCCION,74.61,Alta,94.32,Muy Alta,15.44,Muy Baja
Region A - Primeros Quince dias habiles de cada Diciembre,29045,29,45,Benito Juarez,Tlaxcala,Aguas del Valle de Mexico,XIII,Valle de Mexico,26,sin dato,SIN SEQUIA,SIN REDUCCION,17.89,Muy Baja,10.88,Muy Baja,21.26950022,Baja
Region A - Primeros Quince dias habiles de cada Diciembre,29046,29,46,Emiliano Zapata,Tlaxcala,Balsas,IV,Rios Tuxpan al Jamapa,20,sin dato,SIN SEQUIA,SIN REDUCCION,30.64,Baja,48.43,Media,20.58,Baja
Region A - Primeros Quince dias habiles de cada Diciembre,29047,29,47,Lazaro Cardenas,Tlaxcala,Balsas,IV,Rios Tuxpan al Jamapa,20,sin dato,SIN SEQUIA,SIN REDUCCION,55.48,Media,43.13,Media,19.55,Muy Baja
Region A - Primeros Quince dias habiles de cada Diciembre,29048,29,48,La Magdalena Tlaltelulco,Tlaxcala,Balsas,IV,Rio Balsas,9,sin dato,SIN SEQUIA,SIN REDUCCION,69.91,Alta,46.86,Media,4.67,Muy Baja
Region A - Primeros Quince dias habiles de cada Diciembre,29049,29,49,San Damian Texoloc,Tlaxcala,Balsas,IV,Rio Balsas,9,sin dato,SIN SEQUIA,SIN REDUCCION,92.98,Muy Alta,85.36,Muy Alta,36.1,Baja
Region A - Primeros Quince dias habiles de cada Diciembre,29050,29,50,San Francisco Tetlanohcan,Tlaxcala,Balsas,IV,Rio Balsas,9,sin dato,SIN SEQUIA,SIN REDUCCION,17.96,Muy Baja,75.2,Alta,44.15,Media
Region A - Primeros Quince dias habiles de cada Diciembre,29051,29,51,San Jeronimo Zacualpan,Tlaxcala,Balsas,IV,Rio Balsas,9,sin dato,SIN SEQUIA,SIN REDUCCION,87.49,Muy Alta,80.28,Muy Alta,17.72,Muy Baja
Region A - Primeros Quince dias habiles de cada Diciembre,29052,29,52,San Jose Teacalco,Tlaxcala,Balsas,IV,Rio Balsas,9,sin dato,SIN SEQUIA,SIN REDUCCION,23.38,Baja,65.38,Alta,55.76,Media
Region A - Primeros Quince dias habiles de cada Diciembre,29053,29,53,San Juan Huactzinco,Tlaxcala,Balsas,IV,Rio Balsas,9,sin dato,SIN SEQUIA,SIN REDUCCION,73.33,Alta,97.14,Muy Alta,40.02,Media
Region A - Primeros Quince dias habiles de cada Diciembre,29054,29,54,San Lorenzo Axocomanitla,Tlaxcala,Balsas,IV,Rio Balsas,9,sin dato,SIN SEQUIA,SIN REDUCCION,73.27,Alta,88.3,Muy Alta,11.7,Muy Baja
Region A - Primeros Quince dias habiles de cada Diciembre,29055,29,55,San Lucas Tecopilco,Tlaxcala,Balsas,IV,Rio Balsas,9,sin dato,SIN SEQUIA,SIN REDUCCION,64.56,Alta,53.49,Media,44.23,Media
Region A - Primeros Quince dias habiles de cada Diciembre,29056,29,56,Santa Ana Nopalucan,Tlaxcala,Balsas,IV,Rio Balsas,9,sin dato,SIN SEQUIA,SIN REDUCCION,71.71,Alta,85.43,Muy Alta,42.82,Media
Region A - Primeros Quince dias habiles de cada Diciembre,29057,29,57,Santa Apolonia Teacalco,Tlaxcala,Balsas,IV,Rio Balsas,9,sin dato,SIN SEQUIA,SIN REDUCCION,83.78,Muy Alta,75.61,Alta,20.54,Baja
Region A - Primeros Quince dias habiles de cada Diciembre,29058,29,58,Santa Catarina Ayometla,Tlaxcala,Balsas,IV,Rio Balsas,9,sin dato,SIN SEQUIA,SIN REDUCCION,95.81,Muy Alta,81.98,Muy Alta,32.32,Baja
Region A - Primeros Quince dias habiles de cada Diciembre,29059,29,59,Santa Cruz Quilehtla,Tlaxcala,Balsas,IV,Rio Balsas,9,sin dato,SIN SEQUIA,SIN REDUCCION,94.4,Muy Alta,92.78,Muy Alta,47.04,Media
Region A - Primeros Quince dias habiles de cada Diciembre,29060,29,60,Santa Isabel Xiloxoxtla,Tlaxcala,Balsas,IV,Rio Balsas,9,sin dato,SIN SEQUIA,SIN REDUCCION,73.14,Alta,83.82,Muy Alta,21.99,Baja
Region A - Primeros Quince dias habiles de cada Diciembre,30001,30,1,Acajete,Veracruz,Golfo Centro,X,Rios Tuxpan al Jamapa,20,sin dato,SIN SEQUIA,SIN REDUCCION,45.75,Media,59.77,Media,40.6533989,Media
Region A - Primeros Quince dias habiles de cada Diciembre,30002,30,2,Acatlan,Veracruz,Golfo Centro,X,Rios Tuxpan al Jamapa,20,sin dato,SIN SEQUIA,SIN REDUCCION,77.01,Alta,74.42,Alta,44.41893432,Media
Region A - Primeros Quince dias habiles de cada Diciembre,30003,30,3,Acayucan,Veracruz,Golfo Centro,X,Rio Papaloapan,21,sin dato,SIN SEQUIA,SIN REDUCCION,38.08,Baja,37.88,Baja,37.59392337,Baja
Region A - Primeros Quince dias habiles de cada Diciembre,30004,30,4,Actopan,Veracruz,Golfo Centro,X,Rios Tuxpan al Jamapa,20,sin dato,SIN SEQUIA,SIN REDUCCION,64.62,Alta,1.42,Muy Baja,20.51986344,Baja
Region A - Primeros Quince dias habiles de cada Diciembre,30005,30,5,Acula,Veracruz,Golfo Centro,X,Rio Papaloapan,21,sin dato,SIN SEQUIA,SIN REDUCCION,27.24,Baja,45.61,Media,73.85534041,Alta
Region A - Primeros Quince dias habiles de cada Diciembre,30006,30,6,Acultzingo,Veracruz,Golfo Centro,X,Rio Papaloapan,21,sin dato,SIN SEQUIA,SIN REDUCCION,40.81,Media,66.56,Alta,90.81037915,Muy Alta
Region A - Primeros Quince dias habiles de cada Diciembre,30007,30,7,Camaron de Tejeda,Veracruz,Golfo Centro,X,Rios Tuxpan al Jamapa,20,sin dato,SIN SEQUIA,SIN REDUCCION,90.52,Muy Alta,65.32,Alta,96.4970907,Muy Alta
Region A - Primeros Quince dias habiles de cada Diciembre,30008,30,8,Alpatlahuac,Veracruz,Golfo Centro,X,Rios Tuxpan al Jamapa,20,sin dato,SIN SEQUIA,SIN REDUCCION,71.01,Alta,72.05,Alta,91.12627049,Muy Alta
Region A - Primeros Quince dias habiles de cada Diciembre,30009,30,9,Alto Lucero de Gutierrez Barrios,Veracruz,Golfo Centro,X,Rios Tuxpan al Jamapa,20,sin dato,SIN SEQUIA,SIN REDUCCION,58.62,Media,21.42,Baja,57.25309769,Media
Region A - Primeros Quince dias habiles de cada Diciembre,30010,30,10,Altotonga,Veracruz,Golfo Centro,X,Rios Tuxpan al Jamapa,20,sin dato,SIN SEQUIA,SIN REDUCCION,41.37,Media,44.73,Media,41.2474903,Media
Region A - Primeros Quince dias habiles de cada Diciembre,30011,30,11,Alvarado,Veracruz,Golfo Centro,X,Rio Papaloapan,21,sin dato,SIN SEQUIA,SIN REDUCCION,82.57,Muy Alta,18.29,Muy Baja,18.21156671,Muy Baja
Region A - Primeros Quince dias habiles de cada Diciembre,30012,30,12,Amatitlan,Veracruz,Golfo Centro,X,Rio Papaloapan,21,sin dato,SIN SEQUIA,SIN REDUCCION,41.08,Media,55.92,Media,49.23137439,Media
Region A - Primeros Quince dias habiles de cada Diciembre,30013,30,13,Naranjos Amatlan,Veracruz,Golfo Norte,IX,Rio Panuco,19,sin dato,SIN SEQUIA,SIN REDUCCION,21.23,Baja,43.53,Media,20.39227127,Baja
Region A - Primeros Quince dias habiles de cada Diciembre,30014,30,14,Amatlan de los Reyes,Veracruz,Golfo Centro,X,Rio Papaloapan,21,sin dato,SIN SEQUIA,SIN REDUCCION,90.77,Muy Alta,96.17,Muy Alta,57.8873433,Media
Region A - Primeros Quince dias habiles de cada Diciembre,30015,30,15,angel R. Cabada,Veracruz,Golfo Centro,X,Rio Papaloapan,21,sin dato,SIN SEQUIA,SIN REDUCCION,37.26,Baja,62.14,Alta,61.95742576,Alta
Region A - Primeros Quince dias habiles de cada Diciembre,30016,30,16,La Antigua,Veracruz,Golfo Centro,X,Rios Tuxpan al Jamapa,20,sin dato,SIN SEQUIA,SIN REDUCCION,95.3,Muy Alta,48.88,Media,34.1255999,Baja
Region A - Primeros Quince dias habiles de cada Diciembre,30017,30,17,Apazapan,Veracruz,Golfo Centro,X,Rios Tuxpan al Jamapa,20,sin dato,SIN SEQUIA,SIN REDUCCION,73.46,Alta,51.61,Media,36.59180855,Baja
Region A - Primeros Quince dias habiles de cada Diciembre,30018,30,18,Aquila,Veracruz,Golfo Centro,X,Rio Papaloapan,21,sin dato,SIN SEQUIA,SIN REDUCCION,30.94,Baja,69.62,Alta,93.05610993,Muy Alta
Region A - Primeros Quince dias habiles de cada Diciembre,30019,30,19,Astacinga,Veracruz,Golfo Centro,X,Rio Papaloapan,21,sin dato,SIN SEQUIA,SIN REDUCCION,89.29,Muy Alta,66.42,Alta,84.00852582,Muy Alta
Region A - Primeros Quince dias habiles de cada Diciembre,30020,30,20,Atlahuilco,Veracruz,Golfo Centro,X,Rio Papaloapan,21,sin dato,SIN SEQUIA,SIN REDUCCION,75.35,Alta,58.22,Media,84.06270853,Muy Alta
Region A - Primeros Quince dias habiles de cada Diciembre,30021,30,21,Atoyac,Veracruz,Golfo Centro,X,Rios Tuxpan al Jamapa,20,sin dato,SIN SEQUIA,SIN REDUCCION,73.09,Alta,71.79,Alta,65.36820097,Alta
Region A - Primeros Quince dias habiles de cada Diciembre,30022,30,22,Atzacan,Veracruz,Golfo Centro,X,Rio Papaloapan,21,sin dato,SIN SEQUIA,SIN REDUCCION,75.04,Alta,90.51,Muy Alta,69.09258223,Alta
Region A - Primeros Quince dias habiles de cada Diciembre,30023,30,23,Atzalan,Veracruz,Golfo Centro,X,Rios Tuxpan al Jamapa,20,sin dato,SIN SEQUIA,SIN REDUCCION,34.92,Baja,64.32,Alta,61.05894977,Alta
Region A - Primeros Quince dias habiles de cada Diciembre,30024,30,24,Tlaltetela,Veracruz,Golfo Centro,X,Rios Tuxpan al Jamapa,20,sin dato,SIN SEQUIA,SIN REDUCCION,77.91,Alta,53.81,Media,66.69265008,Alta
Region A - Primeros Quince dias habiles de cada Diciembre,30025,30,25,Ayahualulco,Veracruz,Golfo Centro,X,Rios Tuxpan al Jamapa,20,sin dato,SIN SEQUIA,SIN REDUCCION,53.12,Media,58.22,Media,50.66904415,Media
Region A - Primeros Quince dias habiles de cada Diciembre,30026,30,26,Banderilla,Veracruz,Golfo Centro,X,Rios Tuxpan al Jamapa,20,sin dato,SIN SEQUIA,SIN REDUCCION,78.2,Alta,96.7,Muy Alta,27.46719496,Baja
Region A - Primeros Quince dias habiles de cada Diciembre,30027,30,27,Benito Juarez,Veracruz,Golfo Norte,IX,Rio Panuco,19,sin dato,SIN SEQUIA,SIN REDUCCION,23.03,Baja,36.04,Baja,87.29648508,Muy Alta
Region A - Primeros Quince dias habiles de cada Diciembre,30028,30,28,Boca del Rio,Veracruz,Golfo Centro,X,Rios Tuxpan al Jamapa,20,sin dato,SIN SEQUIA,SIN REDUCCION,79.19,Alta,100.0,Muy Alta,3.88576839,Muy Baja
Region A - Primeros Quince dias habiles de cada Diciembre,30029,30,29,Calcahualco,Veracruz,Golfo Centro,X,Rios Tuxpan al Jamapa,20,sin dato,SIN SEQUIA,SIN REDUCCION,50.47,Media,45.43,Media,76.98240761,Alta
Region A - Primeros Quince dias habiles de cada Diciembre,30030,30,30,Camerino Z. Mendoza,Veracruz,Golfo Centro,X,Rio Papaloapan,21,sin dato,SIN SEQUIA,SIN REDUCCION,44.94,Media,99.54,Muy Alta,40.69330899,Media
Region A - Primeros Quince dias habiles de cada Diciembre,30031,30,31,Carrillo Puerto,Veracruz,Golfo Centro,X,Rio Papaloapan,21,sin dato,SIN SEQUIA,SIN REDUCCION,73.13,Alta,36.24,Baja,98.47616259,Muy Alta
Region A - Primeros Quince dias habiles de cada Diciembre,30032,30,32,Catemaco,Veracruz,Golfo Centro,X,Rio Papaloapan,21,sin dato,SIN SEQUIA,SIN REDUCCION,7.64,Muy Baja,30.05,Baja,55.36222011,Media
Region A - Primeros Quince dias habiles de cada Diciembre,30033,30,33,Cazones,Veracruz,Golfo Centro,X,Rios Tuxpan al Jamapa,20,sin dato,SIN SEQUIA,SIN REDUCCION,34.37,Baja,30.54,Baja,40.56314595,Media
Region A - Primeros Quince dias habiles de cada Diciembre,30034,30,34,Cerro Azul,Veracruz,Golfo Centro,X,Rios Tuxpan al Jamapa,20,sin dato,SIN SEQUIA,SIN REDUCCION,20.37,Baja,30.87,Baja,18.36147449,Muy Baja
Region A - Primeros Quince dias habiles de cada Diciembre,30035,30,35,Citlaltepetl,Veracruz,Golfo Norte,IX,Rio Panuco,19,sin dato,SIN SEQUIA,SIN REDUCCION,26.66,Baja,38.53,Baja,72.83671026,Alta
Region A - Primeros Quince dias habiles de cada Diciembre,30036,30,36,Coacoatzintla,Veracruz,Golfo Centro,X,Rios Tuxpan al Jamapa,20,sin dato,SIN SEQUIA,SIN REDUCCION,69.89,Alta,87.14,Muy Alta,51.99280225,Media
Region A - Primeros Quince dias habiles de cada Diciembre,30037,30,37,Coahuitlan,Veracruz,Golfo Centro,X,Rios Tuxpan al Jamapa,20,sin dato,SIN SEQUIA,SIN REDUCCION,62.83,Alta,43.21,Media,81.39845161,Muy Alta
Region A - Primeros Quince dias habiles de cada Diciembre,30038,30,38,Coatepec,Veracruz,Golfo Centro,X,Rios Tuxpan al Jamapa,20,sin dato,SIN SEQUIA,SIN REDUCCION,54.29,Media,37.86,Baja,19.74077917,Muy Baja
Region A - Primeros Quince dias habiles de cada Diciembre,30039,30,39,Coatzacoalcos,Veracruz,Golfo Centro,X,Rio Coatzacoalcos,22,sin dato,SIN SEQUIA,SIN REDUCCION,14.09,Muy Baja,36.34,Baja,25.46080395,Baja
Region A - Primeros Quince dias habiles de cada Diciembre,30040,30,40,Coatzintla,Veracruz,Golfo Centro,X,Rios Tuxpan al Jamapa,20,sin dato,SIN SEQUIA,SIN REDUCCION,39.67,Baja,43.18,Media,14.87972953,Muy Baja
Region A - Primeros Quince dias habiles de cada Diciembre,30041,30,41,Coetzala,Veracruz,Golfo Centro,X,Rio Papaloapan,21,sin dato,SIN SEQUIA,SIN REDUCCION,76.39,Alta,77.15,Alta,97.72520528,Muy Alta
Region A - Primeros Quince dias habiles de cada Diciembre,30042,30,42,Colipa,Veracruz,Golfo Centro,X,Rios Tuxpan al Jamapa,20,sin dato,SIN SEQUIA,SIN REDUCCION,10.39,Muy Baja,8.61,Muy Baja,67.88629309,Alta
Region A - Primeros Quince dias habiles de cada Diciembre,30043,30,43,Comapa,Veracruz,Golfo Centro,X,Rios Tuxpan al Jamapa,20,sin dato,SIN SEQUIA,SIN REDUCCION,62.14,Alta,50.32,Media,98.72932549,Muy Alta
Region A - Primeros Quince dias habiles de cada Diciembre,30044,30,44,Cordoba,Veracruz,Golfo Centro,X,Rios Tuxpan al Jamapa,20,sin dato,SIN SEQUIA,SIN REDUCCION,83.62,Muy Alta,99.97,Muy Alta,21.40926802,Baja
Region A - Primeros Quince dias habiles de cada Diciembre,30045,30,45,Cosamaloapan de Carpio,Veracruz,Golfo Centro,X,Rio Papaloapan,21,sin dato,SIN SEQUIA,SIN REDUCCION,48.42,Media,70.97,Alta,45.76185239,Media
Region A - Primeros Quince dias habiles de cada Diciembre,30046,30,46,Cosautlan de Carvajal,Veracruz,Golfo Centro,X,Rios Tuxpan al Jamapa,20,sin dato,SIN SEQUIA,SIN REDUCCION,69.03,Alta,83.01,Muy Alta,58.97752323,Media
Region A - Primeros Quince dias habiles de cada Diciembre,30047,30,47,Coscomatepec,Veracruz,Golfo Centro,X,Rios Tuxpan al Jamapa,20,sin dato,SIN SEQUIA,SIN REDUCCION,73.35,Alta,90.82,Muy Alta,69.61108917,Alta
Region A - Primeros Quince dias habiles de cada Diciembre,30048,30,48,Cosoleacaque,Veracruz,Golfo Centro,X,Rio Coatzacoalcos,22,sin dato,SIN SEQUIA,SIN REDUCCION,15.9,Muy Baja,18.72,Muy Baja,7.136103911,Muy Baja
Region A - Primeros Quince dias habiles de cada Diciembre,30049,30,49,Cotaxtla,Veracruz,Golfo Centro,X,Rio Papaloapan,21,sin dato,SIN SEQUIA,SIN REDUCCION,96.26,Muy Alta,33.6,Baja,90.66579712,Muy Alta
Region A - Primeros Quince dias habiles de cada Diciembre,30050,30,50,Coxquihui,Veracruz,Golfo Centro,X,Rios Tuxpan al Jamapa,20,sin dato,SIN SEQUIA,SIN REDUCCION,63.05,Alta,63.49,Alta,92.35158311,Muy Alta
Region A - Primeros Quince dias habiles de cada Diciembre,30051,30,51,Coyutla,Veracruz,Golfo Centro,X,Rios Tuxpan al Jamapa,20,sin dato,SIN SEQUIA,SIN REDUCCION,97.64,Muy Alta,57.1,Media,81.17030398,Muy Alta
Region A - Primeros Quince dias habiles de cada Diciembre,30052,30,52,Cuichapa,Veracruz,Golfo Centro,X,Rio Papaloapan,21,sin dato,SIN SEQUIA,SIN REDUCCION,89.28,Muy Alta,81.81,Muy Alta,65.07107841,Alta
Region A - Primeros Quince dias habiles de cada Diciembre,30053,30,53,Cuitlahuac,Veracruz,Golfo Centro,X,Rio Papaloapan,21,sin dato,SIN SEQUIA,SIN REDUCCION,73.25,Alta,91.66,Muy Alta,35.29632383,Baja
Region A - Primeros Quince dias habiles de cada Diciembre,30054,30,54,Chacaltianguis,Veracruz,Golfo Centro,X,Rio Papaloapan,21,sin dato,SIN SEQUIA,SIN REDUCCION,54.41,Media,64.11,Alta,48.8867863,Media
Region A - Primeros Quince dias habiles de cada Diciembre,30055,30,55,Chalma,Veracruz,Golfo Norte,IX,Rio Panuco,19,sin dato,SIN SEQUIA,SIN REDUCCION,82.25,Muy Alta,46.14,Media,94.647933,Muy Alta
Region A - Primeros Quince dias habiles de cada Diciembre,30056,30,56,Chiconamel,Veracruz,Golfo Norte,IX,Rio Panuco,19,sin dato,SIN SEQUIA,SIN REDUCCION,43.36,Media,38.16,Baja,82.53691526,Muy Alta
Region C - Primeros 8 dias habiles de CADA MES,30057,30,57,Chiconquiaco,Veracruz,Golfo Centro,X,Rios Tuxpan al Jamapa,20,sin dato,SIN SEQUIA,SIN REDUCCION,57.86,Media,62.81,Alta,75.75147682,Alta
Region C - Primeros 8 dias habiles de CADA MES,30058,30,58,Chicontepec,Veracruz,Golfo Norte,IX,Rio Panuco,19,sin dato,SIN SEQUIA,SIN REDUCCION,17.85,Muy Baja,64.72,Alta,57.73006732,Media
Region A - Primeros Quince dias habiles de cada Diciembre,30059,30,59,Chinameca,Veracruz,Golfo Centro,X,Rio Coatzacoalcos,22,sin dato,SIN SEQUIA,SIN REDUCCION,14.89,Muy Baja,35.31,Baja,29.39897412,Baja
Region A - Primeros Quince dias habiles de cada Diciembre,30060,30,60,Chinampa de Gorostiza,Veracruz,Golfo Norte,IX,Rio Panuco,19,sin dato,SIN SEQUIA,SIN REDUCCION,42.93,Media,33.18,Baja,85.74862559,Muy Alta
Region C - Primeros 8 dias habiles de CADA MES,30061,30,61,Las Choapas,Veracruz,Golfo Centro,X,Rio Coatzacoalcos,22,sin dato,SIN SEQUIA,SIN REDUCCION,10.75,Muy Baja,90.84,Muy Alta,51.81099407,Media
Region A - Primeros Quince dias habiles de cada Diciembre,30062,30,62,Chocaman,Veracruz,Golfo Centro,X,Rios Tuxpan al Jamapa,20,sin dato,SIN SEQUIA,SIN REDUCCION,91.07,Muy Alta,97.84,Muy Alta,81.55729039,Muy Alta
Region A - Primeros Quince dias habiles de cada Diciembre,30063,30,63,Chontla,Veracruz,Golfo Norte,IX,Rio Panuco,19,sin dato,SIN SEQUIA,SIN REDUCCION,38.7,Baja,49.58,Media,30.27101044,Baja
Region A - Primeros Quince dias habiles de cada Diciembre,30064,30,64,Chumatlan,Veracruz,Golfo Centro,X,Rios Tuxpan al Jamapa,20,sin dato,SIN SEQUIA,SIN REDUCCION,70.65,Alta,35.24,Baja,87.92557824,Muy Alta
Region A - Primeros Quince dias habiles de cada Diciembre,30065,30,65,Emiliano Zapata,Veracruz,Golfo Centro,X,Rios Tuxpan al Jamapa,20,sin dato,SIN SEQUIA,SIN REDUCCION,63.17,Alta,40.94,Media,34.84303578,Baja
Region C - Primeros 8 dias habiles de CADA MES,30066,30,66,Espinal,Veracruz,Golfo Centro,X,Rios Tuxpan al Jamapa,20,sin dato,SIN SEQUIA,SIN REDUCCION,78.05,Alta,58.45,Media,74.92836402,Alta
Region A - Primeros Quince dias habiles de cada Diciembre,30067,30,67,Filomeno Mata,Veracruz,Golfo Centro,X,Rios Tuxpan al Jamapa,20,sin dato,SIN SEQUIA,SIN REDUCCION,99.94,Muy Alta,45.96,Media,82.9600564,Muy Alta
Region A - Primeros Quince dias habiles de cada Diciembre,30068,30,68,Fortin,Veracruz,Golfo Centro,X,Rio Papaloapan,21,sin dato,SIN SEQUIA,SIN REDUCCION,77.78,Alta,99.24,Muy Alta,33.96873227,Baja
Region A - Primeros Quince dias habiles de cada Diciembre,30069,30,69,Gutierrez Zamora,Veracruz,Golfo Centro,X,Rios Tuxpan al Jamapa,20,sin dato,SIN SEQUIA,SIN REDUCCION,63.28,Alta,80.46,Muy Alta,50.79991343,Media
Region C - Primeros 8 dias habiles de CADA MES,30070,30,70,Hidalgotitlan,Veracruz,Golfo Centro,X,Rio Coatzacoalcos,22,sin dato,SIN SEQUIA,SIN REDUCCION,14.18,Muy Baja,36.96,Baja,78.78136668,Alta
Region A - Primeros Quince dias habiles de cada Diciembre,30071,30,71,Huatusco,Veracruz,Golfo Centro,X,Rios Tuxpan al Jamapa,20,sin dato,SIN SEQUIA,SIN REDUCCION,68.25,Alta,83.8,Muy Alta,58.1799682,Media
Region A - Primeros Quince dias habiles de cada Diciembre,30072,30,72,Huayacocotla,Veracruz,Golfo Centro,X,Rios Tuxpan al Jamapa,19,sin dato,SIN SEQUIA,SIN REDUCCION,8.37,Muy Baja,13.68,Muy Baja,54.50921586,Media
Region A - Primeros Quince dias habiles de cada Diciembre,30073,30,73,Hueyapan de Ocampo,Veracruz,Golfo Centro,X,Rio Papaloapan,21,sin dato,SIN SEQUIA,SIN REDUCCION,54.92,Media,77.97,Alta,62.66726338,Alta
Region A - Primeros Quince dias habiles de cada Diciembre,30074,30,74,Huiloapan,Veracruz,Golfo Centro,X,Rio Papaloapan,21,sin dato,SIN SEQUIA,SIN REDUCCION,37.22,Baja,89.81,Muy Alta,26.95551581,Baja
Region A - Primeros Quince dias habiles de cada Diciembre,30075,30,75,Ignacio de la Llave,Veracruz,Golfo Centro,X,Rio Papaloapan,21,sin dato,SIN SEQUIA,SIN REDUCCION,27.15,Baja,53.07,Media,71.39299152,Alta
Region A - Primeros Quince dias habiles de cada Diciembre,30076,30,76,Ilamatlan,Veracruz,Golfo Norte,IX,Rio Panuco,19,sin dato,SIN SEQUIA,SIN REDUCCION,27.74,Baja,7.55,Muy Baja,95.99324116,Muy Alta
Region A - Primeros Quince dias habiles de cada Diciembre,30077,30,77,Isla,Veracruz,Golfo Centro,X,Rio Papaloapan,21,D0,PRE-ALERTA,10%,48.53,Media,79.49,Alta,60.99690855,Alta
Region A - Primeros Quince dias habiles de cada Diciembre,30078,30,78,Ixcatepec,Veracruz,Golfo Norte,IX,Rio Panuco,19,sin dato,SIN SEQUIA,SIN REDUCCION,29.26,Baja,43.77,Media,91.83893257,Muy Alta
Region A - Primeros Quince dias habiles de cada Diciembre,30079,30,79,Ixhuacan de los Reyes,Veracruz,Golfo Centro,X,Rios Tuxpan al Jamapa,20,sin dato,SIN SEQUIA,SIN REDUCCION,64.14,Alta,67.2,Alta,63.32701805,Alta
Region A - Primeros Quince dias habiles de cada Diciembre,30080,30,80,Ixhuatlan del Cafe,Veracruz,Golfo Centro,X,Rios Tuxpan al Jamapa,20,sin dato,SIN SEQUIA,SIN REDUCCION,83.02,Muy Alta,84.33,Muy Alta,75.58493104,Alta
Region A - Primeros Quince dias habiles de cada Diciembre,30081,30,81,Ixhuatlancillo,Veracruz,Golfo Centro,X,Rio Papaloapan,21,sin dato,SIN SEQUIA,SIN REDUCCION,72.77,Alta,95.68,Muy Alta,49.55556946,Media
Region C - Primeros 8 dias habiles de CADA MES,30082,30,82,Ixhuatlan del Sureste,Veracruz,Golfo Centro,X,Rio Coatzacoalcos,22,sin dato,SIN SEQUIA,SIN REDUCCION,12.17,Muy Baja,8.91,Muy Baja,26.49049438,Baja
Region A - Primeros Quince dias habiles de cada Diciembre,30083,30,83,Ixhuatlan de Madero,Veracruz,Golfo Centro,X,Rios Tuxpan al Jamapa,20,sin dato,SIN SEQUIA,SIN REDUCCION,27.94,Baja,22.6,Baja,63.69953067,Alta
Region A - Primeros Quince dias habiles de cada Diciembre,30084,30,84,Ixmatlahuacan,Veracruz,Golfo Centro,X,Rio Papaloapan,21,sin dato,SIN SEQUIA,SIN REDUCCION,97.12,Muy Alta,43.76,Media,79.4298436,Alta
Region A - Primeros Quince dias habiles de cada Diciembre,30085,30,85,Ixtaczoquitlan,Veracruz,Golfo Centro,X,Rio Papaloapan,21,sin dato,SIN SEQUIA,SIN REDUCCION,50.82,Media,93.47,Muy Alta,6.194315731,Muy Baja
Region A - Primeros Quince dias habiles de cada Diciembre,30086,30,86,Jalacingo,Veracruz,Golfo Centro,X,Rios Tuxpan al Jamapa,20,sin dato,SIN SEQUIA,SIN REDUCCION,40.48,Media,98.86,Muy Alta,29.2427312,Baja
Region A - Primeros Quince dias habiles de cada Diciembre,30087,30,87,Xalapa,Veracruz,Golfo Centro,X,Rios Tuxpan al Jamapa,20,sin dato,SIN SEQUIA,SIN REDUCCION,55.41,Media,99.99,Muy Alta,3.603859855,Muy Baja
Region A - Primeros Quince dias habiles de cada Diciembre,30088,30,88,Jalcomulco,Veracruz,Golfo Centro,X,Rios Tuxpan al Jamapa,20,sin dato,SIN SEQUIA,SIN REDUCCION,57.37,Media,64.04,Alta,43.99429262,Media
Region A - Primeros Quince dias habiles de cada Diciembre,30089,30,89,Jaltipan,Veracruz,Golfo Centro,X,Rio Coatzacoalcos,22,sin dato,SIN SEQUIA,SIN REDUCCION,14.69,Muy Baja,28.29,Baja,22.36720415,Baja
Region A - Primeros Quince dias habiles de cada Diciembre,30090,30,90,Jamapa,Veracruz,Golfo Centro,X,Rio Papaloapan,21,sin dato,SIN SEQUIA,SIN REDUCCION,70.56,Alta,70.09,Alta,72.70687385,Alta
Region A - Primeros Quince dias habiles de cada Diciembre,30091,30,91,Jesus Carranza,Veracruz,Golfo Centro,X,Rio Coatzacoalcos,22,sin dato,SIN SEQUIA,SIN REDUCCION,22.69,Baja,50.79,Media,61.15350153,Alta
Region A - Primeros Quince dias habiles de cada Diciembre,30092,30,92,Xico,Veracruz,Golfo Centro,X,Rios Tuxpan al Jamapa,20,sin dato,SIN SEQUIA,SIN REDUCCION,40.78,Media,62.77,Alta,37.61058301,Baja
Region A - Primeros Quince dias habiles de cada Diciembre,30093,30,93,Jilotepec,Veracruz,Golfo Centro,X,Rios Tuxpan al Jamapa,20,sin dato,SIN SEQUIA,SIN REDUCCION,90.47,Muy Alta,69.63,Alta,50.57594596,Media
Region A - Primeros Quince dias habiles de cada Diciembre,30094,30,94,Juan Rodriguez Clara,Veracruz,Golfo Centro,X,Rio Papaloapan,21,sin dato,SIN SEQUIA,SIN REDUCCION,44.09,Media,73.8,Alta,78.09295722,Alta
Region A - Primeros Quince dias habiles de cada Diciembre,30095,30,95,Juchique de Ferrer,Veracruz,Golfo Centro,X,Rios Tuxpan al Jamapa,20,sin dato,SIN SEQUIA,SIN REDUCCION,35.53,Baja,38.61,Baja,69.47152629,Alta
Region A - Primeros Quince dias habiles de cada Diciembre,30096,30,96,Landero y Coss,Veracruz,Golfo Centro,X,Rios Tuxpan al Jamapa,20,sin dato,SIN SEQUIA,SIN REDUCCION,84.31,Muy Alta,41.36,Media,41.27170023,Media
Region A - Primeros Quince dias habiles de cada Diciembre,30097,30,97,Lerdo de Tejada,Veracruz,Golfo Centro,X,Rio Papaloapan,21,sin dato,SIN SEQUIA,SIN REDUCCION,32.97,Baja,50.43,Media,30.10361736,Baja
Region A - Primeros Quince dias habiles de cada Diciembre,30098,30,98,Magdalena,Veracruz,Golfo Centro,X,Rio Papaloapan,21,D1,PRE-ALERTA,15%,96.58,Muy Alta,78.17,Alta,52.70899022,Media
Region A - Primeros Quince dias habiles de cada Diciembre,30099,30,99,Maltrata,Veracruz,Golfo Centro,X,Rio Papaloapan,21,sin dato,SIN SEQUIA,SIN REDUCCION,89.94,Muy Alta,74.77,Alta,92.37332866,Muy Alta
Region A - Primeros Quince dias habiles de cada Diciembre,30100,30,100,Manlio Fabio Altamirano,Veracruz,Golfo Centro,X,Rios Tuxpan al Jamapa,20,sin dato,SIN SEQUIA,SIN REDUCCION,94.41,Muy Alta,18.91,Muy Baja,67.22419595,Alta
Region A - Primeros Quince dias habiles de cada Diciembre,30101,30,101,Mariano Escobedo,Veracruz,Golfo Centro,X,Rio Papaloapan,21,sin dato,SIN SEQUIA,SIN REDUCCION,93.42,Muy Alta,99.51,Muy Alta,74.07709676,Alta
Region C - Primeros 8 dias habiles de CADA MES,30102,30,102,Martinez de la Torre,Veracruz,Golfo Centro,X,Rios Tuxpan al Jamapa,20,sin dato,SIN SEQUIA,SIN REDUCCION,16.12,Muy Baja,99.0,Muy Alta,20.1510893,Baja
Region A - Primeros Quince dias habiles de cada Diciembre,30103,30,103,Mecatlan,Veracruz,Golfo Centro,X,Rios Tuxpan al Jamapa,20,sin dato,SIN SEQUIA,SIN REDUCCION,53.83,Media,34.6,Baja,92.01058327,Muy Alta
Region A - Primeros Quince dias habiles de cada Diciembre,30104,30,104,Mecayapan,Veracruz,Golfo Centro,X,Rio Coatzacoalcos,22,sin dato,SIN SEQUIA,SIN REDUCCION,26.83,Baja,29.89,Baja,91.71527907,Muy Alta
Region A - Primeros Quince dias habiles de cada Diciembre,30105,30,105,Medellin,Veracruz,Golfo Centro,X,Rio Papaloapan,21,sin dato,SIN SEQUIA,SIN REDUCCION,82.94,Muy Alta,43.55,Media,42.93288036,Media
Region A - Primeros Quince dias habiles de cada Diciembre,30106,30,106,Miahuatlan,Veracruz,Golfo Centro,X,Rios Tuxpan al Jamapa,20,sin dato,SIN SEQUIA,SIN REDUCCION,65.51,Alta,51.63,Media,50.48712236,Media
Region A - Primeros Quince dias habiles de cada Diciembre,30107,30,107,Las Minas,Veracruz,Golfo Centro,X,Rios Tuxpan al Jamapa,20,sin dato,SIN SEQUIA,SIN REDUCCION,34.32,Baja,28.66,Baja,65.53202468,Alta
Region A - Primeros Quince dias habiles de cada Diciembre,30108,30,108,Minatitlan,Veracruz,Golfo Centro,X,Rio Coatzacoalcos,22,sin dato,SIN SEQUIA,SIN REDUCCION,12.32,Muy Baja,38.4,Baja,17.24362756,Muy Baja
Region C - Primeros 8 dias habiles de CADA MES,30109,30,109,Misantla,Veracruz,Golfo Centro,X,Rios Tuxpan al Jamapa,20,sin dato,SIN SEQUIA,SIN REDUCCION,15.58,Muy Baja,21.84,Baja,14.96037555,Muy Baja
Region A - Primeros Quince dias habiles de cada Diciembre,30110,30,110,Mixtla de Altamirano,Veracruz,Golfo Centro,X,Rio Papaloapan,21,sin dato,SIN SEQUIA,SIN REDUCCION,87.09,Muy Alta,72.66,Alta,99.97294575,Muy Alta
Region A - Primeros Quince dias habiles de cada Diciembre,30111,30,111,Moloacan,Veracruz,Golfo Centro,X,Rio Coatzacoalcos,22,sin dato,SIN SEQUIA,SIN REDUCCION,13.94,Muy Baja,4.45,Muy Baja,14.92403996,Muy Baja
Region A - Primeros Quince dias habiles de cada Diciembre,30112,30,112,Naolinco,Veracruz,Golfo Centro,X,Rios Tuxpan al Jamapa,20,sin dato,SIN SEQUIA,SIN REDUCCION,63.66,Alta,62.99,Alta,21.89090649,Baja
Region A - Primeros Quince dias habiles de cada Diciembre,30113,30,113,Naranjal,Veracruz,Golfo Centro,X,Rio Papaloapan,21,sin dato,SIN SEQUIA,SIN REDUCCION,76.74,Alta,72.7,Alta,84.39813493,Muy Alta
Region C - Primeros 8 dias habiles de CADA MES,30114,30,114,Nautla,Veracruz,Golfo Centro,X,Rios Tuxpan al Jamapa,20,sin dato,SIN SEQUIA,SIN REDUCCION,12.97,Muy Baja,16.03,Muy Baja,7.879585563,Muy Baja
Region A - Primeros Quince dias habiles de cada Diciembre,30115,30,115,Nogales,Veracruz,Golfo Centro,X,Rio Papaloapan,21,sin dato,SIN SEQUIA,SIN REDUCCION,23.75,Baja,90.7,Muy Alta,30.49142436,Baja
Region A - Primeros Quince dias habiles de cada Diciembre,30116,30,116,Oluta,Veracruz,Golfo Centro,X,Rio Coatzacoalcos,22,sin dato,SIN SEQUIA,SIN REDUCCION,24.51,Baja,41.69,Media,28.50531711,Baja
Region A - Primeros Quince dias habiles de cada Diciembre,30117,30,117,Omealca,Veracruz,Golfo Centro,X,Rio Papaloapan,21,sin dato,SIN SEQUIA,SIN REDUCCION,50.92,Media,39.32,Baja,45.15617112,Media
Region A - Primeros Quince dias habiles de cada Diciembre,30118,30,118,Orizaba,Veracruz,Golfo Centro,X,Rio Papaloapan,21,sin dato,SIN SEQUIA,SIN REDUCCION,31.15,Baja,100.0,Muy Alta,3.474108916,Muy Baja
Region A - Primeros Quince dias habiles de cada Diciembre,30119,30,119,Otatitlan,Veracruz,Golfo Centro,X,Rio Papaloapan,21,sin dato,SIN SEQUIA,SIN REDUCCION,49.09,Media,67.93,Alta,25.70914725,Baja
Region A - Primeros Quince dias habiles de cada Diciembre,30120,30,120,Oteapan,Veracruz,Golfo Centro,X,Rio Coatzacoalcos,22,sin dato,SIN SEQUIA,SIN REDUCCION,9.94,Muy Baja,28.61,Baja,18.16426514,Muy Baja
Region A - Primeros Quince dias habiles de cada Diciembre,30121,30,121,Ozuluama de Mascarenas,Veracruz,Golfo Norte,IX,Rio Panuco,19,sin dato,SIN SEQUIA,SIN REDUCCION,26.67,Baja,33.72,Baja,70.67570968,Alta
Region A - Primeros Quince dias habiles de cada Diciembre,30122,30,122,Pajapan,Veracruz,Golfo Centro,X,Rio Coatzacoalcos,22,sin dato,SIN SEQUIA,SIN REDUCCION,9.4,Muy Baja,23.06,Baja,46.50891699,Media
Region A - Primeros Quince dias habiles de cada Diciembre,30123,30,123,Panuco,Veracruz,Golfo Norte,IX,Rio Panuco,19,sin dato,SIN SEQUIA,SIN REDUCCION,32.92,Baja,30.97,Baja,2.777589818,Muy Baja
Region C - Primeros 8 dias habiles de CADA MES,30124,30,124,Papantla,Veracruz,Golfo Centro,X,Rios Tuxpan al Jamapa,20,sin dato,SIN SEQUIA,SIN REDUCCION,43.63,Media,15.88,Muy Baja,30.57065688,Baja
Region A - Primeros Quince dias habiles de cada Diciembre,30125,30,125,Paso del Macho,Veracruz,Golfo Centro,X,Rios Tuxpan al Jamapa,20,sin dato,SIN SEQUIA,SIN REDUCCION,69.65,Alta,63.16,Alta,72.68443462,Alta
Region A - Primeros Quince dias habiles de cada Diciembre,30126,30,126,Paso de Ovejas,Veracruz,Golfo Centro,X,Rios Tuxpan al Jamapa,20,sin dato,SIN SEQUIA,SIN REDUCCION,55.35,Media,3.75,Muy Baja,33.8923972,Baja
Region A - Primeros Quince dias habiles de cada Diciembre,30127,30,127,La Perla,Veracruz,Golfo Centro,X,Rio Papaloapan,21,sin dato,SIN SEQUIA,SIN REDUCCION,31.79,Baja,61.54,Alta,75.09900971,Alta
Region A - Primeros Quince dias habiles de cada Diciembre,30128,30,128,Perote,Veracruz,Golfo Centro,X,Rio Balsas,9,sin dato,SIN SEQUIA,SIN REDUCCION,51.54,Media,72.25,Alta,12.4056787,Muy Baja
Region A - Primeros Quince dias habiles de cada Diciembre,30129,30,129,Platon Sanchez,Veracruz,Golfo Norte,IX,Rio Panuco,19,sin dato,SIN SEQUIA,SIN REDUCCION,64.97,Alta,54.09,Media,15.4179682,Muy Baja
Region A - Primeros Quince dias habiles de cada Diciembre,30130,30,130,Playa Vicente,Veracruz,Golfo Centro,X,Rio Papaloapan,21,sin dato,SIN SEQUIA,SIN REDUCCION,52.65,Media,84.27,Muy Alta,35.46123005,Baja
Region A - Primeros Quince dias habiles de cada Diciembre,30131,30,131,Poza Rica de Hidalgo,Veracruz,Golfo Centro,X,Rios Tuxpan al Jamapa,20,sin dato,SIN SEQUIA,SIN REDUCCION,43.75,Media,99.77,Muy Alta,5.329288199,Muy Baja
Region A - Primeros Quince dias habiles de cada Diciembre,30132,30,132,Las Vigas de Ramirez,Veracruz,Golfo Centro,X,Rios Tuxpan al Jamapa,20,sin dato,SIN SEQUIA,SIN REDUCCION,57.62,Media,51.5,Media,44.10935126,Media
Region A - Primeros Quince dias habiles de cada Diciembre,30133,30,133,Pueblo Viejo,Veracruz,Golfo Norte,IX,Rio Panuco,19,sin dato,SIN SEQUIA,SIN REDUCCION,51.24,Media,47.87,Media,39.51325955,Baja
Region A - Primeros Quince dias habiles de cada Diciembre,30134,30,134,Puente Nacional,Veracruz,Golfo Centro,X,Rios Tuxpan al Jamapa,20,sin dato,SIN SEQUIA,SIN REDUCCION,62.67,Alta,10.68,Muy Baja,37.91250982,Baja
Region A - Primeros Quince dias habiles de cada Diciembre,30135,30,135,Rafael Delgado,Veracruz,Golfo Centro,X,Rio Papaloapan,21,sin dato,SIN SEQUIA,SIN REDUCCION,80.62,Muy Alta,53.66,Media,51.36496662,Media
Region A - Primeros Quince dias habiles de cada Diciembre,30136,30,136,Rafael Lucio,Veracruz,Golfo Centro,X,Rios Tuxpan al Jamapa,20,sin dato,SIN SEQUIA,SIN REDUCCION,68.55,Alta,89.01,Muy Alta,38.70732406,Baja
Region A - Primeros Quince dias habiles de cada Diciembre,30137,30,137,Los Reyes,Veracruz,Golfo Centro,X,Rio Papaloapan,21,sin dato,SIN SEQUIA,SIN REDUCCION,83.59,Muy Alta,74.82,Alta,91.48554659,Muy Alta
Region A - Primeros Quince dias habiles de cada Diciembre,30138,30,138,Rio Blanco,Veracruz,Golfo Centro,X,Rio Papaloapan,21,sin dato,SIN SEQUIA,SIN REDUCCION,25.74,Baja,99.98,Muy Alta,20.53077977,Baja
Region A - Primeros Quince dias habiles de cada Diciembre,30139,30,139,Saltabarranca,Veracruz,Golfo Centro,X,Rio Papaloapan,21,sin dato,SIN SEQUIA,SIN REDUCCION,37.07,Baja,37.47,Baja,23.50919668,Baja
Region A - Primeros Quince dias habiles de cada Diciembre,30140,30,140,San Andres Tenejapan,Veracruz,Golfo Centro,X,Rio Papaloapan,21,sin dato,SIN SEQUIA,SIN REDUCCION,100.0,Muy Alta,81.46,Muy Alta,58.42331983,Media
Region A - Primeros Quince dias habiles de cada Diciembre,30141,30,141,San Andres Tuxtla,Veracruz,Golfo Centro,X,Rio Papaloapan,21,sin dato,SIN SEQUIA,SIN REDUCCION,13.04,Muy Baja,20.97,Baja,21.0658018,Baja
Region A - Primeros Quince dias habiles de cada Diciembre,30142,30,142,San Juan Evangelista,Veracruz,Golfo Centro,X,Rio Papaloapan,21,sin dato,SIN SEQUIA,SIN REDUCCION,30.43,Baja,55.12,Media,26.39348748,Baja
Region A - Primeros Quince dias habiles de cada Diciembre,30143,30,143,Santiago Tuxtla,Veracruz,Golfo Centro,X,Rio Papaloapan,21,sin dato,SIN SEQUIA,SIN REDUCCION,41.73,Media,35.69,Baja,31.30083758,Baja
Region A - Primeros Quince dias habiles de cada Diciembre,30144,30,144,Sayula de Aleman,Veracruz,Golfo Centro,X,Rio Coatzacoalcos,22,sin dato,SIN SEQUIA,SIN REDUCCION,34.75,Baja,33.55,Baja,59.59124434,Media
Region A - Primeros Quince dias habiles de cada Diciembre,30145,30,145,Soconusco,Veracruz,Golfo Centro,X,Rio Coatzacoalcos,22,sin dato,SIN SEQUIA,SIN REDUCCION,16.91,Muy Baja,37.55,Baja,21.84497397,Baja
Region A - Primeros Quince dias habiles de cada Diciembre,30146,30,146,Sochiapa,Veracruz,Golfo Centro,X,Rios Tuxpan al Jamapa,20,sin dato,SIN SEQUIA,SIN REDUCCION,69.89,Alta,76.12,Alta,25.65594858,Baja
Region A - Primeros Quince dias habiles de cada Diciembre,30147,30,147,Soledad Atzompa,Veracruz,Golfo Centro,X,Rio Papaloapan,21,sin dato,SIN SEQUIA,SIN REDUCCION,67.7,Alta,42.63,Media,65.05234854,Alta
Region A - Primeros Quince dias habiles de cada Diciembre,30148,30,148,Soledad de Doblado,Veracruz,Golfo Centro,X,Rios Tuxpan al Jamapa,20,sin dato,SIN SEQUIA,SIN REDUCCION,69.4,Alta,45.38,Media,74.07976474,Alta
Region A - Primeros Quince dias habiles de cada Diciembre,30149,30,149,Soteapan,Veracruz,Golfo Centro,X,Rio Coatzacoalcos,22,sin dato,SIN SEQUIA,SIN REDUCCION,13.08,Muy Baja,17.07,Muy Baja,80.62771349,Muy Alta
Region A - Primeros Quince dias habiles de cada Diciembre,30150,30,150,Tamalin,Veracruz,Golfo Norte,IX,Rio Panuco,19,sin dato,SIN SEQUIA,SIN REDUCCION,22.66,Baja,43.57,Media,49.11413848,Media
Region A - Primeros Quince dias habiles de cada Diciembre,30151,30,151,Tamiahua,Veracruz,Golfo Norte,IX,Rio Panuco,19,sin dato,SIN SEQUIA,SIN REDUCCION,24.93,Baja,47.29,Media,41.84771678,Media
Region A - Primeros Quince dias habiles de cada Diciembre,30152,30,152,Tampico Alto,Veracruz,Golfo Norte,IX,Rio Panuco,19,sin dato,SIN SEQUIA,SIN REDUCCION,26.17,Baja,23.81,Baja,81.58473038,Muy Alta
Region A - Primeros Quince dias habiles de cada Diciembre,30153,30,153,Tancoco,Veracruz,Golfo Norte,IX,Rio Panuco,19,sin dato,SIN SEQUIA,SIN REDUCCION,22.37,Baja,30.2,Baja,12.94342722,Muy Baja
Region A - Primeros Quince dias habiles de cada Diciembre,30154,30,154,Tantima,Veracruz,Golfo Norte,IX,Rio Panuco,19,sin dato,SIN SEQUIA,SIN REDUCCION,49.72,Media,26.88,Baja,55.36689514,Media
Region A - Primeros Quince dias habiles de cada Diciembre,30155,30,155,Tantoyuca,Veracruz,Golfo Norte,IX,Rio Panuco,19,sin dato,SIN SEQUIA,SIN REDUCCION,31.21,Baja,58.92,Media,89.47268098,Muy Alta
Region A - Primeros Quince dias habiles de cada Diciembre,30156,30,156,Tatatila,Veracruz,Golfo Centro,X,Rios Tuxpan al Jamapa,20,sin dato,SIN SEQUIA,SIN REDUCCION,51.24,Media,43.17,Media,60.23054648,Alta
Region A - Primeros Quince dias habiles de cada Diciembre,30157,30,157,Castillo de Teayo,Veracruz,Golfo Centro,X,Rios Tuxpan al Jamapa,20,sin dato,SIN SEQUIA,SIN REDUCCION,36.04,Baja,43.15,Media,83.18666461,Muy Alta
Region C - Primeros 8 dias habiles de CADA MES,30158,30,158,Tecolutla,Veracruz,Golfo Centro,X,Rios Tuxpan al Jamapa,20,sin dato,SIN SEQUIA,SIN REDUCCION,40.86,Media,58.29,Media,49.31410485,Media
Region A - Primeros Quince dias habiles de cada Diciembre,30159,30,159,Tehuipango,Veracruz,Golfo Centro,X,Rio Papaloapan,21,sin dato,SIN SEQUIA,SIN REDUCCION,87.07,Muy Alta,67.48,Alta,99.83295338,Muy Alta
Region A - Primeros Quince dias habiles de cada Diciembre,30160,30,160,Temapache,Veracruz,Golfo Centro,X,Rios Tuxpan al Jamapa,20,sin dato,SIN SEQUIA,SIN REDUCCION,20.3,Baja,95.03,Muy Alta,29.48900937,Baja
Region A - Primeros Quince dias habiles de cada Diciembre,30161,30,161,Tempoal,Veracruz,Golfo Norte,IX,Rio Panuco,19,sin dato,SIN SEQUIA,SIN REDUCCION,76.48,Alta,45.39,Media,72.88670542,Alta
Region A - Primeros Quince dias habiles de cada Diciembre,30162,30,162,Tenampa,Veracruz,Golfo Centro,X,Rios Tuxpan al Jamapa,20,sin dato,SIN SEQUIA,SIN REDUCCION,77.46,Alta,71.96,Alta,88.37638325,Muy Alta
Region A - Primeros Quince dias habiles de cada Diciembre,30163,30,163,Tenochtitlan,Veracruz,Golfo Centro,X,Rios Tuxpan al Jamapa,20,sin dato,SIN SEQUIA,SIN REDUCCION,16.28,Muy Baja,9.21,Muy Baja,29.88211328,Baja
Region A - Primeros Quince dias habiles de cada Diciembre,30164,30,164,Teocelo,Veracruz,Golfo Centro,X,Rios Tuxpan al Jamapa,20,sin dato,SIN SEQUIA,SIN REDUCCION,49.36,Media,71.29,Alta,20.25849184,Baja
Region A - Primeros Quince dias habiles de cada Diciembre,30165,30,165,Tepatlaxco,Veracruz,Golfo Centro,X,Rios Tuxpan al Jamapa,20,sin dato,SIN SEQUIA,SIN REDUCCION,99.85,Muy Alta,84.35,Muy Alta,97.80828292,Muy Alta
Region A - Primeros Quince dias habiles de cada Diciembre,30166,30,166,Tepetlan,Veracruz,Golfo Centro,X,Rios Tuxpan al Jamapa,20,sin dato,SIN SEQUIA,SIN REDUCCION,85.56,Muy Alta,64.33,Alta,71.10921638,Alta
Region A - Primeros Quince dias habiles de cada Diciembre,30167,30,167,Tepetzintla,Veracruz,Golfo Centro,X,Rios Tuxpan al Jamapa,20,sin dato,SIN SEQUIA,SIN REDUCCION,27.27,Baja,21.94,Baja,40.17898919,Media
Region A - Primeros Quince dias habiles de cada Diciembre,30168,30,168,Tequila,Veracruz,Golfo Centro,X,Rio Papaloapan,21,sin dato,SIN SEQUIA,SIN REDUCCION,86.39,Muy Alta,74.37,Alta,95.5898109,Muy Alta
Region A - Primeros Quince dias habiles de cada Diciembre,30169,30,169,Jose Azueta,Veracruz,Golfo Centro,X,Rio Papaloapan,21,sin dato,SIN SEQUIA,SIN REDUCCION,39.51,Baja,90.37,Muy Alta,50.00505623,Media
Region A - Primeros Quince dias habiles de cada Diciembre,30170,30,170,Texcatepec,Veracruz,Golfo Centro,X,Rios Tuxpan al Jamapa,20,sin dato,SIN SEQUIA,SIN REDUCCION,61.14,Alta,4.58,Muy Baja,93.8511439,Muy Alta
Region A - Primeros Quince dias habiles de cada Diciembre,30171,30,171,Texhuacan,Veracruz,Golfo Centro,X,Rio Papaloapan,21,sin dato,SIN SEQUIA,SIN REDUCCION,99.97,Muy Alta,84.67,Muy Alta,93.18197917,Muy Alta
Region A - Primeros Quince dias habiles de cada Diciembre,30172,30,172,Texistepec,Veracruz,Golfo Centro,X,Rio Coatzacoalcos,22,sin dato,SIN SEQUIA,SIN REDUCCION,24.51,Baja,35.33,Baja,74.35236215,Alta
Region A - Primeros Quince dias habiles de cada Diciembre,30173,30,173,Tezonapa,Veracruz,Golfo Centro,X,Rio Papaloapan,21,sin dato,SIN SEQUIA,SIN REDUCCION,98.04,Muy Alta,93.53,Muy Alta,95.53870803,Muy Alta
Region A - Primeros Quince dias habiles de cada Diciembre,30174,30,174,Tierra Blanca,Veracruz,Golfo Centro,X,Rio Papaloapan,21,sin dato,SIN SEQUIA,SIN REDUCCION,46.44,Media,17.75,Muy Baja,40.0284933,Media
Region C - Primeros 8 dias habiles de CADA MES,30175,30,175,Tihuatlan,Veracruz,Golfo Centro,X,Rios Tuxpan al Jamapa,20,sin dato,SIN SEQUIA,SIN REDUCCION,28.69,Baja,24.26,Baja,24.92104596,Baja
Region A - Primeros Quince dias habiles de cada Diciembre,30176,30,176,Tlacojalpan,Veracruz,Golfo Centro,X,Rio Papaloapan,21,sin dato,SIN SEQUIA,SIN REDUCCION,55.04,Media,61.27,Alta,46.45864676,Media
Region A - Primeros Quince dias habiles de cada Diciembre,30177,30,177,Tlacolulan,Veracruz,Golfo Centro,X,Rios Tuxpan al Jamapa,20,sin dato,SIN SEQUIA,SIN REDUCCION,51.94,Media,50.43,Media,38.37113493,Baja
Region A - Primeros Quince dias habiles de cada Diciembre,30178,30,178,Tlacotalpan,Veracruz,Golfo Centro,X,Rio Papaloapan,21,sin dato,SIN SEQUIA,SIN REDUCCION,43.27,Media,63.69,Alta,43.19220129,Media
Region A - Primeros Quince dias habiles de cada Diciembre,30179,30,179,Tlacotepec de Mejia,Veracruz,Golfo Centro,X,Rios Tuxpan al Jamapa,20,sin dato,SIN SEQUIA,SIN REDUCCION,98.87,Muy Alta,73.99,Alta,70.34293107,Alta
Region A - Primeros Quince dias habiles de cada Diciembre,30180,30,180,Tlachichilco,Veracruz,Golfo Centro,X,Rios Tuxpan al Jamapa,20,sin dato,SIN SEQUIA,SIN REDUCCION,20.42,Baja,9.03,Muy Baja,78.5813542,Alta
Region A - Primeros Quince dias habiles de cada Diciembre,30181,30,181,Tlalixcoyan,Veracruz,Golfo Centro,X,Rio Papaloapan,21,sin dato,SIN SEQUIA,SIN REDUCCION,77.49,Alta,9.29,Muy Baja,66.72276696,Alta
Region A - Primeros Quince dias habiles de cada Diciembre,30182,30,182,Tlalnelhuayocan,Veracruz,Golfo Centro,X,Rios Tuxpan al Jamapa,20,sin dato,SIN SEQUIA,SIN REDUCCION,14.08,Muy Baja,23.96,Baja,9.755807901,Muy Baja
Region A - Primeros Quince dias habiles de cada Diciembre,30183,30,183,Tlapacoyan,Veracruz,Golfo Centro,X,Rios Tuxpan al Jamapa,20,sin dato,SIN SEQUIA,SIN REDUCCION,16.97,Muy Baja,53.37,Media,11.18719541,Muy Baja
Region A - Primeros Quince dias habiles de cada Diciembre,30184,30,184,Tlaquilpa,Veracruz,Golfo Centro,X,Rio Papaloapan,21,sin dato,SIN SEQUIA,SIN REDUCCION,83.52,Muy Alta,53.65,Media,80.60625044,Muy Alta
Region A - Primeros Quince dias habiles de cada Diciembre,30185,30,185,Tlilapan,Veracruz,Golfo Centro,X,Rio Papaloapan,21,sin dato,SIN SEQUIA,SIN REDUCCION,79.64,Alta,87.72,Muy Alta,52.9297517,Media
Region A - Primeros Quince dias habiles de cada Diciembre,30186,30,186,Tomatlan,Veracruz,Golfo Centro,X,Rios Tuxpan al Jamapa,20,sin dato,SIN SEQUIA,SIN REDUCCION,69.29,Alta,97.79,Muy Alta,52.42467108,Media
Region A - Primeros Quince dias habiles de cada Diciembre,30187,30,187,Tonayan,Veracruz,Golfo Centro,X,Rios Tuxpan al Jamapa,20,sin dato,SIN SEQUIA,SIN REDUCCION,69.99,Alta,41.56,Media,20.63373232,Baja
Region A - Primeros Quince dias habiles de cada Diciembre,30188,30,188,Totutla,Veracruz,Golfo Centro,X,Rios Tuxpan al Jamapa,20,sin dato,SIN SEQUIA,SIN REDUCCION,63.3,Alta,71.3,Alta,57.88779042,Media
Region A - Primeros Quince dias habiles de cada Diciembre,30189,30,189,Tuxpam,Veracruz,Golfo Centro,X,Rios Tuxpan al Jamapa,20,sin dato,SIN SEQUIA,SIN REDUCCION,30.83,Baja,13.29,Muy Baja,4.551545469,Muy Baja
Region A - Primeros Quince dias habiles de cada Diciembre,30190,30,190,Tuxtilla,Veracruz,Golfo Centro,X,Rio Papaloapan,21,sin dato,SIN SEQUIA,SIN REDUCCION,51.27,Media,30.54,Baja,17.50629905,Muy Baja
Region A - Primeros Quince dias habiles de cada Diciembre,30191,30,191,ursulo Galvan,Veracruz,Golfo Centro,X,Rios Tuxpan al Jamapa,20,sin dato,SIN SEQUIA,SIN REDUCCION,84.28,Muy Alta,89.27,Muy Alta,27.13388192,Baja
Region C - Primeros 8 dias habiles de CADA MES,30192,30,192,Vega de Alatorre,Veracruz,Golfo Centro,X,Rios Tuxpan al Jamapa,20,sin dato,SIN SEQUIA,SIN REDUCCION,26.82,Baja,4.64,Muy Baja,20.69040279,Baja
Region A - Primeros Quince dias habiles de cada Diciembre,30193,30,193,Veracruz,Veracruz,Golfo Centro,X,Rios Tuxpan al Jamapa,20,sin dato,SIN SEQUIA,SIN REDUCCION,63.23,Alta,96.5,Muy Alta,2.302886199,Muy Baja
Region A - Primeros Quince dias habiles de cada Diciembre,30194,30,194,Villa Aldama,Veracruz,Golfo Centro,X,Rios Tuxpan al Jamapa,20,sin dato,SIN SEQUIA,SIN REDUCCION,26.67,Baja,44.45,Media,24.1024113,Baja
Region A - Primeros Quince dias habiles de cada Diciembre,30195,30,195,Xoxocotla,Veracruz,Golfo Centro,X,Rio Papaloapan,21,sin dato,SIN SEQUIA,SIN REDUCCION,96.38,Muy Alta,54.8,Media,84.63659027,Muy Alta
Region A - Primeros Quince dias habiles de cada Diciembre,30196,30,196,Yanga,Veracruz,Golfo Centro,X,Rio Papaloapan,21,sin dato,SIN SEQUIA,SIN REDUCCION,76.01,Alta,65.44,Alta,59.48481004,Media
Region A - Primeros Quince dias habiles de cada Diciembre,30197,30,197,Yecuatla,Veracruz,Golfo Centro,X,Rios Tuxpan al Jamapa,20,sin dato,SIN SEQUIA,SIN REDUCCION,6.17,Muy Baja,6.63,Muy Baja,23.88914051,Baja
Region A - Primeros Quince dias habiles de cada Diciembre,30198,30,198,Zacualpan,Veracruz,Golfo Centro,X,Rios Tuxpan al Jamapa,20,sin dato,SIN SEQUIA,SIN REDUCCION,88.15,Muy Alta,18.83,Muy Baja,93.10601891,Muy Alta
Region A - Primeros Quince dias habiles de cada Diciembre,30199,30,199,Zaragoza,Veracruz,Golfo Centro,X,Rio Coatzacoalcos,22,sin dato,SIN SEQUIA,SIN REDUCCION,14.94,Muy Baja,24.07,Baja,2.354834244,Muy Baja
Region A - Primeros Quince dias habiles de cada Diciembre,30200,30,200,Zentla,Veracruz,Golfo Centro,X,Rios Tuxpan al Jamapa,20,sin dato,SIN SEQUIA,SIN REDUCCION,69.81,Alta,71.5,Alta,57.24393629,Media
Region A - Primeros Quince dias habiles de cada Diciembre,30201,30,201,Zongolica,Veracruz,Golfo Centro,X,Rio Papaloapan,21,sin dato,SIN SEQUIA,SIN REDUCCION,73.33,Alta,85.98,Muy Alta,75.73211209,Alta
Region A - Primeros Quince dias habiles de cada Diciembre,30202,30,202,Zontecomatlan de Lopez y Fuentes,Veracruz,Golfo Norte,IX,Rio Panuco,19,sin dato,SIN SEQUIA,SIN REDUCCION,2.5,Muy Baja,4.32,Muy Baja,92.85951728,Muy Alta
Region C - Primeros 8 dias habiles de CADA MES,30203,30,203,Zozocolco de Hidalgo,Veracruz,Golfo Centro,X,Rios Tuxpan al Jamapa,20,sin dato,SIN SEQUIA,SIN REDUCCION,50.22,Media,41.03,Media,95.95667379,Muy Alta
Region A - Primeros Quince dias habiles de cada Diciembre,30204,30,204,Agua Dulce,Veracruz,Golfo Centro,X,Rio Coatzacoalcos,22,sin dato,SIN SEQUIA,SIN REDUCCION,5.36,Muy Baja,65.18,Alta,5.696614619,Muy Baja
Region A - Primeros Quince dias habiles de cada Diciembre,30205,30,205,El Higo,Veracruz,Golfo Norte,IX,Rio Panuco,19,sin dato,SIN SEQUIA,SIN REDUCCION,33.62,Baja,28.11,Baja,16.66284762,Muy Baja
Region A - Primeros Quince dias habiles de cada Diciembre,30206,30,206,Nanchital de Lazaro Cardenas del Rio,Veracruz,Golfo Centro,X,Rio Coatzacoalcos,22,sin dato,SIN SEQUIA,SIN REDUCCION,9.99,Muy Baja,32.82,Baja,2.113274287,Muy Baja
Region A - Primeros Quince dias habiles de cada Diciembre,30207,30,207,Tres Valles,Veracruz,Golfo Centro,X,Rio Papaloapan,21,sin dato,SIN SEQUIA,SIN REDUCCION,80.61,Muy Alta,92.63,Muy Alta,65.39593056,Alta
Region A - Primeros Quince dias habiles de cada Diciembre,30208,30,208,Carlos A. Carrillo,Veracruz,Golfo Centro,X,Rio Papaloapan,21,sin dato,SIN SEQUIA,SIN REDUCCION,42.59,Media,51.79,Media,7.986826904,Muy Baja
Region A - Primeros Quince dias habiles de cada Diciembre,30209,30,209,Tatahuicapan de Juarez,Veracruz,Golfo Centro,X,Rio Papaloapan,21,sin dato,SIN SEQUIA,SIN REDUCCION,11.47,Muy Baja,24.66,Baja,71.18189836,Alta
Region A - Primeros Quince dias habiles de cada Diciembre,30210,30,210,Uxpanapa,Veracruz,Golfo Centro,X,Rio Coatzacoalcos,22,sin dato,SIN SEQUIA,SIN REDUCCION,6.81,Muy Baja,4.98,Muy Baja,23.00850072,Baja
Region A - Primeros Quince dias habiles de cada Diciembre,30211,30,211,San Rafael,Veracruz,Golfo Centro,X,Rios Tuxpan al Jamapa,20,sin dato,SIN SEQUIA,SIN REDUCCION,16.83,Muy Baja,64.89,Alta,18.51688622,Muy Baja
Region A - Primeros Quince dias habiles de cada Diciembre,30212,30,212,Santiago Sochiapan,Veracruz,Golfo Centro,X,Rio Papaloapan,21,sin dato,SIN SEQUIA,SIN REDUCCION,48.68,Media,46.32,Media,81.38271943,Muy Alta
Region A - Primeros Quince dias habiles de cada Diciembre,31001,31,1,Abala,Yucatán,Peninsula de Yucatan,XII,Peninsula de Yucatan,25,sin dato,SIN SEQUIA,SIN REDUCCION,54.41,Media,95.63,Muy Alta,71.24570649,Alta
Region A - Primeros Quince dias habiles de cada Diciembre,31002,31,2,Acanceh,Yucatán,Peninsula de Yucatan,XII,Peninsula de Yucatan,25,sin dato,SIN SEQUIA,SIN REDUCCION,54.41,Media,93.38,Muy Alta,30.07257523,Baja
Region A - Primeros Quince dias habiles de cada Diciembre,31003,31,3,Akil,Yucatán,Peninsula de Yucatan,XII,Peninsula de Yucatan,25,sin dato,SIN SEQUIA,SIN REDUCCION,57.63,Media,58.84,Media,76.48471587,Alta
Region A - Primeros Quince dias habiles de cada Diciembre,31004,31,4,Baca,Yucatán,Peninsula de Yucatan,XII,Peninsula de Yucatan,25,sin dato,SIN SEQUIA,SIN REDUCCION,58.85,Media,83.61,Muy Alta,27.362122,Baja
Region A - Primeros Quince dias habiles de cada Diciembre,31005,31,5,Bokoba,Yucatán,Peninsula de Yucatan,XII,Peninsula de Yucatan,25,D0,PRE-ALERTA,10%,56.08,Media,56.6,Media,30.91830061,Baja
Region A - Primeros Quince dias habiles de cada Diciembre,31006,31,6,Buctzotz,Yucatán,Peninsula de Yucatan,XII,Peninsula de Yucatan,25,sin dato,SIN SEQUIA,SIN REDUCCION,54.3,Media,59.0,Media,74.18880299,Alta
Region A - Primeros Quince dias habiles de cada Diciembre,31007,31,7,Cacalchen,Yucatán,Peninsula de Yucatan,XII,Peninsula de Yucatan,25,sin dato,SIN SEQUIA,SIN REDUCCION,56.26,Media,61.28,Alta,43.72199788,Media
Region A - Primeros Quince dias habiles de cada Diciembre,31008,31,8,Calotmul,Yucatán,Peninsula de Yucatan,XII,Peninsula de Yucatan,25,sin dato,SIN SEQUIA,SIN REDUCCION,60.49,Alta,44.84,Media,80.11533796,Muy Alta
Region A - Primeros Quince dias habiles de cada Diciembre,31009,31,9,Cansahcab,Yucatán,Peninsula de Yucatan,XII,Peninsula de Yucatan,25,sin dato,SIN SEQUIA,SIN REDUCCION,54.41,Media,52.58,Media,34.51492321,Baja
Region A - Primeros Quince dias habiles de cada Diciembre,31010,31,10,Cantamayec,Yucatán,Peninsula de Yucatan,XII,Peninsula de Yucatan,25,sin dato,SIN SEQUIA,SIN REDUCCION,99.42,Muy Alta,57.47,Media,99.74607124,Muy Alta
Region A - Primeros Quince dias habiles de cada Diciembre,31011,31,11,Celestun,Yucatán,Peninsula de Yucatan,XII,Peninsula de Yucatan,25,sin dato,SIN SEQUIA,SIN REDUCCION,22.86,Baja,37.61,Baja,68.74430521,Alta
Region A - Primeros Quince dias habiles de cada Diciembre,31012,31,12,Cenotillo,Yucatán,Peninsula de Yucatan,XII,Peninsula de Yucatan,25,sin dato,SIN SEQUIA,SIN REDUCCION,83.9,Muy Alta,42.45,Media,64.54990474,Alta
Region A - Primeros Quince dias habiles de cada Diciembre,31013,31,13,Conkal,Yucatán,Peninsula de Yucatan,XII,Peninsula de Yucatan,25,sin dato,SIN SEQUIA,SIN REDUCCION,58.5,Media,83.5,Muy Alta,16.57977735,Muy Baja
Region A - Primeros Quince dias habiles de cada Diciembre,31014,31,14,Cuncunul,Yucatán,Peninsula de Yucatan,XII,Peninsula de Yucatan,25,sin dato,SIN SEQUIA,SIN REDUCCION,55.5,Media,40.56,Media,76.60487188,Alta
Region A - Primeros Quince dias habiles de cada Diciembre,31015,31,15,Cuzama,Yucatán,Peninsula de Yucatan,XII,Peninsula de Yucatan,25,sin dato,SIN SEQUIA,SIN REDUCCION,59.94,Media,64.48,Alta,72.63700155,Alta
Region A - Primeros Quince dias habiles de cada Diciembre,31016,31,16,Chacsinkin,Yucatán,Peninsula de Yucatan,XII,Peninsula de Yucatan,25,sin dato,SIN SEQUIA,SIN REDUCCION,59.42,Media,31.18,Baja,46.7545204,Media
Region A - Primeros Quince dias habiles de cada Diciembre,31017,31,17,Chankom,Yucatán,Peninsula de Yucatan,XII,Peninsula de Yucatan,25,sin dato,SIN SEQUIA,SIN REDUCCION,75.02,Alta,42.79,Media,90.59802696,Muy Alta
Region A - Primeros Quince dias habiles de cada Diciembre,31018,31,18,Chapab,Yucatán,Peninsula de Yucatan,XII,Peninsula de Yucatan,25,sin dato,SIN SEQUIA,SIN REDUCCION,60.7,Alta,42.09,Media,72.34949963,Alta
Region A - Primeros Quince dias habiles de cada Diciembre,31019,31,19,Chemax,Yucatán,Peninsula de Yucatan,XII,Peninsula de Yucatan,25,sin dato,SIN SEQUIA,SIN REDUCCION,73.9,Alta,42.51,Media,99.11254897,Muy Alta
Region A - Primeros Quince dias habiles de cada Diciembre,31020,31,20,Chicxulub Pueblo,Yucatán,Peninsula de Yucatan,XII,Peninsula de Yucatan,25,sin dato,SIN SEQUIA,SIN REDUCCION,57.82,Media,87.05,Muy Alta,44.66623814,Media
Region A - Primeros Quince dias habiles de cada Diciembre,31021,31,21,Chichimila,Yucatán,Peninsula de Yucatan,XII,Peninsula de Yucatan,25,sin dato,SIN SEQUIA,SIN REDUCCION,28.75,Baja,44.46,Media,97.60106708,Muy Alta
Region A - Primeros Quince dias habiles de cada Diciembre,31022,31,22,Chikindzonot,Yucatán,Peninsula de Yucatan,XII,Peninsula de Yucatan,25,sin dato,SIN SEQUIA,SIN REDUCCION,78.41,Alta,34.99,Baja,80.0483698,Muy Alta
Region A - Primeros Quince dias habiles de cada Diciembre,31023,31,23,Chochola,Yucatán,Peninsula de Yucatan,XII,Peninsula de Yucatan,25,sin dato,SIN SEQUIA,SIN REDUCCION,54.41,Media,79.18,Alta,29.13272087,Baja
Region A - Primeros Quince dias habiles de cada Diciembre,31024,31,24,Chumayel,Yucatán,Peninsula de Yucatan,XII,Peninsula de Yucatan,25,sin dato,SIN SEQUIA,SIN REDUCCION,54.69,Media,57.33,Media,73.43807409,Alta
Region A - Primeros Quince dias habiles de cada Diciembre,31025,31,25,Dzan,Yucatán,Peninsula de Yucatan,XII,Peninsula de Yucatan,25,sin dato,SIN SEQUIA,SIN REDUCCION,54.41,Media,39.2,Baja,35.65861767,Baja
Region A - Primeros Quince dias habiles de cada Diciembre,31026,31,26,Dzemul,Yucatán,Peninsula de Yucatan,XII,Peninsula de Yucatan,25,sin dato,SIN SEQUIA,SIN REDUCCION,26.82,Baja,48.97,Media,26.30813354,Baja
Region A - Primeros Quince dias habiles de cada Diciembre,31027,31,27,Dzidzantun,Yucatán,Peninsula de Yucatan,XII,Peninsula de Yucatan,25,sin dato,SIN SEQUIA,SIN REDUCCION,58.52,Media,55.87,Media,42.3303924,Media
Region C - Primeros 8 dias habiles de CADA MES,31028,31,28,Dzilam de Bravo,Yucatán,Peninsula de Yucatan,XII,Peninsula de Yucatan,25,sin dato,SIN SEQUIA,SIN REDUCCION,99.53,Muy Alta,38.84,Baja,69.27813186,Alta
Region A - Primeros Quince dias habiles de cada Diciembre,31029,31,29,Dzilam Gonzalez,Yucatán,Peninsula de Yucatan,XII,Peninsula de Yucatan,25,sin dato,SIN SEQUIA,SIN REDUCCION,94.51,Muy Alta,50.08,Media,81.96373206,Muy Alta
Region A - Primeros Quince dias habiles de cada Diciembre,31030,31,30,Dzitas,Yucatán,Peninsula de Yucatan,XII,Peninsula de Yucatan,25,sin dato,SIN SEQUIA,SIN REDUCCION,58.15,Media,51.06,Media,91.65291105,Muy Alta
Region A - Primeros Quince dias habiles de cada Diciembre,31031,31,31,Dzoncauich,Yucatán,Peninsula de Yucatan,XII,Peninsula de Yucatan,25,sin dato,SIN SEQUIA,SIN REDUCCION,94.56,Muy Alta,37.14,Baja,81.50723592,Muy Alta
Region A - Primeros Quince dias habiles de cada Diciembre,31032,31,32,Espita,Yucatán,Peninsula de Yucatan,XII,Peninsula de Yucatan,25,sin dato,SIN SEQUIA,SIN REDUCCION,54.41,Media,68.86,Alta,70.00896369,Alta
Region A - Primeros Quince dias habiles de cada Diciembre,31033,31,33,Halacho,Yucatán,Peninsula de Yucatan,XII,Peninsula de Yucatan,25,sin dato,SIN SEQUIA,SIN REDUCCION,42.49,Media,58.52,Media,78.55468734,Alta
Region A - Primeros Quince dias habiles de cada Diciembre,31034,31,34,Hocaba,Yucatán,Peninsula de Yucatan,XII,Peninsula de Yucatan,25,sin dato,SIN SEQUIA,SIN REDUCCION,71.43,Alta,62.3,Alta,82.2641294,Muy Alta
Region A - Primeros Quince dias habiles de cada Diciembre,31035,31,35,Hoctun,Yucatán,Peninsula de Yucatan,XII,Peninsula de Yucatan,25,D1,PRE-ALERTA,15%,61.23,Alta,51.14,Media,91.51021429,Muy Alta
Region A - Primeros Quince dias habiles de cada Diciembre,31036,31,36,Homun,Yucatán,Peninsula de Yucatan,XII,Peninsula de Yucatan,25,D0,PRE-ALERTA,10%,90.4,Muy Alta,59.41,Media,93.82241441,Muy Alta
Region A - Primeros Quince dias habiles de cada Diciembre,31037,31,37,Huhi,Yucatán,Peninsula de Yucatan,XII,Peninsula de Yucatan,25,sin dato,SIN SEQUIA,SIN REDUCCION,69.06,Alta,63.37,Alta,53.21927634,Media
Region A - Primeros Quince dias habiles de cada Diciembre,31038,31,38,Hunucma,Yucatán,Peninsula de Yucatan,XII,Peninsula de Yucatan,25,sin dato,SIN SEQUIA,SIN REDUCCION,15.86,Muy Baja,83.95,Muy Alta,33.71297371,Baja
Region A - Primeros Quince dias habiles de cada Diciembre,31039,31,39,Ixil,Yucatán,Peninsula de Yucatan,XII,Peninsula de Yucatan,25,sin dato,SIN SEQUIA,SIN REDUCCION,81.43,Muy Alta,63.05,Alta,44.08853752,Media
Region A - Primeros Quince dias habiles de cada Diciembre,31040,31,40,Izamal,Yucatán,Peninsula de Yucatan,XII,Peninsula de Yucatan,25,sin dato,SIN SEQUIA,SIN REDUCCION,52.95,Media,62.43,Alta,53.06085255,Media
Region A - Primeros Quince dias habiles de cada Diciembre,31041,31,41,Kanasin,Yucatán,Peninsula de Yucatan,XII,Peninsula de Yucatan,25,sin dato,SIN SEQUIA,SIN REDUCCION,96.53,Muy Alta,99.99,Muy Alta,50.66724729,Media
Region A - Primeros Quince dias habiles de cada Diciembre,31042,31,42,Kantunil,Yucatán,Peninsula de Yucatan,XII,Peninsula de Yucatan,25,sin dato,SIN SEQUIA,SIN REDUCCION,47.11,Media,55.84,Media,70.41999861,Alta
Region A - Primeros Quince dias habiles de cada Diciembre,31043,31,43,Kaua,Yucatán,Peninsula de Yucatan,XII,Peninsula de Yucatan,25,sin dato,SIN SEQUIA,SIN REDUCCION,59.3,Media,36.45,Baja,67.52361787,Alta
Region A - Primeros Quince dias habiles de cada Diciembre,31044,31,44,Kinchil,Yucatán,Peninsula de Yucatan,XII,Peninsula de Yucatan,25,sin dato,SIN SEQUIA,SIN REDUCCION,54.41,Media,83.24,Muy Alta,18.31833272,Muy Baja
Region A - Primeros Quince dias habiles de cada Diciembre,31045,31,45,Kopoma,Yucatán,Peninsula de Yucatan,XII,Peninsula de Yucatan,25,sin dato,SIN SEQUIA,SIN REDUCCION,54.41,Media,50.93,Media,8.659758254,Muy Baja
Region A - Primeros Quince dias habiles de cada Diciembre,31046,31,46,Mama,Yucatán,Peninsula de Yucatan,XII,Peninsula de Yucatan,25,sin dato,SIN SEQUIA,SIN REDUCCION,54.41,Media,49.6,Media,48.1716995,Media
Region A - Primeros Quince dias habiles de cada Diciembre,31047,31,47,Mani,Yucatán,Peninsula de Yucatan,XII,Peninsula de Yucatan,25,sin dato,SIN SEQUIA,SIN REDUCCION,54.41,Media,54.43,Media,24.70204219,Baja
Region A - Primeros Quince dias habiles de cada Diciembre,31048,31,48,Maxcanu,Yucatán,Peninsula de Yucatan,XII,Peninsula de Yucatan,25,sin dato,SIN SEQUIA,SIN REDUCCION,51.31,Media,59.94,Media,23.62273273,Baja
Region A - Primeros Quince dias habiles de cada Diciembre,31049,31,49,Mayapan,Yucatán,Peninsula de Yucatan,XII,Peninsula de Yucatan,25,sin dato,SIN SEQUIA,SIN REDUCCION,54.41,Media,50.77,Media,96.28613673,Muy Alta
Region A - Primeros Quince dias habiles de cada Diciembre,31050,31,50,Merida,Yucatán,Peninsula de Yucatan,XII,Peninsula de Yucatan,25,sin dato,SIN SEQUIA,SIN REDUCCION,54.8,Media,98.88,Muy Alta,3.101276028,Muy Baja
Region A - Primeros Quince dias habiles de cada Diciembre,31051,31,51,Mococha,Yucatán,Peninsula de Yucatan,XII,Peninsula de Yucatan,25,sin dato,SIN SEQUIA,SIN REDUCCION,55.0,Media,70.48,Alta,33.29823582,Baja
Region A - Primeros Quince dias habiles de cada Diciembre,31052,31,52,Motul,Yucatán,Peninsula de Yucatan,XII,Peninsula de Yucatan,25,sin dato,SIN SEQUIA,SIN REDUCCION,54.41,Media,71.93,Alta,29.25665167,Baja
Region A - Primeros Quince dias habiles de cada Diciembre,31053,31,53,Muna,Yucatán,Peninsula de Yucatan,XII,Peninsula de Yucatan,25,sin dato,SIN SEQUIA,SIN REDUCCION,54.41,Media,53.34,Media,39.32069299,Baja
Region A - Primeros Quince dias habiles de cada Diciembre,31054,31,54,Muxupip,Yucatán,Peninsula de Yucatan,XII,Peninsula de Yucatan,25,sin dato,SIN SEQUIA,SIN REDUCCION,58.87,Media,55.2,Media,11.97900129,Muy Baja
Region A - Primeros Quince dias habiles de cada Diciembre,31055,31,55,Opichen,Yucatán,Peninsula de Yucatan,XII,Peninsula de Yucatan,25,sin dato,SIN SEQUIA,SIN REDUCCION,54.41,Media,64.32,Alta,47.81004323,Media
Region A - Primeros Quince dias habiles de cada Diciembre,31056,31,56,Oxkutzcab,Yucatán,Peninsula de Yucatan,XII,Peninsula de Yucatan,25,sin dato,SIN SEQUIA,SIN REDUCCION,29.63,Baja,18.27,Muy Baja,5.189742261,Muy Baja
Region A - Primeros Quince dias habiles de cada Diciembre,31057,31,57,Panaba,Yucatán,Peninsula de Yucatan,XII,Peninsula de Yucatan,25,sin dato,SIN SEQUIA,SIN REDUCCION,54.41,Media,58.73,Media,8.145436489,Muy Baja
Region A - Primeros Quince dias habiles de cada Diciembre,31058,31,58,Peto,Yucatán,Peninsula de Yucatan,XII,Peninsula de Yucatan,25,sin dato,SIN SEQUIA,SIN REDUCCION,11.42,Muy Baja,15.86,Muy Baja,3.335211012,Muy Baja
Region C - Primeros 8 dias habiles de CADA MES,31059,31,59,Progreso,Yucatán,Peninsula de Yucatan,XII,Peninsula de Yucatan,25,sin dato,SIN SEQUIA,SIN REDUCCION,7.27,Muy Baja,67.44,Alta,19.62420266,Muy Baja
Region A - Primeros Quince dias habiles de cada Diciembre,31060,31,60,Quintana Roo,Yucatán,Peninsula de Yucatan,XII,Peninsula de Yucatan,25,sin dato,SIN SEQUIA,SIN REDUCCION,54.74,Media,51.56,Media,48.15047421,Media
Region C - Primeros 8 dias habiles de CADA MES,31061,31,61,Rio Lagartos,Yucatán,Peninsula de Yucatan,XII,Peninsula de Yucatan,25,sin dato,SIN SEQUIA,SIN REDUCCION,14.25,Muy Baja,48.8,Media,51.08921952,Media
Region A - Primeros Quince dias habiles de cada Diciembre,31062,31,62,Sacalum,Yucatán,Peninsula de Yucatan,XII,Peninsula de Yucatan,25,sin dato,SIN SEQUIA,SIN REDUCCION,97.93,Muy Alta,42.95,Media,48.53357645,Media
Region A - Primeros Quince dias habiles de cada Diciembre,31063,31,63,Samahil,Yucatán,Peninsula de Yucatan,XII,Peninsula de Yucatan,25,sin dato,SIN SEQUIA,SIN REDUCCION,56.36,Media,73.8,Alta,26.95889964,Baja
Region A - Primeros Quince dias habiles de cada Diciembre,31064,31,64,Sanahcat,Yucatán,Peninsula de Yucatan,XII,Peninsula de Yucatan,25,D1,PRE-ALERTA,15%,54.74,Media,46.38,Media,19.27518598,Muy Baja
Region A - Primeros Quince dias habiles de cada Diciembre,31065,31,65,San Felipe,Yucatán,Peninsula de Yucatan,XII,Peninsula de Yucatan,25,sin dato,SIN SEQUIA,SIN REDUCCION,50.76,Media,47.75,Media,25.80979778,Baja
Region A - Primeros Quince dias habiles de cada Diciembre,31066,31,66,Santa Elena,Yucatán,Peninsula de Yucatan,XII,Peninsula de Yucatan,25,sin dato,SIN SEQUIA,SIN REDUCCION,62.13,Alta,40.83,Media,39.25605077,Baja
Region A - Primeros Quince dias habiles de cada Diciembre,31067,31,67,Seye,Yucatán,Peninsula de Yucatan,XII,Peninsula de Yucatan,25,sin dato,SIN SEQUIA,SIN REDUCCION,54.58,Media,72.84,Alta,47.48573746,Media
Region A - Primeros Quince dias habiles de cada Diciembre,31068,31,68,Sinanche,Yucatán,Peninsula de Yucatan,XII,Peninsula de Yucatan,25,D2,PRE-ALERTA,15%,54.63,Media,47.99,Media,36.56999994,Baja
Region A - Primeros Quince dias habiles de cada Diciembre,31069,31,69,Sotuta,Yucatán,Peninsula de Yucatan,XII,Peninsula de Yucatan,25,sin dato,SIN SEQUIA,SIN REDUCCION,51.14,Media,88.77,Muy Alta,85.48268511,Muy Alta
Region A - Primeros Quince dias habiles de cada Diciembre,31070,31,70,Sucila,Yucatán,Peninsula de Yucatan,XII,Peninsula de Yucatan,25,sin dato,SIN SEQUIA,SIN REDUCCION,58.05,Media,54.46,Media,27.31399653,Baja
Region A - Primeros Quince dias habiles de cada Diciembre,31071,31,71,Sudzal,Yucatán,Peninsula de Yucatan,XII,Peninsula de Yucatan,25,sin dato,SIN SEQUIA,SIN REDUCCION,54.41,Media,53.62,Media,56.85597639,Media
Region A - Primeros Quince dias habiles de cada Diciembre,31072,31,72,Suma,Yucatán,Peninsula de Yucatan,XII,Peninsula de Yucatan,25,D2,PRE-ALERTA,15%,57.1,Media,53.57,Media,20.78657486,Baja
Region A - Primeros Quince dias habiles de cada Diciembre,31073,31,73,Tahdziu,Yucatán,Peninsula de Yucatan,XII,Peninsula de Yucatan,25,sin dato,SIN SEQUIA,SIN REDUCCION,49.9,Media,40.43,Media,74.81423873,Alta
Region A - Primeros Quince dias habiles de cada Diciembre,31074,31,74,Tahmek,Yucatán,Peninsula de Yucatan,XII,Peninsula de Yucatan,25,sin dato,SIN SEQUIA,SIN REDUCCION,50.88,Media,50.64,Media,32.51768439,Baja
Region A - Primeros Quince dias habiles de cada Diciembre,31075,31,75,Teabo,Yucatán,Peninsula de Yucatan,XII,Peninsula de Yucatan,25,sin dato,SIN SEQUIA,SIN REDUCCION,53.75,Media,60.6,Alta,81.81418671,Muy Alta
Region A - Primeros Quince dias habiles de cada Diciembre,31076,31,76,Tecoh,Yucatán,Peninsula de Yucatan,XII,Peninsula de Yucatan,25,sin dato,SIN SEQUIA,SIN REDUCCION,62.34,Alta,70.77,Alta,57.49886612,Media
Region A - Primeros Quince dias habiles de cada Diciembre,31077,31,77,Tekal de Venegas,Yucatán,Peninsula de Yucatan,XII,Peninsula de Yucatan,25,D0,PRE-ALERTA,10%,43.89,Media,44.64,Media,58.32030468,Media
Region A - Primeros Quince dias habiles de cada Diciembre,31078,31,78,Tekanto,Yucatán,Peninsula de Yucatan,XII,Peninsula de Yucatan,25,sin dato,SIN SEQUIA,SIN REDUCCION,68.62,Alta,48.2,Media,49.59923344,Media
Region A - Primeros Quince dias habiles de cada Diciembre,31079,31,79,Tekax,Yucatán,Peninsula de Yucatan,XII,Peninsula de Yucatan,25,sin dato,SIN SEQUIA,SIN REDUCCION,16.01,Muy Baja,19.14,Muy Baja,7.341210784,Muy Baja
Region A - Primeros Quince dias habiles de cada Diciembre,31080,31,80,Tekit,Yucatán,Peninsula de Yucatan,XII,Peninsula de Yucatan,25,sin dato,SIN SEQUIA,SIN REDUCCION,99.34,Muy Alta,65.11,Alta,46.21336224,Media
Region A - Primeros Quince dias habiles de cada Diciembre,31081,31,81,Tekom,Yucatán,Peninsula de Yucatan,XII,Peninsula de Yucatan,25,sin dato,SIN SEQUIA,SIN REDUCCION,56.17,Media,34.83,Baja,74.5957529,Alta
Region A - Primeros Quince dias habiles de cada Diciembre,31082,31,82,Telchac Pueblo,Yucatán,Peninsula de Yucatan,XII,Peninsula de Yucatan,25,sin dato,SIN SEQUIA,SIN REDUCCION,57.23,Media,56.19,Media,63.63135072,Alta
Region A - Primeros Quince dias habiles de cada Diciembre,31083,31,83,Telchac Puerto,Yucatán,Peninsula de Yucatan,XII,Peninsula de Yucatan,25,sin dato,SIN SEQUIA,SIN REDUCCION,58.23,Media,60.38,Alta,59.94419591,Media
Region A - Primeros Quince dias habiles de cada Diciembre,31084,31,84,Temax,Yucatán,Peninsula de Yucatan,XII,Peninsula de Yucatan,25,sin dato,SIN SEQUIA,SIN REDUCCION,54.74,Media,48.36,Media,54.86187598,Media
Region A - Primeros Quince dias habiles de cada Diciembre,31085,31,85,Temozon,Yucatán,Peninsula de Yucatan,XII,Peninsula de Yucatan,25,sin dato,SIN SEQUIA,SIN REDUCCION,55.41,Media,61.22,Alta,63.10169924,Alta
Region A - Primeros Quince dias habiles de cada Diciembre,31086,31,86,Tepakan,Yucatán,Peninsula de Yucatan,XII,Peninsula de Yucatan,25,sin dato,SIN SEQUIA,SIN REDUCCION,54.44,Media,39.13,Baja,72.69651174,Alta
Region A - Primeros Quince dias habiles de cada Diciembre,31087,31,87,Tetiz,Yucatán,Peninsula de Yucatan,XII,Peninsula de Yucatan,25,sin dato,SIN SEQUIA,SIN REDUCCION,54.41,Media,67.75,Alta,73.05306415,Alta
Region A - Primeros Quince dias habiles de cada Diciembre,31088,31,88,Teya,Yucatán,Peninsula de Yucatan,XII,Peninsula de Yucatan,25,sin dato,SIN SEQUIA,SIN REDUCCION,55.65,Media,30.95,Baja,43.1969967,Media
Region A - Primeros Quince dias habiles de cada Diciembre,31089,31,89,Ticul,Yucatán,Peninsula de Yucatan,XII,Peninsula de Yucatan,25,sin dato,SIN SEQUIA,SIN REDUCCION,54.64,Media,56.77,Media,25.94456783,Baja
Region A - Primeros Quince dias habiles de cada Diciembre,31090,31,90,Timucuy,Yucatán,Peninsula de Yucatan,XII,Peninsula de Yucatan,25,sin dato,SIN SEQUIA,SIN REDUCCION,54.41,Media,62.24,Alta,78.07517418,Alta
Region A - Primeros Quince dias habiles de cada Diciembre,31091,31,91,Tinum,Yucatán,Peninsula de Yucatan,XII,Peninsula de Yucatan,25,sin dato,SIN SEQUIA,SIN REDUCCION,54.3,Media,49.32,Media,56.15116734,Media
Region A - Primeros Quince dias habiles de cada Diciembre,31092,31,92,Tixcacalcupul,Yucatán,Peninsula de Yucatan,XII,Peninsula de Yucatan,25,sin dato,SIN SEQUIA,SIN REDUCCION,52.25,Media,52.71,Media,98.1837969,Muy Alta
Region A - Primeros Quince dias habiles de cada Diciembre,31093,31,93,Tixkokob,Yucatán,Peninsula de Yucatan,XII,Peninsula de Yucatan,25,sin dato,SIN SEQUIA,SIN REDUCCION,54.42,Media,79.44,Alta,18.98711629,Muy Baja
Region A - Primeros Quince dias habiles de cada Diciembre,31094,31,94,Tixmehuac,Yucatán,Peninsula de Yucatan,XII,Peninsula de Yucatan,25,sin dato,SIN SEQUIA,SIN REDUCCION,53.15,Media,32.66,Baja,81.61568075,Muy Alta
Region A - Primeros Quince dias habiles de cada Diciembre,31095,31,95,Tixpehual,Yucatán,Peninsula de Yucatan,XII,Peninsula de Yucatan,25,sin dato,SIN SEQUIA,SIN REDUCCION,67.36,Alta,67.08,Alta,28.34815497,Baja
Region A - Primeros Quince dias habiles de cada Diciembre,31096,31,96,Tizimin,Yucatán,Peninsula de Yucatan,XII,Peninsula de Yucatan,25,sin dato,SIN SEQUIA,SIN REDUCCION,47.66,Media,10.66,Muy Baja,55.30694155,Media
Region A - Primeros Quince dias habiles de cada Diciembre,31097,31,97,Tunkas,Yucatán,Peninsula de Yucatan,XII,Peninsula de Yucatan,25,sin dato,SIN SEQUIA,SIN REDUCCION,26.45,Baja,48.47,Media,73.79328963,Alta
Region A - Primeros Quince dias habiles de cada Diciembre,31098,31,98,Tzucacab,Yucatán,Peninsula de Yucatan,XII,Peninsula de Yucatan,25,sin dato,SIN SEQUIA,SIN REDUCCION,17.51,Muy Baja,18.54,Muy Baja,20.74163338,Baja
Region A - Primeros Quince dias habiles de cada Diciembre,31099,31,99,Uayma,Yucatán,Peninsula de Yucatan,XII,Peninsula de Yucatan,25,sin dato,SIN SEQUIA,SIN REDUCCION,55.99,Media,51.5,Media,92.30780521,Muy Alta
Region A - Primeros Quince dias habiles de cada Diciembre,31100,31,100,Ucu,Yucatán,Peninsula de Yucatan,XII,Peninsula de Yucatan,25,sin dato,SIN SEQUIA,SIN REDUCCION,54.41,Media,69.4,Alta,52.87044839,Media
Region A - Primeros Quince dias habiles de cada Diciembre,31101,31,101,Uman,Yucatán,Peninsula de Yucatan,XII,Peninsula de Yucatan,25,sin dato,SIN SEQUIA,SIN REDUCCION,70.03,Alta,87.72,Muy Alta,21.97481512,Baja
Region A - Primeros Quince dias habiles de cada Diciembre,31102,31,102,Valladolid,Yucatán,Peninsula de Yucatan,XII,Peninsula de Yucatan,25,sin dato,SIN SEQUIA,SIN REDUCCION,67.42,Alta,53.44,Media,60.1422685,Alta
Region A - Primeros Quince dias habiles de cada Diciembre,31103,31,103,Xocchel,Yucatán,Peninsula de Yucatan,XII,Peninsula de Yucatan,25,D2,PRE-ALERTA,15%,61.94,Alta,42.52,Media,75.47524202,Alta
Region A - Primeros Quince dias habiles de cada Diciembre,31104,31,104,Yaxcaba,Yucatán,Peninsula de Yucatan,XII,Peninsula de Yucatan,25,sin dato,SIN SEQUIA,SIN REDUCCION,48.59,Media,43.87,Media,95.58046557,Muy Alta
Region A - Primeros Quince dias habiles de cada Diciembre,31105,31,105,Yaxkukul,Yucatán,Peninsula de Yucatan,XII,Peninsula de Yucatan,25,sin dato,SIN SEQUIA,SIN REDUCCION,58.01,Media,57.0,Media,20.22196649,Baja
Region A - Primeros Quince dias habiles de cada Diciembre,31106,31,106,Yobain,Yucatán,Peninsula de Yucatan,XII,Peninsula de Yucatan,25,sin dato,SIN SEQUIA,SIN REDUCCION,54.41,Media,52.29,Media,29.00266987,Baja
Region A - Primeros Quince dias habiles de cada Diciembre,32001,32,1,Apozol,Zacatecas,Lerma Santiago Pacifico,VIII,Rio Santiago,16,sin dato,SIN SEQUIA,SIN REDUCCION,18.24,Muy Baja,18.33,Muy Baja,17.74595745,Muy Baja
Region A - Primeros Quince dias habiles de cada Diciembre,32002,32,2,Apulco,Zacatecas,Lerma Santiago Pacifico,VIII,Rio Santiago,16,sin dato,SIN SEQUIA,SIN REDUCCION,58.58,Media,34.75,Baja,19.51066887,Muy Baja
Region A - Primeros Quince dias habiles de cada Diciembre,32003,32,3,Atolinga,Zacatecas,Lerma Santiago Pacifico,VIII,Rio Santiago,16,sin dato,SIN SEQUIA,SIN REDUCCION,18.47,Muy Baja,8.32,Muy Baja,12.28304432,Muy Baja
Region A - Primeros Quince dias habiles de cada Diciembre,32004,32,4,Benito Juarez,Zacatecas,Lerma Santiago Pacifico,VIII,Rio Santiago,16,sin dato,SIN SEQUIA,SIN REDUCCION,34.27,Baja,15.48,Muy Baja,28.30442427,Baja
Region A - Primeros Quince dias habiles de cada Diciembre,32005,32,5,Calera,Zacatecas,Cuencas Centrales del Norte,VII,Del Altiplano,14,sin dato,SIN SEQUIA,SIN REDUCCION,73.5,Alta,83.65,Muy Alta,11.7480377,Muy Baja
Region A - Primeros Quince dias habiles de cada Diciembre,32006,32,6,Canitas de Felipe Pescador,Zacatecas,Cuencas Centrales del Norte,VII,Del Altiplano,14,sin dato,SIN SEQUIA,SIN REDUCCION,76.54,Alta,72.92,Alta,40.63534514,Media
Region A - Primeros Quince dias habiles de cada Diciembre,32007,32,7,Concepcion del Oro,Zacatecas,Cuencas Centrales del Norte,VII,Del Altiplano,14,sin dato,SIN SEQUIA,SIN REDUCCION,16.11,Muy Baja,16.41,Muy Baja,21.47426845,Baja
Region A - Primeros Quince dias habiles de cada Diciembre,32008,32,8,Cuauhtemoc,Zacatecas,Lerma Santiago Pacifico,VIII,Rio Santiago,16,sin dato,SIN SEQUIA,SIN REDUCCION,34.73,Baja,45.49,Media,29.56518237,Baja
Region A - Primeros Quince dias habiles de cada Diciembre,32009,32,9,Chalchihuites,Zacatecas,Pacifico Norte,III,Rios Presidio al San Pedro,8,sin dato,SIN SEQUIA,SIN REDUCCION,24.45,Baja,22.26,Baja,39.21265571,Baja
Region A - Primeros Quince dias habiles de cada Diciembre,32010,32,10,Fresnillo,Zacatecas,Cuencas Centrales del Norte,VII,Nazas-Aguanaval,13,sin dato,SIN SEQUIA,SIN REDUCCION,42.72,Media,30.7,Baja,15.59160989,Muy Baja
Region A - Primeros Quince dias habiles de cada Diciembre,32011,32,11,Trinidad Garcia de la Cadena,Zacatecas,Lerma Santiago Pacifico,VIII,Rio Santiago,16,sin dato,SIN SEQUIA,SIN REDUCCION,50.93,Media,23.67,Baja,56.97535625,Media
Region A - Primeros Quince dias habiles de cada Diciembre,32012,32,12,Genaro Codina,Zacatecas,Lerma Santiago Pacifico,VIII,Rio Santiago,16,sin dato,SIN SEQUIA,SIN REDUCCION,10.6,Muy Baja,34.35,Baja,37.5770164,Baja
Region A - Primeros Quince dias habiles de cada Diciembre,32013,32,13,General Enrique Estrada,Zacatecas,Cuencas Centrales del Norte,VII,Del Altiplano,14,sin dato,SIN SEQUIA,SIN REDUCCION,71.0,Alta,81.54,Muy Alta,37.1495756,Baja
Region A - Primeros Quince dias habiles de cada Diciembre,32014,32,14,General Francisco R. Murguia,Zacatecas,Cuencas Centrales del Norte,VII,Nazas-Aguanaval,13,sin dato,SIN SEQUIA,SIN REDUCCION,96.63,Muy Alta,30.66,Baja,33.72097887,Baja
Region A - Primeros Quince dias habiles de cada Diciembre,32015,32,15,El Plateado de Joaquin Amaro,Zacatecas,Lerma Santiago Pacifico,VIII,Rio Santiago,16,sin dato,SIN SEQUIA,SIN REDUCCION,36.08,Baja,21.64,Baja,26.2496787,Baja
Region A - Primeros Quince dias habiles de cada Diciembre,32016,32,16,General Panfilo Natera,Zacatecas,Cuencas Centrales del Norte,VII,Del Altiplano,14,sin dato,SIN SEQUIA,SIN REDUCCION,73.64,Alta,71.36,Alta,47.64124102,Media
Region A - Primeros Quince dias habiles de cada Diciembre,32017,32,17,Guadalupe,Zacatecas,Cuencas Centrales del Norte,VII,Del Altiplano,14,sin dato,SIN SEQUIA,SIN REDUCCION,46.03,Media,89.42,Muy Alta,6.300418197,Muy Baja
Region A - Primeros Quince dias habiles de cada Diciembre,32018,32,18,Huanusco,Zacatecas,Lerma Santiago Pacifico,VIII,Rio Santiago,16,sin dato,SIN SEQUIA,SIN REDUCCION,81.04,Muy Alta,52.14,Media,46.82438198,Media
Region A - Primeros Quince dias habiles de cada Diciembre,32019,32,19,Jalpa,Zacatecas,Lerma Santiago Pacifico,VIII,Rio Santiago,16,sin dato,SIN SEQUIA,SIN REDUCCION,71.57,Alta,47.41,Media,31.59995138,Baja
Region A - Primeros Quince dias habiles de cada Diciembre,32020,32,20,Jerez,Zacatecas,Lerma Santiago Pacifico,VIII,Rio Santiago,16,sin dato,SIN SEQUIA,SIN REDUCCION,75.91,Alta,44.52,Media,30.20176692,Baja
Region A - Primeros Quince dias habiles de cada Diciembre,32021,32,21,Jimenez del Teul,Zacatecas,Lerma Santiago Pacifico,VIII,Rio Santiago,16,sin dato,SIN SEQUIA,SIN REDUCCION,1.22,Muy Baja,9.97,Muy Baja,25.28078364,Baja
Region A - Primeros Quince dias habiles de cada Diciembre,32022,32,22,Juan Aldama,Zacatecas,Cuencas Centrales del Norte,VII,Nazas-Aguanaval,13,sin dato,SIN SEQUIA,SIN REDUCCION,26.42,Baja,47.6,Media,30.43205066,Baja
Region A - Primeros Quince dias habiles de cada Diciembre,32023,32,23,Juchipila,Zacatecas,Lerma Santiago Pacifico,VIII,Rio Santiago,16,sin dato,SIN SEQUIA,SIN REDUCCION,78.79,Alta,20.79,Baja,5.548932768,Muy Baja
Region A - Primeros Quince dias habiles de cada Diciembre,32024,32,24,Loreto,Zacatecas,Cuencas Centrales del Norte,VII,Rio Santiago,16,sin dato,SIN SEQUIA,SIN REDUCCION,74.54,Alta,81.56,Muy Alta,19.75322429,Muy Baja
Region A - Primeros Quince dias habiles de cada Diciembre,32025,32,25,Luis Moya,Zacatecas,Lerma Santiago Pacifico,VIII,Rio Santiago,16,sin dato,SIN SEQUIA,SIN REDUCCION,71.95,Alta,46.44,Media,37.45568816,Baja
Region A - Primeros Quince dias habiles de cada Diciembre,32026,32,26,Mazapil,Zacatecas,Cuencas Centrales del Norte,VII,Del Altiplano,14,sin dato,SIN SEQUIA,SIN REDUCCION,27.52,Baja,2.95,Muy Baja,48.08062711,Media
Region A - Primeros Quince dias habiles de cada Diciembre,32027,32,27,Melchor Ocampo,Zacatecas,Cuencas Centrales del Norte,VII,Nazas-Aguanaval,13,sin dato,SIN SEQUIA,SIN REDUCCION,26.79,Baja,24.64,Baja,40.20771941,Media
Region A - Primeros Quince dias habiles de cada Diciembre,32028,32,28,Mezquital del Oro,Zacatecas,Lerma Santiago Pacifico,VIII,Rio Santiago,16,sin dato,SIN SEQUIA,SIN REDUCCION,92.25,Muy Alta,5.98,Muy Baja,27.03541071,Baja
Region A - Primeros Quince dias habiles de cada Diciembre,32029,32,29,Miguel Auza,Zacatecas,Cuencas Centrales del Norte,VII,Nazas-Aguanaval,13,sin dato,SIN SEQUIA,SIN REDUCCION,25.73,Baja,35.02,Baja,14.61905247,Muy Baja
Region A - Primeros Quince dias habiles de cada Diciembre,32030,32,30,Momax,Zacatecas,Lerma Santiago Pacifico,VIII,Rio Santiago,16,sin dato,SIN SEQUIA,SIN REDUCCION,5.97,Muy Baja,22.78,Baja,21.8584443,Baja
Region A - Primeros Quince dias habiles de cada Diciembre,32031,32,31,Monte Escobedo,Zacatecas,Lerma Santiago Pacifico,VIII,Rio Santiago,16,sin dato,SIN SEQUIA,SIN REDUCCION,12.94,Muy Baja,12.55,Muy Baja,22.16735631,Baja
Region A - Primeros Quince dias habiles de cada Diciembre,32032,32,32,Morelos,Zacatecas,Cuencas Centrales del Norte,VII,Del Altiplano,14,sin dato,SIN SEQUIA,SIN REDUCCION,80.86,Muy Alta,87.53,Muy Alta,20.26755782,Baja
Region A - Primeros Quince dias habiles de cada Diciembre,32033,32,33,Moyahua de Estrada,Zacatecas,Lerma Santiago Pacifico,VIII,Rio Santiago,16,sin dato,SIN SEQUIA,SIN REDUCCION,15.61,Muy Baja,7.13,Muy Baja,21.76666039,Baja
Region A - Primeros Quince dias habiles de cada Diciembre,32034,32,34,Nochistlan de Mejia,Zacatecas,Lerma Santiago Pacifico,VIII,Rio Santiago,16,sin dato,SIN SEQUIA,SIN REDUCCION,45.82,Media,19.35,Muy Baja,20.075998,Baja
Region A - Primeros Quince dias habiles de cada Diciembre,32035,32,35,Noria de angeles,Zacatecas,Cuencas Centrales del Norte,VII,Del Altiplano,14,sin dato,SIN SEQUIA,SIN REDUCCION,67.18,Alta,56.12,Media,41.79166965,Media
Region A - Primeros Quince dias habiles de cada Diciembre,32036,32,36,Ojocaliente,Zacatecas,Lerma Santiago Pacifico,VIII,Rio Santiago,16,sin dato,SIN SEQUIA,SIN REDUCCION,81.96,Muy Alta,53.16,Media,56.0328891,Media
Region A - Primeros Quince dias habiles de cada Diciembre,32037,32,37,Panuco,Zacatecas,Cuencas Centrales del Norte,VII,Del Altiplano,14,sin dato,SIN SEQUIA,SIN REDUCCION,57.86,Media,66.82,Alta,58.2398087,Media
Region A - Primeros Quince dias habiles de cada Diciembre,32038,32,38,Pinos,Zacatecas,Cuencas Centrales del Norte,VII,Del Altiplano,14,sin dato,SIN SEQUIA,SIN REDUCCION,35.43,Baja,30.6,Baja,45.20632521,Media
Region A - Primeros Quince dias habiles de cada Diciembre,32039,32,39,Rio Grande,Zacatecas,Cuencas Centrales del Norte,VII,Nazas-Aguanaval,13,sin dato,SIN SEQUIA,SIN REDUCCION,61.36,Alta,65.58,Alta,22.57729814,Baja
Region A - Primeros Quince dias habiles de cada Diciembre,32040,32,40,Sain Alto,Zacatecas,Cuencas Centrales del Norte,VII,Nazas-Aguanaval,13,sin dato,SIN SEQUIA,SIN REDUCCION,57.64,Media,45.3,Media,22.79741559,Baja
Region A - Primeros Quince dias habiles de cada Diciembre,32041,32,41,El Salvador,Zacatecas,Cuencas Centrales del Norte,VII,Del Altiplano,14,sin dato,SIN SEQUIA,SIN REDUCCION,21.01,Baja,22.77,Baja,87.81150689,Muy Alta
Region A - Primeros Quince dias habiles de cada Diciembre,32042,32,42,Sombrerete,Zacatecas,Pacifico Norte,III,Rios Presidio al San Pedro,8,sin dato,SIN SEQUIA,SIN REDUCCION,55.86,Media,44.35,Media,31.05064648,Baja
Region A - Primeros Quince dias habiles de cada Diciembre,32043,32,43,Susticacan,Zacatecas,Lerma Santiago Pacifico,VIII,Rio Santiago,16,sin dato,SIN SEQUIA,SIN REDUCCION,51.74,Media,41.03,Media,46.32246384,Media
Region A - Primeros Quince dias habiles de cada Diciembre,32044,32,44,Tabasco,Zacatecas,Lerma Santiago Pacifico,VIII,Rio Santiago,16,sin dato,SIN SEQUIA,SIN REDUCCION,63.55,Alta,47.76,Media,33.50468015,Baja
Region A - Primeros Quince dias habiles de cada Diciembre,32045,32,45,Tepechitlan,Zacatecas,Lerma Santiago Pacifico,VIII,Rio Santiago,16,sin dato,SIN SEQUIA,SIN REDUCCION,19.6,Muy Baja,25.32,Baja,15.99368068,Muy Baja
Region A - Primeros Quince dias habiles de cada Diciembre,32046,32,46,Tepetongo,Zacatecas,Lerma Santiago Pacifico,VIII,Rio Santiago,16,sin dato,SIN SEQUIA,SIN REDUCCION,53.35,Media,24.91,Baja,28.21950155,Baja
Region A - Primeros Quince dias habiles de cada Diciembre,32047,32,47,Teul de Gonzalez Ortega,Zacatecas,Lerma Santiago Pacifico,VIII,Rio Santiago,16,sin dato,SIN SEQUIA,SIN REDUCCION,26.44,Baja,28.05,Baja,6.485273163,Muy Baja
Region A - Primeros Quince dias habiles de cada Diciembre,32048,32,48,Tlaltenango de Sanchez Roman,Zacatecas,Lerma Santiago Pacifico,VIII,Rio Santiago,16,sin dato,SIN SEQUIA,SIN REDUCCION,16.3,Muy Baja,33.64,Baja,17.12847339,Muy Baja
Region A - Primeros Quince dias habiles de cada Diciembre,32049,32,49,Valparaiso,Zacatecas,Lerma Santiago Pacifico,VIII,Rio Santiago,16,sin dato,SIN SEQUIA,SIN REDUCCION,3.51,Muy Baja,4.82,Muy Baja,30.40375987,Baja
Region A - Primeros Quince dias habiles de cada Diciembre,32050,32,50,Vetagrande,Zacatecas,Cuencas Centrales del Norte,VII,Del Altiplano,14,sin dato,SIN SEQUIA,SIN REDUCCION,71.18,Alta,79.71,Alta,43.48447513,Media
Region A - Primeros Quince dias habiles de cada Diciembre,32051,32,51,Villa de Cos,Zacatecas,Cuencas Centrales del Norte,VII,Del Altiplano,14,sin dato,SIN SEQUIA,SIN REDUCCION,72.52,Alta,8.33,Muy Baja,46.84271139,Media
Region A - Primeros Quince dias habiles de cada Diciembre,32052,32,52,Villa Garcia,Zacatecas,Lerma Santiago Pacifico,VIII,Rio Santiago,16,sin dato,SIN SEQUIA,SIN REDUCCION,63.72,Alta,53.06,Media,15.5529434,Muy Baja
Region A - Primeros Quince dias habiles de cada Diciembre,32053,32,53,Villa Gonzalez Ortega,Zacatecas,Cuencas Centrales del Norte,VII,Del Altiplano,14,sin dato,SIN SEQUIA,SIN REDUCCION,64.04,Alta,70.38,Alta,48.30579055,Media
Region A - Primeros Quince dias habiles de cada Diciembre,32054,32,54,Villa Hidalgo,Zacatecas,Cuencas Centrales del Norte,VII,Del Altiplano,14,sin dato,SIN SEQUIA,SIN REDUCCION,13.69,Muy Baja,43.96,Media,29.57078483,Baja
Region A - Primeros Quince dias habiles de cada Diciembre,32055,32,55,Villanueva,Zacatecas,Lerma Santiago Pacifico,VIII,Rio Santiago,16,sin dato,SIN SEQUIA,SIN REDUCCION,59.91,Media,20.45,Baja,37.46832731,Baja
Region A - Primeros Quince dias habiles de cada Diciembre,32056,32,56,Zacatecas,Zacatecas,Cuencas Centrales del Norte,VII,Rio Santiago,16,sin dato,SIN SEQUIA,SIN REDUCCION,81.84,Muy Alta,92.13,Muy Alta,12.13554165,Muy Baja
Region A - Primeros Quince dias habiles de cada Diciembre,32057,32,57,Trancoso,Zacatecas,Cuencas Centrales del Norte,VII,Del Altiplano,14,sin dato,SIN SEQUIA,SIN REDUCCION,81.45,Muy Alta,76.62,Alta,42.31364667,Media
Region A - Primeros Quince dias habiles de cada Diciembre,32058,32,58,Santa Maria de la Paz,Zacatecas,Lerma Santiago Pacifico,VIII,Rio Santiago,16,sin dato,SIN SEQUIA,SIN REDUCCION,10.08,Muy Baja,14.96,Muy Baja,27.66293075,Baja
