region_lluvias_fecha_solicitud,cve_concatenada,cve_ent,cve_mun,nombre_mun,entidad,org_cuenca,clv_oc,con_cuenca,cve_conc,msm_20260131,sps_20260131,ahorro_uso_eficiente_20260131
Region A - Primeros Quince dias habiles de cada Diciembre,1001,1,1,Aguascalientes,Aguascalientes,Lerma Santiago Pacifico,VIII,Rio Santiago,16,sin dato,SIN SEQUIA,SIN REDUCCION
Region A - Primeros Quince dias habiles de cada Diciembre,1002,1,2,Asientos,Aguascalientes,Lerma Santiago Pacifico,VIII,Rio Santiago,16,sin dato,SIN SEQUIA,SIN REDUCCION
Region A - Primeros Quince dias habiles de cada Diciembre,1003,1,3,Calvillo,Aguascalientes,Lerma Santiago Pacifico,VIII,Rio Santiago,16,sin dato,SIN SEQUIA,SIN REDUCCION
Region A - Primeros Quince dias habiles de cada Diciembre,1004,1,4,Cosio,Aguascalientes,Lerma Santiago Pacifico,VIII,Rio Santiago,16,sin dato,SIN SEQUIA,SIN REDUCCION
Region A - Primeros Quince dias habiles de cada Diciembre,1005,1,5,Jesus Maria,Aguascalientes,Lerma Santiago Pacifico,VIII,Rio Santiago,16,sin dato,SIN SEQUIA,SIN REDUCCION
Region A - Primeros Quince dias habiles de cada Diciembre,1006,1,6,Pabellon de Arteaga,Aguascalientes,Lerma Santiago Pacifico,VIII,Rio Santiago,16,sin dato,SIN SEQUIA,SIN REDUCCION
Region A - Primeros Quince dias habiles de cada Diciembre,1007,1,7,Rincon de Romos,Aguascalientes,Lerma Santiago Pacifico,VIII,Rio Santiago,16,sin dato,SIN SEQUIA,SIN REDUCCION
Region A - Primeros Quince dias habiles de cada Diciembre,1008,1,8,San Jose de Gracia,Aguascalientes,Lerma Santiago Pacifico,VIII,Rio Santiago,16,sin dato,SIN SEQUIA,SIN REDUCCION
Region A - Primeros Quince dias habiles de cada Diciembre,1009,1,9,Tepezala,Aguascalientes,Lerma Santiago Pacifico,VIII,Rio Santiago,16,sin dato,SIN SEQUIA,SIN REDUCCION
Region A - Primeros Quince dias habiles de cada Diciembre,1010,1,10,El Llano,Aguascalientes,Lerma Santiago Pacifico,VIII,Rio Santiago,16,sin dato,SIN SEQUIA,SIN REDUCCION
Region A - Primeros Quince dias habiles de cada Diciembre,1011,1,11,San Francisco de los Romo,Aguascalientes,Lerma Santiago Pacifico,VIII,Rio Santiago,16,sin dato,SIN SEQUIA,SIN REDUCCION
Region B - Primeros 8 dias habiles de abril,2001,2,1,Ensenada,Baja California,Peninsula de Baja California,I,Baja California,2,sin dato,SIN SEQUIA,SIN REDUCCION
Region B - Primeros 8 dias habiles de abril,2002,2,2,Mexicali,Baja California,Peninsula de Baja California,I,Baja California,2,sin dato,SIN SEQUIA,SIN REDUCCION
Region B - Primeros 8 dias habiles de abril,2003,2,3,Tecate,Baja California,Peninsula de Baja California,I,Baja California,2,sin dato,SIN SEQUIA,SIN REDUCCION
Region B - Primeros 8 dias habiles de abril,2004,2,4,Tijuana,Baja California,Peninsula de Baja California,I,Baja California,2,sin dato,SIN SEQUIA,SIN REDUCCION
Region B - Primeros 8 dias habiles de abril,2005,2,5,Playas de Rosarito,Baja California,Peninsula de Baja California,I,Baja California,2,sin dato,SIN SEQUIA,SIN REDUCCION
Region B - Primeros 8 dias habiles de abril,2006,2,6,San Quintin,Baja California,Peninsula de Baja California,I,Baja California,2,sin dato,SIN SEQUIA,SIN REDUCCION
Region B - Primeros 8 dias habiles de abril,2007,2,7,San Felipe,Baja California,Peninsula de Baja California,I,Baja California,2,sin dato,SIN SEQUIA,SIN REDUCCION
Region A - Primeros Quince dias habiles de cada Diciembre,3001,3,1,Comondu,Baja California Sur,Peninsula de Baja California,I,Baja California Sur,1,sin dato,SIN SEQUIA,SIN REDUCCION
Region B - Primeros 8 dias habiles de abril,3002,3,2,Mulege,Baja California Sur,Peninsula de Baja California,I,Baja California Sur,1,sin dato,SIN SEQUIA,SIN REDUCCION
Region A - Primeros Quince dias habiles de cada Diciembre,3003,3,3,La Paz,Baja California Sur,Peninsula de Baja California,I,Baja California Sur,1,sin dato,SIN SEQUIA,SIN REDUCCION
Region A - Primeros Quince dias habiles de cada Diciembre,3008,3,8,Los Cabos,Baja California Sur,Peninsula de Baja California,I,Baja California Sur,1,sin dato,SIN SEQUIA,SIN REDUCCION
Region A - Primeros Quince dias habiles de cada Diciembre,3009,3,9,Loreto,Baja California Sur,Peninsula de Baja California,I,Baja California Sur,1,sin dato,SIN SEQUIA,SIN REDUCCION
Region A - Primeros Quince dias habiles de cada Diciembre,4001,4,1,Calkini,Campeche,Peninsula de Yucatan,XII,Peninsula de Yucatan,25,sin dato,SIN SEQUIA,SIN REDUCCION
Region A - Primeros Quince dias habiles de cada Diciembre,4002,4,2,Campeche,Campeche,Peninsula de Yucatan,XII,Peninsula de Yucatan,25,sin dato,SIN SEQUIA,SIN REDUCCION
Region A - Primeros Quince dias habiles de cada Diciembre,4003,4,3,Carmen,Campeche,Peninsula de Yucatan,XII,Peninsula de Yucatan,25,D0,AMARILLO,15%
Region A - Primeros Quince dias habiles de cada Diciembre,4004,4,4,Champoton,Campeche,Peninsula de Yucatan,XII,Peninsula de Yucatan,25,sin dato,SIN SEQUIA,SIN REDUCCION
Region A - Primeros Quince dias habiles de cada Diciembre,4005,4,5,Hecelchakan,Campeche,Peninsula de Yucatan,XII,Peninsula de Yucatan,25,sin dato,SIN SEQUIA,SIN REDUCCION
Region A - Primeros Quince dias habiles de cada Diciembre,4006,4,6,Hopelchen,Campeche,Peninsula de Yucatan,XII,Peninsula de Yucatan,25,sin dato,SIN SEQUIA,SIN REDUCCION
Region A - Primeros Quince dias habiles de cada Diciembre,4007,4,7,Palizada,Campeche,Frontera Sur,XI,Rios Grijalva y Usumacinta,24,D0,AMARILLO,15%
Region A - Primeros Quince dias habiles de cada Diciembre,4008,4,8,Tenabo,Campeche,Peninsula de Yucatan,XII,Peninsula de Yucatan,25,sin dato,SIN SEQUIA,SIN REDUCCION
Region A - Primeros Quince dias habiles de cada Diciembre,4009,4,9,Escarcega,Campeche,Peninsula de Yucatan,XII,Peninsula de Yucatan,25,sin dato,SIN SEQUIA,SIN REDUCCION
Region A - Primeros Quince dias habiles de cada Diciembre,4010,4,10,Calakmul,Campeche,Peninsula de Yucatan,XII,Peninsula de Yucatan,25,sin dato,SIN SEQUIA,SIN REDUCCION
Region A - Primeros Quince dias habiles de cada Diciembre,4011,4,11,Candelaria,Campeche,Peninsula de Yucatan,XII,Peninsula de Yucatan,25,sin dato,SIN SEQUIA,SIN REDUCCION
Region A - Primeros Quince dias habiles de cada Diciembre,4012,4,12,Seybaplaya,Campeche,Peninsula de Yucatan,XII,Peninsula de Yucatan,25,sin dato,SIN SEQUIA,SIN REDUCCION
Region A - Primeros Quince dias habiles de cada Diciembre,4013,4,13,Dzitbalche,Campeche,Peninsula de Yucatan,XII,Peninsula de Yucatan,25,sin dato,SIN SEQUIA,SIN REDUCCION
Region A - Primeros Quince dias habiles de cada Diciembre,5001,5,1,Abasolo,Coahuila,Rio Bravo,VI,Rio Bravo,12,D1,PRE-ALERTA,15%
Region A - Primeros Quince dias habiles de cada Diciembre,5002,5,2,Acuna,Coahuila,Rio Bravo,VI,Rio Bravo,12,D3,ROJO,40%
Region C - Primeros 8 dias habiles de CADA MES,5003,5,3,Allende,Coahuila,Rio Bravo,VI,Rio Bravo,12,D2,ROJO,30%
Region A - Primeros Quince dias habiles de cada Diciembre,5004,5,4,Arteaga,Coahuila,Rio Bravo,VI,Del Altiplano,14,sin dato,SIN SEQUIA,SIN REDUCCION
Region A - Primeros Quince dias habiles de cada Diciembre,5005,5,5,Candela,Coahuila,Rio Bravo,VI,Rio Bravo,12,D1,PRE-ALERTA,15%
Region A - Primeros Quince dias habiles de cada Diciembre,5006,5,6,Castanos,Coahuila,Rio Bravo,VI,Rio Bravo,12,D0,PRE-ALERTA,10%
Region A - Primeros Quince dias habiles de cada Diciembre,5007,5,7,Cuatro Cienegas,Coahuila,Rio Bravo,VI,Rio Bravo,12,sin dato,SIN SEQUIA,SIN REDUCCION
Region A - Primeros Quince dias habiles de cada Diciembre,5008,5,8,Escobedo,Coahuila,Rio Bravo,VI,Rio Bravo,12,D1,PRE-ALERTA,15%
Region A - Primeros Quince dias habiles de cada Diciembre,5009,5,9,Francisco I. Madero,Coahuila,Cuencas Centrales del Norte,VII,Nazas-Aguanaval,13,sin dato,SIN SEQUIA,SIN REDUCCION
Region A - Primeros Quince dias habiles de cada Diciembre,5010,5,10,Frontera,Coahuila,Rio Bravo,VI,Rio Bravo,12,sin dato,SIN SEQUIA,SIN REDUCCION
Region A - Primeros Quince dias habiles de cada Diciembre,5011,5,11,General Cepeda,Coahuila,Rio Bravo,VI,Rio Bravo,12,sin dato,SIN SEQUIA,SIN REDUCCION
Region A - Primeros Quince dias habiles de cada Diciembre,5012,5,12,Guerrero,Coahuila,Rio Bravo,VI,Rio Bravo,12,D3,ROJO,40%
Region A - Primeros Quince dias habiles de cada Diciembre,5013,5,13,Hidalgo,Coahuila,Rio Bravo,VI,Rio Bravo,12,D3,ROJO,40%
Region C - Primeros 8 dias habiles de CADA MES,5014,5,14,Jimenez,Coahuila,Rio Bravo,VI,Rio Bravo,12,D2,ROJO,30%
Region C - Primeros 8 dias habiles de CADA MES,5015,5,15,Juarez,Coahuila,Rio Bravo,VI,Rio Bravo,12,D2,ROJO,30%
Region A - Primeros Quince dias habiles de cada Diciembre,5016,5,16,Lamadrid,Coahuila,Rio Bravo,VI,Rio Bravo,12,sin dato,SIN SEQUIA,SIN REDUCCION
Region A - Primeros Quince dias habiles de cada Diciembre,5017,5,17,Matamoros,Coahuila,Cuencas Centrales del Norte,VII,Nazas-Aguanaval,13,sin dato,SIN SEQUIA,SIN REDUCCION
Region A - Primeros Quince dias habiles de cada Diciembre,5018,5,18,Monclova,Coahuila,Rio Bravo,VI,Rio Bravo,12,D1,PRE-ALERTA,15%
Region A - Primeros Quince dias habiles de cada Diciembre,5019,5,19,Morelos,Coahuila,Rio Bravo,VI,Rio Bravo,12,D2,ROJO,30%
Region A - Primeros Quince dias habiles de cada Diciembre,5020,5,20,Muzquiz,Coahuila,Rio Bravo,VI,Rio Bravo,12,D2,ROJO,30%
Region A - Primeros Quince dias habiles de cada Diciembre,5021,5,21,Nadadores,Coahuila,Rio Bravo,VI,Rio Bravo,12,D0,AMARILLO,15%
Region A - Primeros Quince dias habiles de cada Diciembre,5022,5,22,Nava,Coahuila,Rio Bravo,VI,Rio Bravo,12,D3,ROJO,40%
Region A - Primeros Quince dias habiles de cada Diciembre,5023,5,23,Ocampo,Coahuila,Rio Bravo,VI,Rio Bravo,12,D4,ROJO,SUPERIOR AL 40%
Region A - Primeros Quince dias habiles de cada Diciembre,5024,5,24,Parras,Coahuila,Cuencas Centrales del Norte,VII,Nazas-Aguanaval,13,sin dato,SIN SEQUIA,SIN REDUCCION
Region A - Primeros Quince dias habiles de cada Diciembre,5025,5,25,Piedras Negras,Coahuila,Rio Bravo,VI,Rio Bravo,12,D2,ROJO,30%
Region A - Primeros Quince dias habiles de cada Diciembre,5026,5,26,Progreso,Coahuila,Rio Bravo,VI,Rio Bravo,12,D1,NARANJA,25%
Region C - Primeros 8 dias habiles de CADA MES,5027,5,27,Ramos Arizpe,Coahuila,Rio Bravo,VI,Rio Bravo,12,sin dato,SIN SEQUIA,SIN REDUCCION
Region A - Primeros Quince dias habiles de cada Diciembre,5028,5,28,Sabinas,Coahuila,Rio Bravo,VI,Rio Bravo,12,D2,ROJO,30%
Region A - Primeros Quince dias habiles de cada Diciembre,5029,5,29,Sacramento,Coahuila,Rio Bravo,VI,Rio Bravo,12,sin dato,SIN SEQUIA,SIN REDUCCION
Region C - Primeros 8 dias habiles de CADA MES,5030,5,30,Saltillo,Coahuila,Rio Bravo,VI,Del Altiplano,14,sin dato,SIN SEQUIA,SIN REDUCCION
Region C - Primeros 8 dias habiles de CADA MES,5031,5,31,San Buenaventura,Coahuila,Rio Bravo,VI,Rio Bravo,12,D1,NARANJA,25%
Region A - Primeros Quince dias habiles de cada Diciembre,5032,5,32,San Juan de Sabinas,Coahuila,Rio Bravo,VI,Rio Bravo,12,D1,NARANJA,25%
Region A - Primeros Quince dias habiles de cada Diciembre,5033,5,33,San Pedro,Coahuila,Cuencas Centrales del Norte,VII,Nazas-Aguanaval,13,sin dato,SIN SEQUIA,SIN REDUCCION
Region A - Primeros Quince dias habiles de cada Diciembre,5034,5,34,Sierra Mojada,Coahuila,Cuencas Centrales del Norte,VII,Nazas-Aguanaval,13,D1,NARANJA,25%
Region A - Primeros Quince dias habiles de cada Diciembre,5035,5,35,Torreon,Coahuila,Cuencas Centrales del Norte,VII,Nazas-Aguanaval,13,sin dato,SIN SEQUIA,SIN REDUCCION
Region A - Primeros Quince dias habiles de cada Diciembre,5036,5,36,Viesca,Coahuila,Cuencas Centrales del Norte,VII,Nazas-Aguanaval,13,sin dato,SIN SEQUIA,SIN REDUCCION
Region A - Primeros Quince dias habiles de cada Diciembre,5037,5,37,Villa Union,Coahuila,Rio Bravo,VI,Rio Bravo,12,D2,ROJO,30%
Region C - Primeros 8 dias habiles de CADA MES,5038,5,38,Zaragoza,Coahuila,Rio Bravo,VI,Rio Bravo,12,D2,ROJO,30%
Region A - Primeros Quince dias habiles de cada Diciembre,6001,6,1,Armeria,Colima,Lerma Santiago Pacifico,VIII,Costa Pacifico Centro,17,sin dato,SIN SEQUIA,SIN REDUCCION
Region A - Primeros Quince dias habiles de cada Diciembre,6002,6,2,Colima,Colima,Lerma Santiago Pacifico,VIII,Costa Pacifico Centro,17,sin dato,SIN SEQUIA,SIN REDUCCION
Region A - Primeros Quince dias habiles de cada Diciembre,6003,6,3,Comala,Colima,Lerma Santiago Pacifico,VIII,Costa Pacifico Centro,17,sin dato,SIN SEQUIA,SIN REDUCCION
Region A - Primeros Quince dias habiles de cada Diciembre,6004,6,4,Coquimatlan,Colima,Lerma Santiago Pacifico,VIII,Costa Pacifico Centro,17,sin dato,SIN SEQUIA,SIN REDUCCION
Region A - Primeros Quince dias habiles de cada Diciembre,6005,6,5,Cuauhtemoc,Colima,Lerma Santiago Pacifico,VIII,Costa Pacifico Centro,17,sin dato,SIN SEQUIA,SIN REDUCCION
Region A - Primeros Quince dias habiles de cada Diciembre,6006,6,6,Ixtlahuacan,Colima,Lerma Santiago Pacifico,VIII,Costa Pacifico Centro,17,sin dato,SIN SEQUIA,SIN REDUCCION
Region A - Primeros Quince dias habiles de cada Diciembre,6007,6,7,Manzanillo,Colima,Lerma Santiago Pacifico,VIII,Costa Pacifico Centro,17,sin dato,SIN SEQUIA,SIN REDUCCION
Region A - Primeros Quince dias habiles de cada Diciembre,6008,6,8,Minatitlan,Colima,Lerma Santiago Pacifico,VIII,Costa Pacifico Centro,17,sin dato,SIN SEQUIA,SIN REDUCCION
Region A - Primeros Quince dias habiles de cada Diciembre,6009,6,9,Tecoman,Colima,Lerma Santiago Pacifico,VIII,Costa Pacifico Centro,17,sin dato,SIN SEQUIA,SIN REDUCCION
Region A - Primeros Quince dias habiles de cada Diciembre,6010,6,10,Villa de alvarez,Colima,Lerma Santiago Pacifico,VIII,Costa Pacifico Centro,17,sin dato,SIN SEQUIA,SIN REDUCCION
Region A - Primeros Quince dias habiles de cada Diciembre,7001,7,1,Acacoyagua,Chiapas,Frontera Sur,XI,Costa de Chiapas,23,sin dato,SIN SEQUIA,SIN REDUCCION
Region A - Primeros Quince dias habiles de cada Diciembre,7002,7,2,Acala,Chiapas,Frontera Sur,XI,Rios Grijalva y Usumacinta,24,sin dato,SIN SEQUIA,SIN REDUCCION
Region A - Primeros Quince dias habiles de cada Diciembre,7003,7,3,Acapetahua,Chiapas,Frontera Sur,XI,Costa de Chiapas,23,sin dato,SIN SEQUIA,SIN REDUCCION
Region A - Primeros Quince dias habiles de cada Diciembre,7004,7,4,Altamirano,Chiapas,Frontera Sur,XI,Rios Grijalva y Usumacinta,24,D1,NARANJA,25%
Region A - Primeros Quince dias habiles de cada Diciembre,7005,7,5,Amatan,Chiapas,Frontera Sur,XI,Rios Grijalva y Usumacinta,24,sin dato,SIN SEQUIA,SIN REDUCCION
Region A - Primeros Quince dias habiles de cada Diciembre,7006,7,6,Amatenango de la Frontera,Chiapas,Frontera Sur,XI,Rios Grijalva y Usumacinta,24,sin dato,SIN SEQUIA,SIN REDUCCION
Region A - Primeros Quince dias habiles de cada Diciembre,7007,7,7,Amatenango del Valle,Chiapas,Frontera Sur,XI,Rios Grijalva y Usumacinta,24,sin dato,SIN SEQUIA,SIN REDUCCION
Region A - Primeros Quince dias habiles de cada Diciembre,7008,7,8,Angel Albino Corzo,Chiapas,Frontera Sur,XI,Rios Grijalva y Usumacinta,24,sin dato,SIN SEQUIA,SIN REDUCCION
Region A - Primeros Quince dias habiles de cada Diciembre,7009,7,9,Arriaga,Chiapas,Frontera Sur,XI,Costa de Chiapas,23,sin dato,SIN SEQUIA,SIN REDUCCION
Region A - Primeros Quince dias habiles de cada Diciembre,7010,7,10,Bejucal de Ocampo,Chiapas,Frontera Sur,XI,Rios Grijalva y Usumacinta,24,sin dato,SIN SEQUIA,SIN REDUCCION
Region A - Primeros Quince dias habiles de cada Diciembre,7011,7,11,Bella Vista,Chiapas,Frontera Sur,XI,Rios Grijalva y Usumacinta,24,sin dato,SIN SEQUIA,SIN REDUCCION
Region A - Primeros Quince dias habiles de cada Diciembre,7012,7,12,Berriozabal,Chiapas,Frontera Sur,XI,Rios Grijalva y Usumacinta,24,D0,PRE-ALERTA,10%
Region A - Primeros Quince dias habiles de cada Diciembre,7013,7,13,Bochil,Chiapas,Frontera Sur,XI,Rios Grijalva y Usumacinta,24,sin dato,SIN SEQUIA,SIN REDUCCION
Region A - Primeros Quince dias habiles de cada Diciembre,7014,7,14,El Bosque,Chiapas,Frontera Sur,XI,Rios Grijalva y Usumacinta,24,sin dato,SIN SEQUIA,SIN REDUCCION
Region A - Primeros Quince dias habiles de cada Diciembre,7015,7,15,Cacahoatan,Chiapas,Frontera Sur,XI,Costa de Chiapas,23,sin dato,SIN SEQUIA,SIN REDUCCION
Region A - Primeros Quince dias habiles de cada Diciembre,7016,7,16,Catazaja,Chiapas,Frontera Sur,XI,Rios Grijalva y Usumacinta,24,sin dato,SIN SEQUIA,SIN REDUCCION
Region A - Primeros Quince dias habiles de cada Diciembre,7017,7,17,Cintalapa,Chiapas,Frontera Sur,XI,Rios Grijalva y Usumacinta,24,D0,PRE-ALERTA,10%
Region A - Primeros Quince dias habiles de cada Diciembre,7018,7,18,Coapilla,Chiapas,Frontera Sur,XI,Rios Grijalva y Usumacinta,24,sin dato,SIN SEQUIA,SIN REDUCCION
Region A - Primeros Quince dias habiles de cada Diciembre,7019,7,19,Comitan de Dominguez,Chiapas,Frontera Sur,XI,Rios Grijalva y Usumacinta,24,sin dato,SIN SEQUIA,SIN REDUCCION
Region A - Primeros Quince dias habiles de cada Diciembre,7020,7,20,La Concordia,Chiapas,Frontera Sur,XI,Rios Grijalva y Usumacinta,24,sin dato,SIN SEQUIA,SIN REDUCCION
Region A - Primeros Quince dias habiles de cada Diciembre,7021,7,21,Copainala,Chiapas,Frontera Sur,XI,Rios Grijalva y Usumacinta,24,D0,PRE-ALERTA,10%
Region A - Primeros Quince dias habiles de cada Diciembre,7022,7,22,Chalchihuitan,Chiapas,Frontera Sur,XI,Rios Grijalva y Usumacinta,24,sin dato,SIN SEQUIA,SIN REDUCCION
Region A - Primeros Quince dias habiles de cada Diciembre,7023,7,23,Chamula,Chiapas,Frontera Sur,XI,Rios Grijalva y Usumacinta,24,sin dato,SIN SEQUIA,SIN REDUCCION
Region A - Primeros Quince dias habiles de cada Diciembre,7024,7,24,Chanal,Chiapas,Frontera Sur,XI,Rios Grijalva y Usumacinta,24,sin dato,SIN SEQUIA,SIN REDUCCION
Region A - Primeros Quince dias habiles de cada Diciembre,7025,7,25,Chapultenango,Chiapas,Frontera Sur,XI,Rios Grijalva y Usumacinta,24,sin dato,SIN SEQUIA,SIN REDUCCION
Region A - Primeros Quince dias habiles de cada Diciembre,7026,7,26,Chenalho,Chiapas,Frontera Sur,XI,Rios Grijalva y Usumacinta,24,sin dato,SIN SEQUIA,SIN REDUCCION
Region A - Primeros Quince dias habiles de cada Diciembre,7027,7,27,Chiapa de Corzo,Chiapas,Frontera Sur,XI,Rios Grijalva y Usumacinta,24,sin dato,SIN SEQUIA,SIN REDUCCION
Region A - Primeros Quince dias habiles de cada Diciembre,7028,7,28,Chiapilla,Chiapas,Frontera Sur,XI,Rios Grijalva y Usumacinta,24,sin dato,SIN SEQUIA,SIN REDUCCION
Region A - Primeros Quince dias habiles de cada Diciembre,7029,7,29,Chicoasen,Chiapas,Frontera Sur,XI,Rios Grijalva y Usumacinta,24,D0,PRE-ALERTA,10%
Region A - Primeros Quince dias habiles de cada Diciembre,7030,7,30,Chicomuselo,Chiapas,Frontera Sur,XI,Rios Grijalva y Usumacinta,24,sin dato,SIN SEQUIA,SIN REDUCCION
Region A - Primeros Quince dias habiles de cada Diciembre,7031,7,31,Chilon,Chiapas,Frontera Sur,XI,Rios Grijalva y Usumacinta,24,sin dato,SIN SEQUIA,SIN REDUCCION
Region A - Primeros Quince dias habiles de cada Diciembre,7032,7,32,Escuintla,Chiapas,Frontera Sur,XI,Costa de Chiapas,23,sin dato,SIN SEQUIA,SIN REDUCCION
Region A - Primeros Quince dias habiles de cada Diciembre,7033,7,33,Francisco Leon,Chiapas,Frontera Sur,XI,Rios Grijalva y Usumacinta,24,sin dato,SIN SEQUIA,SIN REDUCCION
Region A - Primeros Quince dias habiles de cada Diciembre,7034,7,34,Frontera Comalapa,Chiapas,Frontera Sur,XI,Rios Grijalva y Usumacinta,24,sin dato,SIN SEQUIA,SIN REDUCCION
Region A - Primeros Quince dias habiles de cada Diciembre,7035,7,35,Frontera Hidalgo,Chiapas,Frontera Sur,XI,Costa de Chiapas,23,sin dato,SIN SEQUIA,SIN REDUCCION
Region A - Primeros Quince dias habiles de cada Diciembre,7036,7,36,La Grandeza,Chiapas,Frontera Sur,XI,Rios Grijalva y Usumacinta,24,sin dato,SIN SEQUIA,SIN REDUCCION
Region A - Primeros Quince dias habiles de cada Diciembre,7037,7,37,Huehuetan,Chiapas,Frontera Sur,XI,Costa de Chiapas,23,sin dato,SIN SEQUIA,SIN REDUCCION
Region A - Primeros Quince dias habiles de cada Diciembre,7038,7,38,Huixtan,Chiapas,Frontera Sur,XI,Rios Grijalva y Usumacinta,24,sin dato,SIN SEQUIA,SIN REDUCCION
Region A - Primeros Quince dias habiles de cada Diciembre,7039,7,39,Huitiupan,Chiapas,Frontera Sur,XI,Rios Grijalva y Usumacinta,24,sin dato,SIN SEQUIA,SIN REDUCCION
Region A - Primeros Quince dias habiles de cada Diciembre,7040,7,40,Huixtla,Chiapas,Frontera Sur,XI,Costa de Chiapas,23,sin dato,SIN SEQUIA,SIN REDUCCION
Region A - Primeros Quince dias habiles de cada Diciembre,7041,7,41,La Independencia,Chiapas,Frontera Sur,XI,Rios Grijalva y Usumacinta,24,D0,PRE-ALERTA,10%
Region A - Primeros Quince dias habiles de cada Diciembre,7042,7,42,Ixhuatan,Chiapas,Frontera Sur,XI,Rios Grijalva y Usumacinta,24,sin dato,SIN SEQUIA,SIN REDUCCION
Region A - Primeros Quince dias habiles de cada Diciembre,7043,7,43,Ixtacomitan,Chiapas,Frontera Sur,XI,Rios Grijalva y Usumacinta,24,sin dato,SIN SEQUIA,SIN REDUCCION
Region A - Primeros Quince dias habiles de cada Diciembre,7044,7,44,Ixtapa,Chiapas,Frontera Sur,XI,Rios Grijalva y Usumacinta,24,sin dato,SIN SEQUIA,SIN REDUCCION
Region A - Primeros Quince dias habiles de cada Diciembre,7045,7,45,Ixtapangajoya,Chiapas,Frontera Sur,XI,Rios Grijalva y Usumacinta,24,sin dato,SIN SEQUIA,SIN REDUCCION
Region A - Primeros Quince dias habiles de cada Diciembre,7046,7,46,Jiquipilas,Chiapas,Frontera Sur,XI,Rios Grijalva y Usumacinta,24,D0,PRE-ALERTA,10%
Region A - Primeros Quince dias habiles de cada Diciembre,7047,7,47,Jitotol,Chiapas,Frontera Sur,XI,Rios Grijalva y Usumacinta,24,sin dato,SIN SEQUIA,SIN REDUCCION
Region C - Primeros 8 dias habiles de CADA MES,7048,7,48,Juarez,Chiapas,Frontera Sur,XI,Rios Grijalva y Usumacinta,24,sin dato,SIN SEQUIA,SIN REDUCCION
Region A - Primeros Quince dias habiles de cada Diciembre,7049,7,49,Larrainzar,Chiapas,Frontera Sur,XI,Rios Grijalva y Usumacinta,24,sin dato,SIN SEQUIA,SIN REDUCCION
Region A - Primeros Quince dias habiles de cada Diciembre,7050,7,50,La Libertad,Chiapas,Frontera Sur,XI,Rios Grijalva y Usumacinta,24,sin dato,SIN SEQUIA,SIN REDUCCION
Region A - Primeros Quince dias habiles de cada Diciembre,7051,7,51,Mapastepec,Chiapas,Frontera Sur,XI,Costa de Chiapas,23,sin dato,SIN SEQUIA,SIN REDUCCION
Region A - Primeros Quince dias habiles de cada Diciembre,7052,7,52,Las Margaritas,Chiapas,Frontera Sur,XI,Rios Grijalva y Usumacinta,24,D1,PRE-ALERTA,15%
Region A - Primeros Quince dias habiles de cada Diciembre,7053,7,53,Mazapa de Madero,Chiapas,Frontera Sur,XI,Rios Grijalva y Usumacinta,24,sin dato,SIN SEQUIA,SIN REDUCCION
Region A - Primeros Quince dias habiles de cada Diciembre,7054,7,54,Mazatan,Chiapas,Frontera Sur,XI,Costa de Chiapas,23,sin dato,SIN SEQUIA,SIN REDUCCION
Region A - Primeros Quince dias habiles de cada Diciembre,7055,7,55,Metapa,Chiapas,Frontera Sur,XI,Costa de Chiapas,23,sin dato,SIN SEQUIA,SIN REDUCCION
Region A - Primeros Quince dias habiles de cada Diciembre,7056,7,56,Mitontic,Chiapas,Frontera Sur,XI,Rios Grijalva y Usumacinta,24,sin dato,SIN SEQUIA,SIN REDUCCION
Region A - Primeros Quince dias habiles de cada Diciembre,7057,7,57,Motozintla,Chiapas,Frontera Sur,XI,Costa de Chiapas,23,sin dato,SIN SEQUIA,SIN REDUCCION
Region A - Primeros Quince dias habiles de cada Diciembre,7058,7,58,Nicolas Ruiz,Chiapas,Frontera Sur,XI,Rios Grijalva y Usumacinta,24,sin dato,SIN SEQUIA,SIN REDUCCION
Region A - Primeros Quince dias habiles de cada Diciembre,7059,7,59,Ocosingo,Chiapas,Frontera Sur,XI,Rios Grijalva y Usumacinta,24,D1,NARANJA,25%
Region A - Primeros Quince dias habiles de cada Diciembre,7060,7,60,Ocotepec,Chiapas,Frontera Sur,XI,Rios Grijalva y Usumacinta,24,sin dato,SIN SEQUIA,SIN REDUCCION
Region A - Primeros Quince dias habiles de cada Diciembre,7061,7,61,Ocozocoautla de Espinosa,Chiapas,Frontera Sur,XI,Rios Grijalva y Usumacinta,24,D0,PRE-ALERTA,10%
Region A - Primeros Quince dias habiles de cada Diciembre,7062,7,62,Ostuacan,Chiapas,Frontera Sur,XI,Rios Grijalva y Usumacinta,24,sin dato,SIN SEQUIA,SIN REDUCCION
Region A - Primeros Quince dias habiles de cada Diciembre,7063,7,63,Osumacinta,Chiapas,Frontera Sur,XI,Rios Grijalva y Usumacinta,24,D0,PRE-ALERTA,10%
Region A - Primeros Quince dias habiles de cada Diciembre,7064,7,64,Oxchuc,Chiapas,Frontera Sur,XI,Rios Grijalva y Usumacinta,24,sin dato,SIN SEQUIA,SIN REDUCCION
Region C - Primeros 8 dias habiles de CADA MES,7065,7,65,Palenque,Chiapas,Frontera Sur,XI,Rios Grijalva y Usumacinta,24,D1,AMARILLO,15%
Region A - Primeros Quince dias habiles de cada Diciembre,7066,7,66,Pantelho,Chiapas,Frontera Sur,XI,Rios Grijalva y Usumacinta,24,sin dato,SIN SEQUIA,SIN REDUCCION
Region A - Primeros Quince dias habiles de cada Diciembre,7067,7,67,Pantepec,Chiapas,Frontera Sur,XI,Rios Grijalva y Usumacinta,24,sin dato,SIN SEQUIA,SIN REDUCCION
Region C - Primeros 8 dias habiles de CADA MES,7068,7,68,Pichucalco,Chiapas,Frontera Sur,XI,Rios Grijalva y Usumacinta,24,sin dato,SIN SEQUIA,SIN REDUCCION
Region A - Primeros Quince dias habiles de cada Diciembre,7069,7,69,Pijijiapan,Chiapas,Frontera Sur,XI,Costa de Chiapas,23,sin dato,SIN SEQUIA,SIN REDUCCION
Region A - Primeros Quince dias habiles de cada Diciembre,7070,7,70,El Porvenir,Chiapas,Frontera Sur,XI,Rios Grijalva y Usumacinta,24,sin dato,SIN SEQUIA,SIN REDUCCION
Region A - Primeros Quince dias habiles de cada Diciembre,7071,7,71,Villa Comaltitlan,Chiapas,Frontera Sur,XI,Costa de Chiapas,23,sin dato,SIN SEQUIA,SIN REDUCCION
Region A - Primeros Quince dias habiles de cada Diciembre,7072,7,72,Pueblo Nuevo Solistahuacan,Chiapas,Frontera Sur,XI,Rios Grijalva y Usumacinta,24,sin dato,SIN SEQUIA,SIN REDUCCION
Region A - Primeros Quince dias habiles de cada Diciembre,7073,7,73,Rayon,Chiapas,Frontera Sur,XI,Rios Grijalva y Usumacinta,24,sin dato,SIN SEQUIA,SIN REDUCCION
Region A - Primeros Quince dias habiles de cada Diciembre,7074,7,74,Reforma,Chiapas,Frontera Sur,XI,Rios Grijalva y Usumacinta,24,sin dato,SIN SEQUIA,SIN REDUCCION
Region A - Primeros Quince dias habiles de cada Diciembre,7075,7,75,Las Rosas,Chiapas,Frontera Sur,XI,Rios Grijalva y Usumacinta,24,sin dato,SIN SEQUIA,SIN REDUCCION
Region A - Primeros Quince dias habiles de cada Diciembre,7076,7,76,Sabanilla,Chiapas,Frontera Sur,XI,Rios Grijalva y Usumacinta,24,sin dato,SIN SEQUIA,SIN REDUCCION
Region C - Primeros 8 dias habiles de CADA MES,7077,7,77,Salto de Agua,Chiapas,Frontera Sur,XI,Rios Grijalva y Usumacinta,24,sin dato,SIN SEQUIA,SIN REDUCCION
Region A - Primeros Quince dias habiles de cada Diciembre,7078,7,78,San Cristobal de las Casas,Chiapas,Frontera Sur,XI,Rios Grijalva y Usumacinta,24,sin dato,SIN SEQUIA,SIN REDUCCION
Region A - Primeros Quince dias habiles de cada Diciembre,7079,7,79,San Fernando,Chiapas,Frontera Sur,XI,Rios Grijalva y Usumacinta,24,D0,PRE-ALERTA,10%
Region A - Primeros Quince dias habiles de cada Diciembre,7080,7,80,Siltepec,Chiapas,Frontera Sur,XI,Rios Grijalva y Usumacinta,24,sin dato,SIN SEQUIA,SIN REDUCCION
Region A - Primeros Quince dias habiles de cada Diciembre,7081,7,81,Simojovel,Chiapas,Frontera Sur,XI,Rios Grijalva y Usumacinta,24,sin dato,SIN SEQUIA,SIN REDUCCION
Region A - Primeros Quince dias habiles de cada Diciembre,7082,7,82,Sitala,Chiapas,Frontera Sur,XI,Rios Grijalva y Usumacinta,24,sin dato,SIN SEQUIA,SIN REDUCCION
Region A - Primeros Quince dias habiles de cada Diciembre,7083,7,83,Socoltenango,Chiapas,Frontera Sur,XI,Rios Grijalva y Usumacinta,24,sin dato,SIN SEQUIA,SIN REDUCCION
Region C - Primeros 8 dias habiles de CADA MES,7084,7,84,Solosuchiapa,Chiapas,Frontera Sur,XI,Rios Grijalva y Usumacinta,24,sin dato,SIN SEQUIA,SIN REDUCCION
Region A - Primeros Quince dias habiles de cada Diciembre,7085,7,85,Soyalo,Chiapas,Frontera Sur,XI,Rios Grijalva y Usumacinta,24,sin dato,SIN SEQUIA,SIN REDUCCION
Region A - Primeros Quince dias habiles de cada Diciembre,7086,7,86,Suchiapa,Chiapas,Frontera Sur,XI,Rios Grijalva y Usumacinta,24,sin dato,SIN SEQUIA,SIN REDUCCION
Region A - Primeros Quince dias habiles de cada Diciembre,7087,7,87,Suchiate,Chiapas,Frontera Sur,XI,Costa de Chiapas,23,sin dato,SIN SEQUIA,SIN REDUCCION
Region A - Primeros Quince dias habiles de cada Diciembre,7088,7,88,Sunuapa,Chiapas,Frontera Sur,XI,Rios Grijalva y Usumacinta,24,sin dato,SIN SEQUIA,SIN REDUCCION
Region A - Primeros Quince dias habiles de cada Diciembre,7089,7,89,Tapachula,Chiapas,Frontera Sur,XI,Costa de Chiapas,23,sin dato,SIN SEQUIA,SIN REDUCCION
Region A - Primeros Quince dias habiles de cada Diciembre,7090,7,90,Tapalapa,Chiapas,Frontera Sur,XI,Rios Grijalva y Usumacinta,24,sin dato,SIN SEQUIA,SIN REDUCCION
Region A - Primeros Quince dias habiles de cada Diciembre,7091,7,91,Tapilula,Chiapas,Frontera Sur,XI,Rios Grijalva y Usumacinta,24,sin dato,SIN SEQUIA,SIN REDUCCION
Region A - Primeros Quince dias habiles de cada Diciembre,7092,7,92,Tecpatan,Chiapas,Frontera Sur,XI,Rios Grijalva y Usumacinta,24,D0,PRE-ALERTA,10%
Region A - Primeros Quince dias habiles de cada Diciembre,7093,7,93,Tenejapa,Chiapas,Frontera Sur,XI,Rios Grijalva y Usumacinta,24,sin dato,SIN SEQUIA,SIN REDUCCION
Region A - Primeros Quince dias habiles de cada Diciembre,7094,7,94,Teopisca,Chiapas,Frontera Sur,XI,Rios Grijalva y Usumacinta,24,sin dato,SIN SEQUIA,SIN REDUCCION
Region A - Primeros Quince dias habiles de cada Diciembre,7096,7,96,Tila,Chiapas,Frontera Sur,XI,Rios Grijalva y Usumacinta,24,sin dato,SIN SEQUIA,SIN REDUCCION
Region A - Primeros Quince dias habiles de cada Diciembre,7097,7,97,Tonala,Chiapas,Frontera Sur,XI,Costa de Chiapas,23,sin dato,SIN SEQUIA,SIN REDUCCION
Region A - Primeros Quince dias habiles de cada Diciembre,7098,7,98,Totolapa,Chiapas,Frontera Sur,XI,Rios Grijalva y Usumacinta,24,sin dato,SIN SEQUIA,SIN REDUCCION
Region A - Primeros Quince dias habiles de cada Diciembre,7099,7,99,La Trinitaria,Chiapas,Frontera Sur,XI,Rios Grijalva y Usumacinta,24,D0,PRE-ALERTA,10%
Region A - Primeros Quince dias habiles de cada Diciembre,7100,7,100,Tumbala,Chiapas,Frontera Sur,XI,Rios Grijalva y Usumacinta,24,sin dato,SIN SEQUIA,SIN REDUCCION
Region A - Primeros Quince dias habiles de cada Diciembre,7101,7,101,Tuxtla Gutierrez,Chiapas,Frontera Sur,XI,Rios Grijalva y Usumacinta,24,D0,PRE-ALERTA,10%
Region A - Primeros Quince dias habiles de cada Diciembre,7102,7,102,Tuxtla Chico,Chiapas,Frontera Sur,XI,Costa de Chiapas,23,sin dato,SIN SEQUIA,SIN REDUCCION
Region A - Primeros Quince dias habiles de cada Diciembre,7103,7,103,Tuzantan,Chiapas,Frontera Sur,XI,Costa de Chiapas,23,sin dato,SIN SEQUIA,SIN REDUCCION
Region A - Primeros Quince dias habiles de cada Diciembre,7104,7,104,Tzimol,Chiapas,Frontera Sur,XI,Rios Grijalva y Usumacinta,24,sin dato,SIN SEQUIA,SIN REDUCCION
Region A - Primeros Quince dias habiles de cada Diciembre,7105,7,105,Union Juarez,Chiapas,Frontera Sur,XI,Costa de Chiapas,23,sin dato,SIN SEQUIA,SIN REDUCCION
Region A - Primeros Quince dias habiles de cada Diciembre,7106,7,106,Venustiano Carranza,Chiapas,Frontera Sur,XI,Rios Grijalva y Usumacinta,24,sin dato,SIN SEQUIA,SIN REDUCCION
Region A - Primeros Quince dias habiles de cada Diciembre,7107,7,107,Villa Corzo,Chiapas,Frontera Sur,XI,Rios Grijalva y Usumacinta,24,sin dato,SIN SEQUIA,SIN REDUCCION
Region A - Primeros Quince dias habiles de cada Diciembre,7108,7,108,Villaflores,Chiapas,Frontera Sur,XI,Rios Grijalva y Usumacinta,24,sin dato,SIN SEQUIA,SIN REDUCCION
Region A - Primeros Quince dias habiles de cada Diciembre,7109,7,109,Yajalon,Chiapas,Frontera Sur,XI,Rios Grijalva y Usumacinta,24,sin dato,SIN SEQUIA,SIN REDUCCION
Region A - Primeros Quince dias habiles de cada Diciembre,7110,7,110,San Lucas,Chiapas,Frontera Sur,XI,Rios Grijalva y Usumacinta,24,sin dato,SIN SEQUIA,SIN REDUCCION
Region A - Primeros Quince dias habiles de cada Diciembre,7111,7,111,Zinacantan,Chiapas,Frontera Sur,XI,Rios Grijalva y Usumacinta,24,sin dato,SIN SEQUIA,SIN REDUCCION
Region A - Primeros Quince dias habiles de cada Diciembre,7112,7,112,San Juan Cancuc,Chiapas,Frontera Sur,XI,Rios Grijalva y Usumacinta,24,sin dato,SIN SEQUIA,SIN REDUCCION
Region A - Primeros Quince dias habiles de cada Diciembre,7113,7,113,Aldama,Chiapas,Frontera Sur,XI,Rios Grijalva y Usumacinta,24,sin dato,SIN SEQUIA,SIN REDUCCION
Region A - Primeros Quince dias habiles de cada Diciembre,7114,7,114,Benemerito de las Americas,Chiapas,Frontera Sur,XI,Rios Grijalva y Usumacinta,24,sin dato,SIN SEQUIA,SIN REDUCCION
Region A - Primeros Quince dias habiles de cada Diciembre,7115,7,115,Maravilla Tenejapa,Chiapas,Frontera Sur,XI,Rios Grijalva y Usumacinta,24,sin dato,SIN SEQUIA,SIN REDUCCION
Region A - Primeros Quince dias habiles de cada Diciembre,7116,7,116,Marques de Comillas,Chiapas,Frontera Sur,XI,Rios Grijalva y Usumacinta,24,sin dato,SIN SEQUIA,SIN REDUCCION
Region A - Primeros Quince dias habiles de cada Diciembre,7117,7,117,Montecristo de Guerrero,Chiapas,Frontera Sur,XI,Rios Grijalva y Usumacinta,24,sin dato,SIN SEQUIA,SIN REDUCCION
Region A - Primeros Quince dias habiles de cada Diciembre,7118,7,118,San Andres Duraznal,Chiapas,Frontera Sur,XI,Rios Grijalva y Usumacinta,24,sin dato,SIN SEQUIA,SIN REDUCCION
Region A - Primeros Quince dias habiles de cada Diciembre,7119,7,119,Santiago el Pinar,Chiapas,Frontera Sur,XI,Rios Grijalva y Usumacinta,24,sin dato,SIN SEQUIA,SIN REDUCCION
Region A - Primeros Quince dias habiles de cada Diciembre,7120,7,120,Capitan Luis angel Vidal,Chiapas,Frontera Sur,XI,Rios Grijalva y Usumacinta,24,sin dato,SIN SEQUIA,SIN REDUCCION
Region A - Primeros Quince dias habiles de cada Diciembre,7121,7,121,Rincon Chamula San Pedro,Chiapas,Frontera Sur,XI,Rios Grijalva y Usumacinta,24,sin dato,SIN SEQUIA,SIN REDUCCION
Region A - Primeros Quince dias habiles de cada Diciembre,7122,7,122,El Parral,Chiapas,Frontera Sur,XI,Rios Grijalva y Usumacinta,24,sin dato,SIN SEQUIA,SIN REDUCCION
Region A - Primeros Quince dias habiles de cada Diciembre,7123,7,123,Emiliano Zapata,Chiapas,Frontera Sur,XI,Rios Grijalva y Usumacinta,24,sin dato,SIN SEQUIA,SIN REDUCCION
Region A - Primeros Quince dias habiles de cada Diciembre,7124,7,124,Mezcalapa,Chiapas,Frontera Sur,XI,Rios Grijalva y Usumacinta,24,D0,PRE-ALERTA,10%
Region A - Primeros Quince dias habiles de cada Diciembre,7125,7,125,Honduras de la Sierra,Chiapas,Frontera Sur,XI,Rios Grijalva y Usumacinta,25,sin dato,SIN SEQUIA,SIN REDUCCION
Region A - Primeros Quince dias habiles de cada Diciembre,8001,8,1,Ahumada,Chihuahua,Rio Bravo,VI,Rio Bravo,12,sin dato,SIN SEQUIA,SIN REDUCCION
Region A - Primeros Quince dias habiles de cada Diciembre,8002,8,2,Aldama,Chihuahua,Rio Bravo,VI,Rio Bravo,12,D0,PRE-ALERTA,10%
Region A - Primeros Quince dias habiles de cada Diciembre,8003,8,3,Allende,Chihuahua,Rio Bravo,VI,Rio Bravo,12,sin dato,SIN SEQUIA,SIN REDUCCION
Region A - Primeros Quince dias habiles de cada Diciembre,8004,8,4,Aquiles Serdan,Chihuahua,Rio Bravo,VI,Rio Bravo,12,D0,PRE-ALERTA,10%
Region A - Primeros Quince dias habiles de cada Diciembre,8005,8,5,Ascension,Chihuahua,Rio Bravo,VI,Rio Bravo,12,D2,ROJO,30%
Region A - Primeros Quince dias habiles de cada Diciembre,8006,8,6,Bachiniva,Chihuahua,Rio Bravo,VI,Rio Bravo,12,sin dato,SIN SEQUIA,SIN REDUCCION
Region A - Primeros Quince dias habiles de cada Diciembre,8007,8,7,Balleza,Chihuahua,Rio Bravo,VI,Rio Bravo,12,sin dato,SIN SEQUIA,SIN REDUCCION
Region A - Primeros Quince dias habiles de cada Diciembre,8008,8,8,Batopilas,Chihuahua,Pacifico Norte,III,Rios Fuerte y Sinaloa,6,sin dato,SIN SEQUIA,SIN REDUCCION
Region A - Primeros Quince dias habiles de cada Diciembre,8009,8,9,Bocoyna,Chihuahua,Rio Bravo,VI,Rio Bravo,12,sin dato,SIN SEQUIA,SIN REDUCCION
Region A - Primeros Quince dias habiles de cada Diciembre,8010,8,10,Buenaventura,Chihuahua,Rio Bravo,VI,Rio Bravo,12,sin dato,SIN SEQUIA,SIN REDUCCION
Region A - Primeros Quince dias habiles de cada Diciembre,8011,8,11,Camargo,Chihuahua,Rio Bravo,VI,Rio Bravo,12,D1,NARANJA,25%
Region A - Primeros Quince dias habiles de cada Diciembre,8012,8,12,Carichi,Chihuahua,Rio Bravo,VI,Rio Bravo,12,sin dato,SIN SEQUIA,SIN REDUCCION
Region A - Primeros Quince dias habiles de cada Diciembre,8013,8,13,Casas Grandes,Chihuahua,Rio Bravo,VI,Rio Bravo,12,sin dato,SIN SEQUIA,SIN REDUCCION
Region A - Primeros Quince dias habiles de cada Diciembre,8014,8,14,Coronado,Chihuahua,Rio Bravo,VI,Rio Bravo,12,sin dato,SIN SEQUIA,SIN REDUCCION
Region A - Primeros Quince dias habiles de cada Diciembre,8015,8,15,Coyame del Sotol,Chihuahua,Rio Bravo,VI,Rio Bravo,12,D1,NARANJA,25%
Region A - Primeros Quince dias habiles de cada Diciembre,8016,8,16,La Cruz,Chihuahua,Rio Bravo,VI,Rio Bravo,12,D0,PRE-ALERTA,10%
Region A - Primeros Quince dias habiles de cada Diciembre,8017,8,17,Cuauhtemoc,Chihuahua,Rio Bravo,VI,Rio Bravo,12,sin dato,SIN SEQUIA,SIN REDUCCION
Region A - Primeros Quince dias habiles de cada Diciembre,8018,8,18,Cusihuiriachi,Chihuahua,Rio Bravo,VI,Rio Bravo,12,sin dato,SIN SEQUIA,SIN REDUCCION
Region A - Primeros Quince dias habiles de cada Diciembre,8019,8,19,Chihuahua,Chihuahua,Rio Bravo,VI,Rio Bravo,12,D0,PRE-ALERTA,10%
Region A - Primeros Quince dias habiles de cada Diciembre,8020,8,20,Chinipas,Chihuahua,Pacifico Norte,III,Rios Fuerte y Sinaloa,6,sin dato,SIN SEQUIA,SIN REDUCCION
Region A - Primeros Quince dias habiles de cada Diciembre,8021,8,21,Delicias,Chihuahua,Rio Bravo,VI,Rio Bravo,12,D0,PRE-ALERTA,10%
Region A - Primeros Quince dias habiles de cada Diciembre,8022,8,22,Dr. Belisario Dominguez,Chihuahua,Rio Bravo,VI,Rio Bravo,12,D0,PRE-ALERTA,10%
Region A - Primeros Quince dias habiles de cada Diciembre,8023,8,23,Galeana,Chihuahua,Rio Bravo,VI,Rio Bravo,12,sin dato,SIN SEQUIA,SIN REDUCCION
Region A - Primeros Quince dias habiles de cada Diciembre,8024,8,24,Santa Isabel,Chihuahua,Rio Bravo,VI,Rio Bravo,12,D0,PRE-ALERTA,10%
Region A - Primeros Quince dias habiles de cada Diciembre,8025,8,25,Gomez Farias,Chihuahua,Rio Bravo,VI,Rio Bravo,12,sin dato,SIN SEQUIA,SIN REDUCCION
Region A - Primeros Quince dias habiles de cada Diciembre,8026,8,26,Gran Morelos,Chihuahua,Rio Bravo,VI,Rio Bravo,12,D0,PRE-ALERTA,10%
Region A - Primeros Quince dias habiles de cada Diciembre,8027,8,27,Guachochi,Chihuahua,Pacifico Norte,III,Rios Fuerte y Sinaloa,6,sin dato,SIN SEQUIA,SIN REDUCCION
Region A - Primeros Quince dias habiles de cada Diciembre,8028,8,28,Guadalupe,Chihuahua,Rio Bravo,VI,Rio Bravo,12,D1,NARANJA,25%
Region A - Primeros Quince dias habiles de cada Diciembre,8029,8,29,Guadalupe y Calvo,Chihuahua,Pacifico Norte,III,Rios Fuerte y Sinaloa,6,sin dato,SIN SEQUIA,SIN REDUCCION
Region A - Primeros Quince dias habiles de cada Diciembre,8030,8,30,Guazapares,Chihuahua,Pacifico Norte,III,Rios Fuerte y Sinaloa,6,sin dato,SIN SEQUIA,SIN REDUCCION
Region A - Primeros Quince dias habiles de cada Diciembre,8031,8,31,Guerrero,Chihuahua,Noroeste,II,Rios Yaqui y Matape,4,sin dato,SIN SEQUIA,SIN REDUCCION
Region A - Primeros Quince dias habiles de cada Diciembre,8032,8,32,Hidalgo del Parral,Chihuahua,Rio Bravo,VI,Rio Bravo,12,sin dato,SIN SEQUIA,SIN REDUCCION
Region A - Primeros Quince dias habiles de cada Diciembre,8033,8,33,Huejotitan,Chihuahua,Rio Bravo,VI,Rio Bravo,12,sin dato,SIN SEQUIA,SIN REDUCCION
Region A - Primeros Quince dias habiles de cada Diciembre,8034,8,34,Ignacio Zaragoza,Chihuahua,Rio Bravo,VI,Rio Bravo,12,sin dato,SIN SEQUIA,SIN REDUCCION
Region C - Primeros 8 dias habiles de CADA MES,8035,8,35,Janos,Chihuahua,Rio Bravo,VI,Rio Bravo,12,D2,ROJO,30%
Region A - Primeros Quince dias habiles de cada Diciembre,8036,8,36,Jimenez,Chihuahua,Rio Bravo,VI,Rio Bravo,12,sin dato,SIN SEQUIA,SIN REDUCCION
Region A - Primeros Quince dias habiles de cada Diciembre,8037,8,37,Juarez,Chihuahua,Rio Bravo,VI,Rio Bravo,12,D1,NARANJA,25%
Region C - Primeros 8 dias habiles de CADA MES,8038,8,38,Julimes,Chihuahua,Rio Bravo,VI,Rio Bravo,12,D0,PRE-ALERTA,10%
Region A - Primeros Quince dias habiles de cada Diciembre,8039,8,39,Lopez,Chihuahua,Rio Bravo,VI,Rio Bravo,12,sin dato,SIN SEQUIA,SIN REDUCCION
Region C - Primeros 8 dias habiles de CADA MES,8040,8,40,Madera,Chihuahua,Noroeste,II,Rios Yaqui y Matape,4,sin dato,SIN SEQUIA,SIN REDUCCION
Region A - Primeros Quince dias habiles de cada Diciembre,8041,8,41,Maguarichi,Chihuahua,Pacifico Norte,III,Rios Fuerte y Sinaloa,6,sin dato,SIN SEQUIA,SIN REDUCCION
Region A - Primeros Quince dias habiles de cada Diciembre,8042,8,42,Manuel Benavides,Chihuahua,Rio Bravo,VI,Rio Bravo,12,D4,ROJO,SUPERIOR AL 40%
Region A - Primeros Quince dias habiles de cada Diciembre,8043,8,43,Matachi,Chihuahua,Noroeste,II,Rios Yaqui y Matape,4,sin dato,SIN SEQUIA,SIN REDUCCION
Region A - Primeros Quince dias habiles de cada Diciembre,8044,8,44,Matamoros,Chihuahua,Rio Bravo,VI,Rio Bravo,12,sin dato,SIN SEQUIA,SIN REDUCCION
Region A - Primeros Quince dias habiles de cada Diciembre,8045,8,45,Meoqui,Chihuahua,Rio Bravo,VI,Rio Bravo,12,D0,PRE-ALERTA,10%
Region A - Primeros Quince dias habiles de cada Diciembre,8046,8,46,Morelos,Chihuahua,Pacifico Norte,III,Rios Fuerte y Sinaloa,6,sin dato,SIN SEQUIA,SIN REDUCCION
Region A - Primeros Quince dias habiles de cada Diciembre,8047,8,47,Moris,Chihuahua,Noroeste,II,Rio Mayo,5,sin dato,SIN SEQUIA,SIN REDUCCION
Region A - Primeros Quince dias habiles de cada Diciembre,8048,8,48,Namiquipa,Chihuahua,Rio Bravo,VI,Rio Bravo,12,sin dato,SIN SEQUIA,SIN REDUCCION
Region A - Primeros Quince dias habiles de cada Diciembre,8049,8,49,Nonoava,Chihuahua,Rio Bravo,VI,Rio Bravo,12,sin dato,SIN SEQUIA,SIN REDUCCION
Region A - Primeros Quince dias habiles de cada Diciembre,8050,8,50,Nuevo Casas Grandes,Chihuahua,Rio Bravo,VI,Rio Bravo,12,sin dato,SIN SEQUIA,SIN REDUCCION
Region A - Primeros Quince dias habiles de cada Diciembre,8051,8,51,Ocampo,Chihuahua,Noroeste,II,Rio Mayo,5,sin dato,SIN SEQUIA,SIN REDUCCION
Region A - Primeros Quince dias habiles de cada Diciembre,8052,8,52,Ojinaga,Chihuahua,Rio Bravo,VI,Rio Bravo,12,D3,ROJO,40%
Region A - Primeros Quince dias habiles de cada Diciembre,8053,8,53,Praxedis G. Guerrero,Chihuahua,Rio Bravo,VI,Rio Bravo,12,D0,AMARILLO,15%
Region A - Primeros Quince dias habiles de cada Diciembre,8054,8,54,Riva Palacio,Chihuahua,Rio Bravo,VI,Rio Bravo,12,D0,PRE-ALERTA,10%
Region A - Primeros Quince dias habiles de cada Diciembre,8055,8,55,Rosales,Chihuahua,Rio Bravo,VI,Rio Bravo,12,D0,PRE-ALERTA,10%
Region A - Primeros Quince dias habiles de cada Diciembre,8056,8,56,Rosario,Chihuahua,Rio Bravo,VI,Rio Bravo,12,sin dato,SIN SEQUIA,SIN REDUCCION
Region A - Primeros Quince dias habiles de cada Diciembre,8057,8,57,San Francisco de Borja,Chihuahua,Rio Bravo,VI,Rio Bravo,12,sin dato,SIN SEQUIA,SIN REDUCCION
Region A - Primeros Quince dias habiles de cada Diciembre,8058,8,58,San Francisco de Conchos,Chihuahua,Rio Bravo,VI,Rio Bravo,12,D0,PRE-ALERTA,10%
Region A - Primeros Quince dias habiles de cada Diciembre,8059,8,59,San Francisco del Oro,Chihuahua,Rio Bravo,VI,Rio Bravo,12,sin dato,SIN SEQUIA,SIN REDUCCION
Region A - Primeros Quince dias habiles de cada Diciembre,8060,8,60,Santa Barbara,Chihuahua,Rio Bravo,VI,Rio Bravo,12,sin dato,SIN SEQUIA,SIN REDUCCION
Region A - Primeros Quince dias habiles de cada Diciembre,8061,8,61,Satevo,Chihuahua,Rio Bravo,VI,Rio Bravo,12,D0,PRE-ALERTA,10%
Region A - Primeros Quince dias habiles de cada Diciembre,8062,8,62,Saucillo,Chihuahua,Rio Bravo,VI,Rio Bravo,12,D0,PRE-ALERTA,10%
Region A - Primeros Quince dias habiles de cada Diciembre,8063,8,63,Temosachi,Chihuahua,Noroeste,II,Rios Yaqui y Matape,4,sin dato,SIN SEQUIA,SIN REDUCCION
Region A - Primeros Quince dias habiles de cada Diciembre,8064,8,64,El Tule,Chihuahua,Rio Bravo,VI,Rio Bravo,12,sin dato,SIN SEQUIA,SIN REDUCCION
Region A - Primeros Quince dias habiles de cada Diciembre,8065,8,65,Urique,Chihuahua,Pacifico Norte,III,Rios Fuerte y Sinaloa,6,sin dato,SIN SEQUIA,SIN REDUCCION
Region A - Primeros Quince dias habiles de cada Diciembre,8066,8,66,Uruachi,Chihuahua,Noroeste,II,Rio Mayo,5,sin dato,SIN SEQUIA,SIN REDUCCION
Region A - Primeros Quince dias habiles de cada Diciembre,8067,8,67,Valle de Zaragoza,Chihuahua,Rio Bravo,VI,Rio Bravo,12,D0,PRE-ALERTA,10%
Region A - Primeros Quince dias habiles de cada Diciembre,9002,9,2,Azcapotzalco,Ciudad de México,Aguas del Valle de Mexico,XIII,Valle de Mexico,26,sin dato,SIN SEQUIA,SIN REDUCCION
Region A - Primeros Quince dias habiles de cada Diciembre,9003,9,3,Coyoacan,Ciudad de México,Aguas del Valle de Mexico,XIII,Valle de Mexico,26,sin dato,SIN SEQUIA,SIN REDUCCION
Region A - Primeros Quince dias habiles de cada Diciembre,9004,9,4,Cuajimalpa de Morelos,Ciudad de México,Aguas del Valle de Mexico,XIII,Valle de Mexico,26,sin dato,SIN SEQUIA,SIN REDUCCION
Region A - Primeros Quince dias habiles de cada Diciembre,9005,9,5,Gustavo A. Madero,Ciudad de México,Aguas del Valle de Mexico,XIII,Valle de Mexico,26,sin dato,SIN SEQUIA,SIN REDUCCION
Region A - Primeros Quince dias habiles de cada Diciembre,9006,9,6,Iztacalco,Ciudad de México,Aguas del Valle de Mexico,XIII,Valle de Mexico,26,sin dato,SIN SEQUIA,SIN REDUCCION
Region A - Primeros Quince dias habiles de cada Diciembre,9007,9,7,Iztapalapa,Ciudad de México,Aguas del Valle de Mexico,XIII,Valle de Mexico,26,sin dato,SIN SEQUIA,SIN REDUCCION
Region A - Primeros Quince dias habiles de cada Diciembre,9008,9,8,La Magdalena Contreras,Ciudad de México,Aguas del Valle de Mexico,XIII,Valle de Mexico,26,sin dato,SIN SEQUIA,SIN REDUCCION
Region A - Primeros Quince dias habiles de cada Diciembre,9009,9,9,Milpa Alta,Ciudad de México,Aguas del Valle de Mexico,XIII,Valle de Mexico,26,sin dato,SIN SEQUIA,SIN REDUCCION
Region A - Primeros Quince dias habiles de cada Diciembre,9010,9,10,alvaro Obregon,Ciudad de México,Aguas del Valle de Mexico,XIII,Valle de Mexico,26,sin dato,SIN SEQUIA,SIN REDUCCION
Region A - Primeros Quince dias habiles de cada Diciembre,9011,9,11,Tlahuac,Ciudad de México,Aguas del Valle de Mexico,XIII,Valle de Mexico,26,sin dato,SIN SEQUIA,SIN REDUCCION
Region A - Primeros Quince dias habiles de cada Diciembre,9012,9,12,Tlalpan,Ciudad de México,Aguas del Valle de Mexico,XIII,Valle de Mexico,26,sin dato,SIN SEQUIA,SIN REDUCCION
Region A - Primeros Quince dias habiles de cada Diciembre,9013,9,13,Xochimilco,Ciudad de México,Aguas del Valle de Mexico,XIII,Valle de Mexico,26,sin dato,SIN SEQUIA,SIN REDUCCION
Region A - Primeros Quince dias habiles de cada Diciembre,9014,9,14,Benito Juarez,Ciudad de México,Aguas del Valle de Mexico,XIII,Valle de Mexico,26,sin dato,SIN SEQUIA,SIN REDUCCION
Region A - Primeros Quince dias habiles de cada Diciembre,9015,9,15,Cuauhtemoc,Ciudad de México,Aguas del Valle de Mexico,XIII,Valle de Mexico,26,sin dato,SIN SEQUIA,SIN REDUCCION
Region A - Primeros Quince dias habiles de cada Diciembre,9016,9,16,Miguel Hidalgo,Ciudad de México,Aguas del Valle de Mexico,XIII,Valle de Mexico,26,sin dato,SIN SEQUIA,SIN REDUCCION
Region A - Primeros Quince dias habiles de cada Diciembre,9017,9,17,Venustiano Carranza,Ciudad de México,Aguas del Valle de Mexico,XIII,Valle de Mexico,26,sin dato,SIN SEQUIA,SIN REDUCCION
Region A - Primeros Quince dias habiles de cada Diciembre,10001,10,1,Canatlan,Durango,Pacifico Norte,III,Rios Presidio al San Pedro,8,sin dato,SIN SEQUIA,SIN REDUCCION
Region A - Primeros Quince dias habiles de cada Diciembre,10002,10,2,Canelas,Durango,Pacifico Norte,III,Rios Mocorito al Quelite,7,sin dato,SIN SEQUIA,SIN REDUCCION
Region A - Primeros Quince dias habiles de cada Diciembre,10003,10,3,Coneto de Comonfort,Durango,Cuencas Centrales del Norte,VII,Nazas-Aguanaval,13,sin dato,SIN SEQUIA,SIN REDUCCION
Region A - Primeros Quince dias habiles de cada Diciembre,10004,10,4,Cuencame,Durango,Cuencas Centrales del Norte,VII,Nazas-Aguanaval,13,sin dato,SIN SEQUIA,SIN REDUCCION
Region A - Primeros Quince dias habiles de cada Diciembre,10005,10,5,Durango,Durango,Pacifico Norte,III,Rios Presidio al San Pedro,8,sin dato,SIN SEQUIA,SIN REDUCCION
Region A - Primeros Quince dias habiles de cada Diciembre,10006,10,6,General Simon Bolivar,Durango,Cuencas Centrales del Norte,VII,Nazas-Aguanaval,13,sin dato,SIN SEQUIA,SIN REDUCCION
Region A - Primeros Quince dias habiles de cada Diciembre,10007,10,7,Gomez Palacio,Durango,Cuencas Centrales del Norte,VII,Nazas-Aguanaval,13,sin dato,SIN SEQUIA,SIN REDUCCION
Region A - Primeros Quince dias habiles de cada Diciembre,10008,10,8,Guadalupe Victoria,Durango,Pacifico Norte,III,Rios Presidio al San Pedro,8,sin dato,SIN SEQUIA,SIN REDUCCION
Region A - Primeros Quince dias habiles de cada Diciembre,10009,10,9,Guanacevi,Durango,Cuencas Centrales del Norte,VII,Nazas-Aguanaval,13,sin dato,SIN SEQUIA,SIN REDUCCION
Region A - Primeros Quince dias habiles de cada Diciembre,10010,10,10,Hidalgo,Durango,Cuencas Centrales del Norte,VII,Nazas-Aguanaval,13,sin dato,SIN SEQUIA,SIN REDUCCION
Region A - Primeros Quince dias habiles de cada Diciembre,10011,10,11,Inde,Durango,Cuencas Centrales del Norte,VII,Nazas-Aguanaval,13,sin dato,SIN SEQUIA,SIN REDUCCION
Region A - Primeros Quince dias habiles de cada Diciembre,10012,10,12,Lerdo,Durango,Cuencas Centrales del Norte,VII,Nazas-Aguanaval,13,sin dato,SIN SEQUIA,SIN REDUCCION
Region A - Primeros Quince dias habiles de cada Diciembre,10013,10,13,Mapimi,Durango,Cuencas Centrales del Norte,VII,Nazas-Aguanaval,13,sin dato,SIN SEQUIA,SIN REDUCCION
Region A - Primeros Quince dias habiles de cada Diciembre,10014,10,14,Mezquital,Durango,Pacifico Norte,III,Rios Presidio al San Pedro,8,sin dato,SIN SEQUIA,SIN REDUCCION
Region A - Primeros Quince dias habiles de cada Diciembre,10015,10,15,Nazas,Durango,Cuencas Centrales del Norte,VII,Nazas-Aguanaval,13,sin dato,SIN SEQUIA,SIN REDUCCION
Region A - Primeros Quince dias habiles de cada Diciembre,10016,10,16,Nombre de Dios,Durango,Pacifico Norte,III,Rios Presidio al San Pedro,8,sin dato,SIN SEQUIA,SIN REDUCCION
Region A - Primeros Quince dias habiles de cada Diciembre,10017,10,17,Ocampo,Durango,Rio Bravo,VI,Rio Bravo,12,sin dato,SIN SEQUIA,SIN REDUCCION
Region A - Primeros Quince dias habiles de cada Diciembre,10018,10,18,El Oro,Durango,Cuencas Centrales del Norte,VII,Nazas-Aguanaval,13,sin dato,SIN SEQUIA,SIN REDUCCION
Region A - Primeros Quince dias habiles de cada Diciembre,10019,10,19,Otaez,Durango,Pacifico Norte,III,Rios Mocorito al Quelite,7,sin dato,SIN SEQUIA,SIN REDUCCION
Region A - Primeros Quince dias habiles de cada Diciembre,10020,10,20,Panuco de Coronado,Durango,Pacifico Norte,III,Rios Presidio al San Pedro,8,sin dato,SIN SEQUIA,SIN REDUCCION
Region A - Primeros Quince dias habiles de cada Diciembre,10021,10,21,Penon Blanco,Durango,Cuencas Centrales del Norte,VII,Nazas-Aguanaval,13,sin dato,SIN SEQUIA,SIN REDUCCION
Region A - Primeros Quince dias habiles de cada Diciembre,10022,10,22,Poanas,Durango,Pacifico Norte,III,Rios Presidio al San Pedro,8,sin dato,SIN SEQUIA,SIN REDUCCION
Region A - Primeros Quince dias habiles de cada Diciembre,10023,10,23,Pueblo Nuevo,Durango,Pacifico Norte,III,Rios Presidio al San Pedro,8,sin dato,SIN SEQUIA,SIN REDUCCION
Region A - Primeros Quince dias habiles de cada Diciembre,10024,10,24,Rodeo,Durango,Cuencas Centrales del Norte,VII,Nazas-Aguanaval,13,sin dato,SIN SEQUIA,SIN REDUCCION
Region A - Primeros Quince dias habiles de cada Diciembre,10025,10,25,San Bernardo,Durango,Cuencas Centrales del Norte,VII,Nazas-Aguanaval,13,sin dato,SIN SEQUIA,SIN REDUCCION
Region A - Primeros Quince dias habiles de cada Diciembre,10026,10,26,San Dimas,Durango,Pacifico Norte,III,Rios Mocorito al Quelite,7,sin dato,SIN SEQUIA,SIN REDUCCION
Region A - Primeros Quince dias habiles de cada Diciembre,10027,10,27,San Juan de Guadalupe,Durango,Cuencas Centrales del Norte,VII,Nazas-Aguanaval,13,sin dato,SIN SEQUIA,SIN REDUCCION
Region A - Primeros Quince dias habiles de cada Diciembre,10028,10,28,San Juan del Rio,Durango,Cuencas Centrales del Norte,VII,Nazas-Aguanaval,13,sin dato,SIN SEQUIA,SIN REDUCCION
Region A - Primeros Quince dias habiles de cada Diciembre,10029,10,29,San Luis del Cordero,Durango,Cuencas Centrales del Norte,VII,Nazas-Aguanaval,13,sin dato,SIN SEQUIA,SIN REDUCCION
Region A - Primeros Quince dias habiles de cada Diciembre,10030,10,30,San Pedro del Gallo,Durango,Cuencas Centrales del Norte,VII,Nazas-Aguanaval,13,sin dato,SIN SEQUIA,SIN REDUCCION
Region A - Primeros Quince dias habiles de cada Diciembre,10031,10,31,Santa Clara,Durango,Cuencas Centrales del Norte,VII,Nazas-Aguanaval,13,sin dato,SIN SEQUIA,SIN REDUCCION
Region A - Primeros Quince dias habiles de cada Diciembre,10032,10,32,Santiago Papasquiaro,Durango,Cuencas Centrales del Norte,VII,Nazas-Aguanaval,13,sin dato,SIN SEQUIA,SIN REDUCCION
Region A - Primeros Quince dias habiles de cada Diciembre,10033,10,33,Suchil,Durango,Pacifico Norte,III,Rios Presidio al San Pedro,8,sin dato,SIN SEQUIA,SIN REDUCCION
Region A - Primeros Quince dias habiles de cada Diciembre,10034,10,34,Tamazula,Durango,Pacifico Norte,III,Rios Mocorito al Quelite,7,sin dato,SIN SEQUIA,SIN REDUCCION
Region A - Primeros Quince dias habiles de cada Diciembre,10035,10,35,Tepehuanes,Durango,Cuencas Centrales del Norte,VII,Nazas-Aguanaval,13,sin dato,SIN SEQUIA,SIN REDUCCION
Region A - Primeros Quince dias habiles de cada Diciembre,10036,10,36,Tlahualilo,Durango,Cuencas Centrales del Norte,VII,Nazas-Aguanaval,13,sin dato,SIN SEQUIA,SIN REDUCCION
Region A - Primeros Quince dias habiles de cada Diciembre,10037,10,37,Topia,Durango,Pacifico Norte,III,Rios Mocorito al Quelite,7,sin dato,SIN SEQUIA,SIN REDUCCION
Region A - Primeros Quince dias habiles de cada Diciembre,10038,10,38,Vicente Guerrero,Durango,Pacifico Norte,III,Rios Presidio al San Pedro,8,sin dato,SIN SEQUIA,SIN REDUCCION
Region A - Primeros Quince dias habiles de cada Diciembre,10039,10,39,Nuevo Ideal,Durango,Pacifico Norte,III,Rios Presidio al San Pedro,8,sin dato,SIN SEQUIA,SIN REDUCCION
Region A - Primeros Quince dias habiles de cada Diciembre,11001,11,1,Abasolo,Guanajuato,Lerma Santiago Pacifico,VIII,Lerma - Chapala,15,sin dato,SIN SEQUIA,SIN REDUCCION
Region A - Primeros Quince dias habiles de cada Diciembre,11002,11,2,Acambaro,Guanajuato,Lerma Santiago Pacifico,VIII,Lerma - Chapala,15,sin dato,SIN SEQUIA,SIN REDUCCION
Region A - Primeros Quince dias habiles de cada Diciembre,11003,11,3,San Miguel de Allende,Guanajuato,Lerma Santiago Pacifico,VIII,Lerma - Chapala,15,sin dato,SIN SEQUIA,SIN REDUCCION
Region A - Primeros Quince dias habiles de cada Diciembre,11004,11,4,Apaseo el Alto,Guanajuato,Lerma Santiago Pacifico,VIII,Lerma - Chapala,15,sin dato,SIN SEQUIA,SIN REDUCCION
Region A - Primeros Quince dias habiles de cada Diciembre,11005,11,5,Apaseo el Grande,Guanajuato,Lerma Santiago Pacifico,VIII,Lerma - Chapala,15,sin dato,SIN SEQUIA,SIN REDUCCION
Region A - Primeros Quince dias habiles de cada Diciembre,11006,11,6,Atarjea,Guanajuato,Golfo Norte,IX,Rio Panuco,19,sin dato,SIN SEQUIA,SIN REDUCCION
Region A - Primeros Quince dias habiles de cada Diciembre,11007,11,7,Celaya,Guanajuato,Lerma Santiago Pacifico,VIII,Lerma - Chapala,15,sin dato,SIN SEQUIA,SIN REDUCCION
Region A - Primeros Quince dias habiles de cada Diciembre,11008,11,8,Manuel Doblado,Guanajuato,Lerma Santiago Pacifico,VIII,Lerma - Chapala,15,sin dato,SIN SEQUIA,SIN REDUCCION
Region A - Primeros Quince dias habiles de cada Diciembre,11009,11,9,Comonfort,Guanajuato,Lerma Santiago Pacifico,VIII,Lerma - Chapala,15,sin dato,SIN SEQUIA,SIN REDUCCION
Region A - Primeros Quince dias habiles de cada Diciembre,11010,11,10,Coroneo,Guanajuato,Lerma Santiago Pacifico,VIII,Lerma - Chapala,15,sin dato,SIN SEQUIA,SIN REDUCCION
Region A - Primeros Quince dias habiles de cada Diciembre,11011,11,11,Cortazar,Guanajuato,Lerma Santiago Pacifico,VIII,Lerma - Chapala,15,sin dato,SIN SEQUIA,SIN REDUCCION
Region A - Primeros Quince dias habiles de cada Diciembre,11012,11,12,Cueramaro,Guanajuato,Lerma Santiago Pacifico,VIII,Lerma - Chapala,15,sin dato,SIN SEQUIA,SIN REDUCCION
Region A - Primeros Quince dias habiles de cada Diciembre,11013,11,13,Doctor Mora,Guanajuato,Lerma Santiago Pacifico,VIII,Lerma - Chapala,15,sin dato,SIN SEQUIA,SIN REDUCCION
Region A - Primeros Quince dias habiles de cada Diciembre,11014,11,14,Dolores Hidalgo Cuna de la Independencia Nal.,Guanajuato,Lerma Santiago Pacifico,VIII,Lerma - Chapala,15,sin dato,SIN SEQUIA,SIN REDUCCION
Region A - Primeros Quince dias habiles de cada Diciembre,11015,11,15,Guanajuato,Guanajuato,Lerma Santiago Pacifico,VIII,Lerma - Chapala,15,sin dato,SIN SEQUIA,SIN REDUCCION
Region A - Primeros Quince dias habiles de cada Diciembre,11016,11,16,Huanimaro,Guanajuato,Lerma Santiago Pacifico,VIII,Lerma - Chapala,15,sin dato,SIN SEQUIA,SIN REDUCCION
Region A - Primeros Quince dias habiles de cada Diciembre,11017,11,17,Irapuato,Guanajuato,Lerma Santiago Pacifico,VIII,Lerma - Chapala,15,sin dato,SIN SEQUIA,SIN REDUCCION
Region A - Primeros Quince dias habiles de cada Diciembre,11018,11,18,Jaral del Progreso,Guanajuato,Lerma Santiago Pacifico,VIII,Lerma - Chapala,15,sin dato,SIN SEQUIA,SIN REDUCCION
Region A - Primeros Quince dias habiles de cada Diciembre,11019,11,19,Jerecuaro,Guanajuato,Lerma Santiago Pacifico,VIII,Lerma - Chapala,15,sin dato,SIN SEQUIA,SIN REDUCCION
Region A - Primeros Quince dias habiles de cada Diciembre,11020,11,20,Leon,Guanajuato,Lerma Santiago Pacifico,VIII,Lerma - Chapala,15,sin dato,SIN SEQUIA,SIN REDUCCION
Region A - Primeros Quince dias habiles de cada Diciembre,11021,11,21,Moroleon,Guanajuato,Lerma Santiago Pacifico,VIII,Lerma - Chapala,15,sin dato,SIN SEQUIA,SIN REDUCCION
Region A - Primeros Quince dias habiles de cada Diciembre,11022,11,22,Ocampo,Guanajuato,Lerma Santiago Pacifico,VIII,Rio Santiago,16,sin dato,SIN SEQUIA,SIN REDUCCION
Region A - Primeros Quince dias habiles de cada Diciembre,11023,11,23,Penjamo,Guanajuato,Lerma Santiago Pacifico,VIII,Lerma - Chapala,15,sin dato,SIN SEQUIA,SIN REDUCCION
Region A - Primeros Quince dias habiles de cada Diciembre,11024,11,24,Pueblo Nuevo,Guanajuato,Lerma Santiago Pacifico,VIII,Lerma - Chapala,15,sin dato,SIN SEQUIA,SIN REDUCCION
Region A - Primeros Quince dias habiles de cada Diciembre,11025,11,25,Purisima del Rincon,Guanajuato,Lerma Santiago Pacifico,VIII,Lerma - Chapala,15,sin dato,SIN SEQUIA,SIN REDUCCION
Region A - Primeros Quince dias habiles de cada Diciembre,11026,11,26,Romita,Guanajuato,Lerma Santiago Pacifico,VIII,Lerma - Chapala,15,sin dato,SIN SEQUIA,SIN REDUCCION
Region A - Primeros Quince dias habiles de cada Diciembre,11027,11,27,Salamanca,Guanajuato,Lerma Santiago Pacifico,VIII,Lerma - Chapala,15,sin dato,SIN SEQUIA,SIN REDUCCION
Region A - Primeros Quince dias habiles de cada Diciembre,11028,11,28,Salvatierra,Guanajuato,Lerma Santiago Pacifico,VIII,Lerma - Chapala,15,sin dato,SIN SEQUIA,SIN REDUCCION
Region A - Primeros Quince dias habiles de cada Diciembre,11029,11,29,San Diego de la Union,Guanajuato,Lerma Santiago Pacifico,VIII,Lerma - Chapala,15,sin dato,SIN SEQUIA,SIN REDUCCION
Region A - Primeros Quince dias habiles de cada Diciembre,11030,11,30,San Felipe,Guanajuato,Lerma Santiago Pacifico,VIII,Rio Panuco,19,sin dato,SIN SEQUIA,SIN REDUCCION
Region A - Primeros Quince dias habiles de cada Diciembre,11031,11,31,San Francisco del Rincon,Guanajuato,Lerma Santiago Pacifico,VIII,Lerma - Chapala,15,sin dato,SIN SEQUIA,SIN REDUCCION
Region A - Primeros Quince dias habiles de cada Diciembre,11032,11,32,San Jose Iturbide,Guanajuato,Lerma Santiago Pacifico,VIII,Lerma - Chapala,15,sin dato,SIN SEQUIA,SIN REDUCCION
Region A - Primeros Quince dias habiles de cada Diciembre,11033,11,33,San Luis de la Paz,Guanajuato,Lerma Santiago Pacifico,VIII,Rio Panuco,19,sin dato,SIN SEQUIA,SIN REDUCCION
Region A - Primeros Quince dias habiles de cada Diciembre,11034,11,34,Santa Catarina,Guanajuato,Golfo Norte,IX,Rio Panuco,19,sin dato,SIN SEQUIA,SIN REDUCCION
Region A - Primeros Quince dias habiles de cada Diciembre,11035,11,35,Santa Cruz de Juventino Rosas,Guanajuato,Lerma Santiago Pacifico,VIII,Lerma - Chapala,15,sin dato,SIN SEQUIA,SIN REDUCCION
Region A - Primeros Quince dias habiles de cada Diciembre,11036,11,36,Santiago Maravatio,Guanajuato,Lerma Santiago Pacifico,VIII,Lerma - Chapala,15,sin dato,SIN SEQUIA,SIN REDUCCION
Region A - Primeros Quince dias habiles de cada Diciembre,11037,11,37,Silao,Guanajuato,Lerma Santiago Pacifico,VIII,Lerma - Chapala,15,sin dato,SIN SEQUIA,SIN REDUCCION
Region A - Primeros Quince dias habiles de cada Diciembre,11038,11,38,Tarandacuao,Guanajuato,Lerma Santiago Pacifico,VIII,Lerma - Chapala,15,sin dato,SIN SEQUIA,SIN REDUCCION
Region A - Primeros Quince dias habiles de cada Diciembre,11039,11,39,Tarimoro,Guanajuato,Lerma Santiago Pacifico,VIII,Lerma - Chapala,15,sin dato,SIN SEQUIA,SIN REDUCCION
Region A - Primeros Quince dias habiles de cada Diciembre,11040,11,40,Tierra Blanca,Guanajuato,Golfo Norte,IX,Rio Panuco,19,sin dato,SIN SEQUIA,SIN REDUCCION
Region A - Primeros Quince dias habiles de cada Diciembre,11041,11,41,Uriangato,Guanajuato,Lerma Santiago Pacifico,VIII,Lerma - Chapala,15,sin dato,SIN SEQUIA,SIN REDUCCION
Region A - Primeros Quince dias habiles de cada Diciembre,11042,11,42,Valle de Santiago,Guanajuato,Lerma Santiago Pacifico,VIII,Lerma - Chapala,15,sin dato,SIN SEQUIA,SIN REDUCCION
Region A - Primeros Quince dias habiles de cada Diciembre,11043,11,43,Victoria,Guanajuato,Golfo Norte,IX,Rio Panuco,19,sin dato,SIN SEQUIA,SIN REDUCCION
Region A - Primeros Quince dias habiles de cada Diciembre,11044,11,44,Villagran,Guanajuato,Lerma Santiago Pacifico,VIII,Lerma - Chapala,15,sin dato,SIN SEQUIA,SIN REDUCCION
Region A - Primeros Quince dias habiles de cada Diciembre,11045,11,45,Xichu,Guanajuato,Golfo Norte,IX,Rio Panuco,19,sin dato,SIN SEQUIA,SIN REDUCCION
Region A - Primeros Quince dias habiles de cada Diciembre,11046,11,46,Yuriria,Guanajuato,Lerma Santiago Pacifico,VIII,Lerma - Chapala,15,sin dato,SIN SEQUIA,SIN REDUCCION
Region A - Primeros Quince dias habiles de cada Diciembre,12001,12,1,Acapulco de Juarez,Guerrero,Pacifico Sur,V,Costa de Guerrero,10,sin dato,SIN SEQUIA,SIN REDUCCION
Region A - Primeros Quince dias habiles de cada Diciembre,12002,12,2,Ahuacuotzingo,Guerrero,Balsas,IV,Rio Balsas,9,sin dato,SIN SEQUIA,SIN REDUCCION
Region A - Primeros Quince dias habiles de cada Diciembre,12003,12,3,Ajuchitlan del Progreso,Guerrero,Balsas,IV,Rio Balsas,9,sin dato,SIN SEQUIA,SIN REDUCCION
Region A - Primeros Quince dias habiles de cada Diciembre,12004,12,4,Alcozauca de Guerrero,Guerrero,Balsas,IV,Rio Balsas,9,sin dato,SIN SEQUIA,SIN REDUCCION
Region A - Primeros Quince dias habiles de cada Diciembre,12005,12,5,Alpoyeca,Guerrero,Balsas,IV,Rio Balsas,9,sin dato,SIN SEQUIA,SIN REDUCCION
Region A - Primeros Quince dias habiles de cada Diciembre,12006,12,6,Apaxtla,Guerrero,Balsas,IV,Rio Balsas,9,sin dato,SIN SEQUIA,SIN REDUCCION
Region A - Primeros Quince dias habiles de cada Diciembre,12007,12,7,Arcelia,Guerrero,Balsas,IV,Rio Balsas,9,sin dato,SIN SEQUIA,SIN REDUCCION
Region A - Primeros Quince dias habiles de cada Diciembre,12008,12,8,Atenango del Rio,Guerrero,Balsas,IV,Rio Balsas,9,sin dato,SIN SEQUIA,SIN REDUCCION
Region A - Primeros Quince dias habiles de cada Diciembre,12009,12,9,Atlamajalcingo del Monte,Guerrero,Balsas,IV,Rio Balsas,9,sin dato,SIN SEQUIA,SIN REDUCCION
Region A - Primeros Quince dias habiles de cada Diciembre,12010,12,10,Atlixtac,Guerrero,Balsas,IV,Rio Balsas,9,sin dato,SIN SEQUIA,SIN REDUCCION
Region A - Primeros Quince dias habiles de cada Diciembre,12011,12,11,Atoyac de alvarez,Guerrero,Pacifico Sur,V,Costa de Guerrero,10,sin dato,SIN SEQUIA,SIN REDUCCION
Region A - Primeros Quince dias habiles de cada Diciembre,12012,12,12,Ayutla de los Libres,Guerrero,Pacifico Sur,V,Costa de Guerrero,10,sin dato,SIN SEQUIA,SIN REDUCCION
Region A - Primeros Quince dias habiles de cada Diciembre,12013,12,13,Azoyu,Guerrero,Pacifico Sur,V,Costa de Guerrero,10,sin dato,SIN SEQUIA,SIN REDUCCION
Region A - Primeros Quince dias habiles de cada Diciembre,12014,12,14,Benito Juarez,Guerrero,Pacifico Sur,V,Costa de Guerrero,10,sin dato,SIN SEQUIA,SIN REDUCCION
Region A - Primeros Quince dias habiles de cada Diciembre,12015,12,15,Buenavista de Cuellar,Guerrero,Balsas,IV,Rio Balsas,9,sin dato,SIN SEQUIA,SIN REDUCCION
Region A - Primeros Quince dias habiles de cada Diciembre,12016,12,16,Coahuayutla de Jose Maria Izazaga,Guerrero,Balsas,IV,Rio Balsas,9,sin dato,SIN SEQUIA,SIN REDUCCION
Region A - Primeros Quince dias habiles de cada Diciembre,12017,12,17,Cocula,Guerrero,Balsas,IV,Rio Balsas,9,sin dato,SIN SEQUIA,SIN REDUCCION
Region A - Primeros Quince dias habiles de cada Diciembre,12018,12,18,Copala,Guerrero,Pacifico Sur,V,Costa de Guerrero,10,sin dato,SIN SEQUIA,SIN REDUCCION
Region A - Primeros Quince dias habiles de cada Diciembre,12019,12,19,Copalillo,Guerrero,Balsas,IV,Rio Balsas,9,sin dato,SIN SEQUIA,SIN REDUCCION
Region A - Primeros Quince dias habiles de cada Diciembre,12020,12,20,Copanatoyac,Guerrero,Balsas,IV,Rio Balsas,9,sin dato,SIN SEQUIA,SIN REDUCCION
Region A - Primeros Quince dias habiles de cada Diciembre,12021,12,21,Coyuca de Benitez,Guerrero,Pacifico Sur,V,Costa de Guerrero,10,sin dato,SIN SEQUIA,SIN REDUCCION
Region A - Primeros Quince dias habiles de cada Diciembre,12022,12,22,Coyuca de Catalan,Guerrero,Balsas,IV,Rio Balsas,9,sin dato,SIN SEQUIA,SIN REDUCCION
Region A - Primeros Quince dias habiles de cada Diciembre,12023,12,23,Cuajinicuilapa,Guerrero,Pacifico Sur,V,Costa de Guerrero,10,sin dato,SIN SEQUIA,SIN REDUCCION
Region A - Primeros Quince dias habiles de cada Diciembre,12024,12,24,Cualac,Guerrero,Balsas,IV,Rio Balsas,9,sin dato,SIN SEQUIA,SIN REDUCCION
Region A - Primeros Quince dias habiles de cada Diciembre,12025,12,25,Cuautepec,Guerrero,Pacifico Sur,V,Costa de Guerrero,10,sin dato,SIN SEQUIA,SIN REDUCCION
Region A - Primeros Quince dias habiles de cada Diciembre,12026,12,26,Cuetzala del Progreso,Guerrero,Balsas,IV,Rio Balsas,9,sin dato,SIN SEQUIA,SIN REDUCCION
Region A - Primeros Quince dias habiles de cada Diciembre,12027,12,27,Cutzamala de Pinzon,Guerrero,Balsas,IV,Rio Balsas,9,sin dato,SIN SEQUIA,SIN REDUCCION
Region A - Primeros Quince dias habiles de cada Diciembre,12028,12,28,Chilapa de alvarez,Guerrero,Pacifico Sur,V,Rio Balsas,9,sin dato,SIN SEQUIA,SIN REDUCCION
Region A - Primeros Quince dias habiles de cada Diciembre,12029,12,29,Chilpancingo de los Bravo,Guerrero,Balsas,IV,Costa de Guerrero,10,sin dato,SIN SEQUIA,SIN REDUCCION
Region A - Primeros Quince dias habiles de cada Diciembre,12030,12,30,Florencio Villarreal,Guerrero,Pacifico Sur,V,Costa de Guerrero,10,sin dato,SIN SEQUIA,SIN REDUCCION
Region A - Primeros Quince dias habiles de cada Diciembre,12031,12,31,General Canuto A. Neri,Guerrero,Balsas,IV,Rio Balsas,9,sin dato,SIN SEQUIA,SIN REDUCCION
Region A - Primeros Quince dias habiles de cada Diciembre,12032,12,32,General Heliodoro Castillo,Guerrero,Balsas,IV,Rio Balsas,9,sin dato,SIN SEQUIA,SIN REDUCCION
Region A - Primeros Quince dias habiles de cada Diciembre,12033,12,33,Huamuxtitlan,Guerrero,Balsas,IV,Rio Balsas,9,D0,PRE-ALERTA,10%
Region A - Primeros Quince dias habiles de cada Diciembre,12034,12,34,Huitzuco de los Figueroa,Guerrero,Balsas,IV,Rio Balsas,9,sin dato,SIN SEQUIA,SIN REDUCCION
Region A - Primeros Quince dias habiles de cada Diciembre,12035,12,35,Iguala de la Independencia,Guerrero,Balsas,IV,Rio Balsas,9,sin dato,SIN SEQUIA,SIN REDUCCION
Region A - Primeros Quince dias habiles de cada Diciembre,12036,12,36,Igualapa,Guerrero,Pacifico Sur,V,Costa de Guerrero,10,sin dato,SIN SEQUIA,SIN REDUCCION
Region A - Primeros Quince dias habiles de cada Diciembre,12037,12,37,Ixcateopan de Cuauhtemoc,Guerrero,Balsas,IV,Rio Balsas,9,sin dato,SIN SEQUIA,SIN REDUCCION
Region A - Primeros Quince dias habiles de cada Diciembre,12038,12,38,Jose Azueta,Guerrero,Pacifico Sur,V,Costa de Guerrero,10,sin dato,SIN SEQUIA,SIN REDUCCION
Region A - Primeros Quince dias habiles de cada Diciembre,12039,12,39,Juan R. Escudero,Guerrero,Pacifico Sur,V,Costa de Guerrero,10,sin dato,SIN SEQUIA,SIN REDUCCION
Region A - Primeros Quince dias habiles de cada Diciembre,12040,12,40,Leonardo Bravo,Guerrero,Balsas,IV,Rio Balsas,9,sin dato,SIN SEQUIA,SIN REDUCCION
Region A - Primeros Quince dias habiles de cada Diciembre,12041,12,41,Malinaltepec,Guerrero,Pacifico Sur,V,Costa de Guerrero,10,sin dato,SIN SEQUIA,SIN REDUCCION
Region A - Primeros Quince dias habiles de cada Diciembre,12042,12,42,Martir de Cuilapan,Guerrero,Balsas,IV,Rio Balsas,9,sin dato,SIN SEQUIA,SIN REDUCCION
Region A - Primeros Quince dias habiles de cada Diciembre,12043,12,43,Metlatonoc,Guerrero,Pacifico Sur,V,Costa de Guerrero,10,sin dato,SIN SEQUIA,SIN REDUCCION
Region A - Primeros Quince dias habiles de cada Diciembre,12044,12,44,Mochitlan,Guerrero,Pacifico Sur,V,Costa de Guerrero,10,sin dato,SIN SEQUIA,SIN REDUCCION
Region A - Primeros Quince dias habiles de cada Diciembre,12045,12,45,Olinala,Guerrero,Balsas,IV,Rio Balsas,9,sin dato,SIN SEQUIA,SIN REDUCCION
Region A - Primeros Quince dias habiles de cada Diciembre,12046,12,46,Ometepec,Guerrero,Pacifico Sur,V,Costa de Guerrero,10,sin dato,SIN SEQUIA,SIN REDUCCION
Region A - Primeros Quince dias habiles de cada Diciembre,12047,12,47,Pedro Ascencio Alquisiras,Guerrero,Balsas,IV,Rio Balsas,9,sin dato,SIN SEQUIA,SIN REDUCCION
Region A - Primeros Quince dias habiles de cada Diciembre,12048,12,48,Petatlan,Guerrero,Pacifico Sur,V,Costa de Guerrero,10,sin dato,SIN SEQUIA,SIN REDUCCION
Region A - Primeros Quince dias habiles de cada Diciembre,12049,12,49,Pilcaya,Guerrero,Balsas,IV,Rio Balsas,9,sin dato,SIN SEQUIA,SIN REDUCCION
Region A - Primeros Quince dias habiles de cada Diciembre,12050,12,50,Pungarabato,Guerrero,Balsas,IV,Rio Balsas,9,sin dato,SIN SEQUIA,SIN REDUCCION
Region A - Primeros Quince dias habiles de cada Diciembre,12051,12,51,Quechultenango,Guerrero,Pacifico Sur,V,Costa de Guerrero,10,sin dato,SIN SEQUIA,SIN REDUCCION
Region A - Primeros Quince dias habiles de cada Diciembre,12052,12,52,San Luis Acatlan,Guerrero,Pacifico Sur,V,Costa de Guerrero,10,sin dato,SIN SEQUIA,SIN REDUCCION
Region A - Primeros Quince dias habiles de cada Diciembre,12053,12,53,San Marcos,Guerrero,Pacifico Sur,V,Costa de Guerrero,10,sin dato,SIN SEQUIA,SIN REDUCCION
Region A - Primeros Quince dias habiles de cada Diciembre,12054,12,54,San Miguel Totolapan,Guerrero,Balsas,IV,Rio Balsas,9,sin dato,SIN SEQUIA,SIN REDUCCION
Region A - Primeros Quince dias habiles de cada Diciembre,12055,12,55,Taxco de Alarcon,Guerrero,Balsas,IV,Rio Balsas,9,sin dato,SIN SEQUIA,SIN REDUCCION
Region A - Primeros Quince dias habiles de cada Diciembre,12056,12,56,Tecoanapa,Guerrero,Pacifico Sur,V,Costa de Guerrero,10,sin dato,SIN SEQUIA,SIN REDUCCION
Region A - Primeros Quince dias habiles de cada Diciembre,12057,12,57,Tecpan de Galeana,Guerrero,Pacifico Sur,V,Costa de Guerrero,10,sin dato,SIN SEQUIA,SIN REDUCCION
Region A - Primeros Quince dias habiles de cada Diciembre,12058,12,58,Teloloapan,Guerrero,Balsas,IV,Rio Balsas,9,sin dato,SIN SEQUIA,SIN REDUCCION
Region A - Primeros Quince dias habiles de cada Diciembre,12059,12,59,Tepecoacuilco de Trujano,Guerrero,Balsas,IV,Rio Balsas,9,sin dato,SIN SEQUIA,SIN REDUCCION
Region A - Primeros Quince dias habiles de cada Diciembre,12060,12,60,Tetipac,Guerrero,Balsas,IV,Rio Balsas,9,sin dato,SIN SEQUIA,SIN REDUCCION
Region A - Primeros Quince dias habiles de cada Diciembre,12061,12,61,Tixtla de Guerrero,Guerrero,Pacifico Sur,V,Rio Balsas,9,sin dato,SIN SEQUIA,SIN REDUCCION
Region A - Primeros Quince dias habiles de cada Diciembre,12062,12,62,Tlacoachistlahuaca,Guerrero,Pacifico Sur,V,Costa de Guerrero,10,sin dato,SIN SEQUIA,SIN REDUCCION
Region A - Primeros Quince dias habiles de cada Diciembre,12063,12,63,Tlacoapa,Guerrero,Pacifico Sur,V,Costa de Guerrero,10,sin dato,SIN SEQUIA,SIN REDUCCION
Region A - Primeros Quince dias habiles de cada Diciembre,12064,12,64,Tlalchapa,Guerrero,Balsas,IV,Rio Balsas,9,sin dato,SIN SEQUIA,SIN REDUCCION
Region A - Primeros Quince dias habiles de cada Diciembre,12065,12,65,Tlalixtaquilla de Maldonado,Guerrero,Balsas,IV,Rio Balsas,9,sin dato,SIN SEQUIA,SIN REDUCCION
Region A - Primeros Quince dias habiles de cada Diciembre,12066,12,66,Tlapa de Comonfort,Guerrero,Balsas,IV,Rio Balsas,9,sin dato,SIN SEQUIA,SIN REDUCCION
Region A - Primeros Quince dias habiles de cada Diciembre,12067,12,67,Tlapehuala,Guerrero,Balsas,IV,Rio Balsas,9,sin dato,SIN SEQUIA,SIN REDUCCION
Region A - Primeros Quince dias habiles de cada Diciembre,12068,12,68,La Union de Isidoro Montes de Oca,Guerrero,Balsas,IV,Rio Balsas,9,sin dato,SIN SEQUIA,SIN REDUCCION
Region A - Primeros Quince dias habiles de cada Diciembre,12069,12,69,Xalpatlahuac,Guerrero,Balsas,IV,Rio Balsas,9,sin dato,SIN SEQUIA,SIN REDUCCION
Region A - Primeros Quince dias habiles de cada Diciembre,12070,12,70,Xochihuehuetlan,Guerrero,Balsas,IV,Rio Balsas,9,D0,PRE-ALERTA,10%
Region A - Primeros Quince dias habiles de cada Diciembre,12071,12,71,Xochistlahuaca,Guerrero,Pacifico Sur,V,Costa de Guerrero,10,sin dato,SIN SEQUIA,SIN REDUCCION
Region A - Primeros Quince dias habiles de cada Diciembre,12072,12,72,Zapotitlan Tablas,Guerrero,Pacifico Sur,V,Costa de Guerrero,10,sin dato,SIN SEQUIA,SIN REDUCCION
Region A - Primeros Quince dias habiles de cada Diciembre,12073,12,73,Zirandaro,Guerrero,Balsas,IV,Rio Balsas,9,sin dato,SIN SEQUIA,SIN REDUCCION
Region A - Primeros Quince dias habiles de cada Diciembre,12074,12,74,Zitlala,Guerrero,Balsas,IV,Rio Balsas,9,sin dato,SIN SEQUIA,SIN REDUCCION
Region A - Primeros Quince dias habiles de cada Diciembre,12075,12,75,Eduardo Neri,Guerrero,Balsas,IV,Rio Balsas,9,sin dato,SIN SEQUIA,SIN REDUCCION
Region A - Primeros Quince dias habiles de cada Diciembre,12076,12,76,Acatepec,Guerrero,Balsas,IV,Costa de Guerrero,10,sin dato,SIN SEQUIA,SIN REDUCCION
Region A - Primeros Quince dias habiles de cada Diciembre,12077,12,77,Marquelia,Guerrero,Pacifico Sur,V,Costa de Guerrero,10,sin dato,SIN SEQUIA,SIN REDUCCION
Region A - Primeros Quince dias habiles de cada Diciembre,12078,12,78,Cochoapa el Grande,Guerrero,Pacifico Sur,V,Costa de Guerrero,10,sin dato,SIN SEQUIA,SIN REDUCCION
Region A - Primeros Quince dias habiles de cada Diciembre,12079,12,79,Jose Joaquin de Herrera,Guerrero,Pacifico Sur,V,Costa de Guerrero,10,sin dato,SIN SEQUIA,SIN REDUCCION
Region A - Primeros Quince dias habiles de cada Diciembre,12080,12,80,Juchitan,Guerrero,Pacifico Sur,V,Costa de Guerrero,10,sin dato,SIN SEQUIA,SIN REDUCCION
Region A - Primeros Quince dias habiles de cada Diciembre,12081,12,81,Iliatenco,Guerrero,Pacifico Sur,V,Costa de Guerrero,10,sin dato,SIN SEQUIA,SIN REDUCCION
Region A - Primeros Quince dias habiles de cada Diciembre,13001,13,1,Acatlan,Hidalgo,Golfo Norte,IX,Rio Panuco,19,sin dato,SIN SEQUIA,SIN REDUCCION
Region A - Primeros Quince dias habiles de cada Diciembre,13002,13,2,Acaxochitlan,Hidalgo,Golfo Centro,X,Rios Tuxpan al Jamapa,20,sin dato,SIN SEQUIA,SIN REDUCCION
Region A - Primeros Quince dias habiles de cada Diciembre,13003,13,3,Actopan,Hidalgo,Aguas del Valle de Mexico,XIII,Rio Panuco,19,sin dato,SIN SEQUIA,SIN REDUCCION
Region A - Primeros Quince dias habiles de cada Diciembre,13004,13,4,Agua Blanca de Iturbide,Hidalgo,Golfo Centro,X,Rios Tuxpan al Jamapa,19,sin dato,SIN SEQUIA,SIN REDUCCION
Region A - Primeros Quince dias habiles de cada Diciembre,13005,13,5,Ajacuba,Hidalgo,Aguas del Valle de Mexico,XIII,Valle de Mexico,26,sin dato,SIN SEQUIA,SIN REDUCCION
Region A - Primeros Quince dias habiles de cada Diciembre,13006,13,6,Alfajayucan,Hidalgo,Aguas del Valle de Mexico,XIII,Valle de Mexico,26,sin dato,SIN SEQUIA,SIN REDUCCION
Region A - Primeros Quince dias habiles de cada Diciembre,13007,13,7,Almoloya,Hidalgo,Aguas del Valle de Mexico,XIII,Valle de Mexico,26,sin dato,SIN SEQUIA,SIN REDUCCION
Region A - Primeros Quince dias habiles de cada Diciembre,13008,13,8,Apan,Hidalgo,Aguas del Valle de Mexico,XIII,Valle de Mexico,26,sin dato,SIN SEQUIA,SIN REDUCCION
Region A - Primeros Quince dias habiles de cada Diciembre,13009,13,9,El Arenal,Hidalgo,Aguas del Valle de Mexico,XIII,Valle de Mexico,26,sin dato,SIN SEQUIA,SIN REDUCCION
Region A - Primeros Quince dias habiles de cada Diciembre,13010,13,10,Atitalaquia,Hidalgo,Aguas del Valle de Mexico,XIII,Valle de Mexico,26,sin dato,SIN SEQUIA,SIN REDUCCION
Region A - Primeros Quince dias habiles de cada Diciembre,13011,13,11,Atlapexco,Hidalgo,Golfo Norte,IX,Rio Panuco,19,sin dato,SIN SEQUIA,SIN REDUCCION
Region A - Primeros Quince dias habiles de cada Diciembre,13012,13,12,Atotonilco el Grande,Hidalgo,Golfo Norte,IX,Rio Panuco,19,sin dato,SIN SEQUIA,SIN REDUCCION
Region A - Primeros Quince dias habiles de cada Diciembre,13013,13,13,Atotonilco de Tula,Hidalgo,Aguas del Valle de Mexico,XIII,Valle de Mexico,26,sin dato,SIN SEQUIA,SIN REDUCCION
Region A - Primeros Quince dias habiles de cada Diciembre,13014,13,14,Calnali,Hidalgo,Golfo Norte,IX,Rio Panuco,19,sin dato,SIN SEQUIA,SIN REDUCCION
Region A - Primeros Quince dias habiles de cada Diciembre,13015,13,15,Cardonal,Hidalgo,Aguas del Valle de Mexico,XIII,Rio Panuco,19,sin dato,SIN SEQUIA,SIN REDUCCION
Region A - Primeros Quince dias habiles de cada Diciembre,13016,13,16,Cuautepec de Hinojosa,Hidalgo,Golfo Norte,IX,Rio Panuco,19,sin dato,SIN SEQUIA,SIN REDUCCION
Region A - Primeros Quince dias habiles de cada Diciembre,13017,13,17,Chapantongo,Hidalgo,Aguas del Valle de Mexico,XIII,Valle de Mexico,26,sin dato,SIN SEQUIA,SIN REDUCCION
Region A - Primeros Quince dias habiles de cada Diciembre,13018,13,18,Chapulhuacan,Hidalgo,Golfo Norte,IX,Rio Panuco,19,sin dato,SIN SEQUIA,SIN REDUCCION
Region A - Primeros Quince dias habiles de cada Diciembre,13019,13,19,Chilcuautla,Hidalgo,Aguas del Valle de Mexico,XIII,Valle de Mexico,26,sin dato,SIN SEQUIA,SIN REDUCCION
Region A - Primeros Quince dias habiles de cada Diciembre,13020,13,20,Eloxochitlan,Hidalgo,Golfo Norte,IX,Rio Panuco,19,sin dato,SIN SEQUIA,SIN REDUCCION
Region A - Primeros Quince dias habiles de cada Diciembre,13021,13,21,Emiliano Zapata,Hidalgo,Aguas del Valle de Mexico,XIII,Valle de Mexico,26,sin dato,SIN SEQUIA,SIN REDUCCION
Region A - Primeros Quince dias habiles de cada Diciembre,13022,13,22,Epazoyucan,Hidalgo,Aguas del Valle de Mexico,XIII,Valle de Mexico,26,sin dato,SIN SEQUIA,SIN REDUCCION
Region A - Primeros Quince dias habiles de cada Diciembre,13023,13,23,Francisco I. Madero,Hidalgo,Aguas del Valle de Mexico,XIII,Valle de Mexico,26,sin dato,SIN SEQUIA,SIN REDUCCION
Region A - Primeros Quince dias habiles de cada Diciembre,13024,13,24,Huasca de Ocampo,Hidalgo,Golfo Norte,IX,Rio Panuco,19,sin dato,SIN SEQUIA,SIN REDUCCION
Region A - Primeros Quince dias habiles de cada Diciembre,13025,13,25,Huautla,Hidalgo,Golfo Norte,IX,Rio Panuco,19,sin dato,SIN SEQUIA,SIN REDUCCION
Region A - Primeros Quince dias habiles de cada Diciembre,13026,13,26,Huazalingo,Hidalgo,Golfo Norte,IX,Rio Panuco,19,sin dato,SIN SEQUIA,SIN REDUCCION
Region A - Primeros Quince dias habiles de cada Diciembre,13027,13,27,Huehuetla,Hidalgo,Golfo Centro,X,Rios Tuxpan al Jamapa,20,sin dato,SIN SEQUIA,SIN REDUCCION
Region A - Primeros Quince dias habiles de cada Diciembre,13028,13,28,Huejutla de Reyes,Hidalgo,Golfo Norte,IX,Rio Panuco,19,sin dato,SIN SEQUIA,SIN REDUCCION
Region A - Primeros Quince dias habiles de cada Diciembre,13029,13,29,Huichapan,Hidalgo,Golfo Norte,IX,Rio Panuco,19,sin dato,SIN SEQUIA,SIN REDUCCION
Region A - Primeros Quince dias habiles de cada Diciembre,13030,13,30,Ixmiquilpan,Hidalgo,Aguas del Valle de Mexico,XIII,Valle de Mexico,26,sin dato,SIN SEQUIA,SIN REDUCCION
Region A - Primeros Quince dias habiles de cada Diciembre,13031,13,31,Jacala de Ledezma,Hidalgo,Golfo Norte,IX,Rio Panuco,19,sin dato,SIN SEQUIA,SIN REDUCCION
Region A - Primeros Quince dias habiles de cada Diciembre,13032,13,32,Jaltocan,Hidalgo,Golfo Norte,IX,Rio Panuco,19,sin dato,SIN SEQUIA,SIN REDUCCION
Region A - Primeros Quince dias habiles de cada Diciembre,13033,13,33,Juarez Hidalgo,Hidalgo,Golfo Norte,IX,Rio Panuco,19,sin dato,SIN SEQUIA,SIN REDUCCION
Region A - Primeros Quince dias habiles de cada Diciembre,13034,13,34,Lolotla,Hidalgo,Golfo Norte,IX,Rio Panuco,19,sin dato,SIN SEQUIA,SIN REDUCCION
Region A - Primeros Quince dias habiles de cada Diciembre,13035,13,35,Metepec,Hidalgo,Golfo Norte,IX,Rio Panuco,19,sin dato,SIN SEQUIA,SIN REDUCCION
Region A - Primeros Quince dias habiles de cada Diciembre,13036,13,36,San Agustin Metzquititlan,Hidalgo,Golfo Norte,IX,Rio Panuco,19,sin dato,SIN SEQUIA,SIN REDUCCION
Region A - Primeros Quince dias habiles de cada Diciembre,13037,13,37,Metztitlan,Hidalgo,Golfo Norte,IX,Rio Panuco,19,sin dato,SIN SEQUIA,SIN REDUCCION
Region A - Primeros Quince dias habiles de cada Diciembre,13038,13,38,Mineral del Chico,Hidalgo,Golfo Norte,IX,Rio Panuco,19,sin dato,SIN SEQUIA,SIN REDUCCION
Region A - Primeros Quince dias habiles de cada Diciembre,13039,13,39,Mineral del Monte,Hidalgo,Aguas del Valle de Mexico,XIII,Rio Panuco,19,sin dato,SIN SEQUIA,SIN REDUCCION
Region A - Primeros Quince dias habiles de cada Diciembre,13040,13,40,La Mision,Hidalgo,Golfo Norte,IX,Rio Panuco,19,sin dato,SIN SEQUIA,SIN REDUCCION
Region A - Primeros Quince dias habiles de cada Diciembre,13041,13,41,Mixquiahuala de Juarez,Hidalgo,Aguas del Valle de Mexico,XIII,Valle de Mexico,26,sin dato,SIN SEQUIA,SIN REDUCCION
Region A - Primeros Quince dias habiles de cada Diciembre,13042,13,42,Molango de Escamilla,Hidalgo,Golfo Norte,IX,Rio Panuco,19,sin dato,SIN SEQUIA,SIN REDUCCION
Region A - Primeros Quince dias habiles de cada Diciembre,13043,13,43,Nicolas Flores,Hidalgo,Golfo Norte,IX,Rio Panuco,19,sin dato,SIN SEQUIA,SIN REDUCCION
Region A - Primeros Quince dias habiles de cada Diciembre,13044,13,44,Nopala de Villagran,Hidalgo,Golfo Norte,IX,Rio Panuco,19,sin dato,SIN SEQUIA,SIN REDUCCION
Region A - Primeros Quince dias habiles de cada Diciembre,13045,13,45,Omitlan de Juarez,Hidalgo,Golfo Norte,IX,Rio Panuco,19,sin dato,SIN SEQUIA,SIN REDUCCION
Region C - Primeros 8 dias habiles de CADA MES,13046,13,46,San Felipe Orizatlan,Hidalgo,Golfo Norte,IX,Rio Panuco,19,sin dato,SIN SEQUIA,SIN REDUCCION
Region A - Primeros Quince dias habiles de cada Diciembre,13047,13,47,Pacula,Hidalgo,Golfo Norte,IX,Rio Panuco,19,sin dato,SIN SEQUIA,SIN REDUCCION
Region A - Primeros Quince dias habiles de cada Diciembre,13048,13,48,Pachuca de Soto,Hidalgo,Aguas del Valle de Mexico,XIII,Valle de Mexico,26,sin dato,SIN SEQUIA,SIN REDUCCION
Region A - Primeros Quince dias habiles de cada Diciembre,13049,13,49,Pisaflores,Hidalgo,Golfo Norte,IX,Rio Panuco,19,sin dato,SIN SEQUIA,SIN REDUCCION
Region A - Primeros Quince dias habiles de cada Diciembre,13050,13,50,Progreso de Obregon,Hidalgo,Aguas del Valle de Mexico,XIII,Valle de Mexico,26,sin dato,SIN SEQUIA,SIN REDUCCION
Region A - Primeros Quince dias habiles de cada Diciembre,13051,13,51,Mineral de la Reforma,Hidalgo,Aguas del Valle de Mexico,XIII,Valle de Mexico,26,sin dato,SIN SEQUIA,SIN REDUCCION
Region A - Primeros Quince dias habiles de cada Diciembre,13052,13,52,San Agustin Tlaxiaca,Hidalgo,Aguas del Valle de Mexico,XIII,Valle de Mexico,26,sin dato,SIN SEQUIA,SIN REDUCCION
Region A - Primeros Quince dias habiles de cada Diciembre,13053,13,53,San Bartolo Tutotepec,Hidalgo,Golfo Centro,X,Rios Tuxpan al Jamapa,20,sin dato,SIN SEQUIA,SIN REDUCCION
Region A - Primeros Quince dias habiles de cada Diciembre,13054,13,54,San Salvador,Hidalgo,Aguas del Valle de Mexico,XIII,Valle de Mexico,26,sin dato,SIN SEQUIA,SIN REDUCCION
Region A - Primeros Quince dias habiles de cada Diciembre,13055,13,55,Santiago de Anaya,Hidalgo,Aguas del Valle de Mexico,XIII,Valle de Mexico,26,sin dato,SIN SEQUIA,SIN REDUCCION
Region A - Primeros Quince dias habiles de cada Diciembre,13056,13,56,Santiago Tulantepec de Lugo Guerrero,Hidalgo,Golfo Norte,IX,Rio Panuco,19,sin dato,SIN SEQUIA,SIN REDUCCION
Region A - Primeros Quince dias habiles de cada Diciembre,13057,13,57,Singuilucan,Hidalgo,Aguas del Valle de Mexico,XIII,Valle de Mexico,26,sin dato,SIN SEQUIA,SIN REDUCCION
Region A - Primeros Quince dias habiles de cada Diciembre,13058,13,58,Tasquillo,Hidalgo,Aguas del Valle de Mexico,XIII,Valle de Mexico,26,sin dato,SIN SEQUIA,SIN REDUCCION
Region A - Primeros Quince dias habiles de cada Diciembre,13059,13,59,Tecozautla,Hidalgo,Golfo Norte,IX,Rio Panuco,19,sin dato,SIN SEQUIA,SIN REDUCCION
Region A - Primeros Quince dias habiles de cada Diciembre,13060,13,60,Tenango de Doria,Hidalgo,Golfo Centro,X,Rios Tuxpan al Jamapa,20,sin dato,SIN SEQUIA,SIN REDUCCION
Region A - Primeros Quince dias habiles de cada Diciembre,13061,13,61,Tepeapulco,Hidalgo,Aguas del Valle de Mexico,XIII,Valle de Mexico,26,sin dato,SIN SEQUIA,SIN REDUCCION
Region A - Primeros Quince dias habiles de cada Diciembre,13062,13,62,Tepehuacan de Guerrero,Hidalgo,Golfo Norte,IX,Rio Panuco,19,sin dato,SIN SEQUIA,SIN REDUCCION
Region A - Primeros Quince dias habiles de cada Diciembre,13063,13,63,Tepeji del Rio de Ocampo,Hidalgo,Aguas del Valle de Mexico,XIII,Valle de Mexico,26,sin dato,SIN SEQUIA,SIN REDUCCION
Region A - Primeros Quince dias habiles de cada Diciembre,13064,13,64,Tepetitlan,Hidalgo,Aguas del Valle de Mexico,XIII,Valle de Mexico,26,sin dato,SIN SEQUIA,SIN REDUCCION
Region A - Primeros Quince dias habiles de cada Diciembre,13065,13,65,Tetepango,Hidalgo,Aguas del Valle de Mexico,XIII,Valle de Mexico,26,sin dato,SIN SEQUIA,SIN REDUCCION
Region A - Primeros Quince dias habiles de cada Diciembre,13066,13,66,Villa de Tezontepec,Hidalgo,Aguas del Valle de Mexico,XIII,Valle de Mexico,26,sin dato,SIN SEQUIA,SIN REDUCCION
Region A - Primeros Quince dias habiles de cada Diciembre,13067,13,67,Tezontepec de Aldama,Hidalgo,Aguas del Valle de Mexico,XIII,Valle de Mexico,26,sin dato,SIN SEQUIA,SIN REDUCCION
Region A - Primeros Quince dias habiles de cada Diciembre,13068,13,68,Tianguistengo,Hidalgo,Golfo Norte,IX,Rio Panuco,19,sin dato,SIN SEQUIA,SIN REDUCCION
Region A - Primeros Quince dias habiles de cada Diciembre,13069,13,69,Tizayuca,Hidalgo,Aguas del Valle de Mexico,XIII,Valle de Mexico,26,sin dato,SIN SEQUIA,SIN REDUCCION
Region A - Primeros Quince dias habiles de cada Diciembre,13070,13,70,Tlahuelilpan,Hidalgo,Aguas del Valle de Mexico,XIII,Valle de Mexico,26,sin dato,SIN SEQUIA,SIN REDUCCION
Region A - Primeros Quince dias habiles de cada Diciembre,13071,13,71,Tlahuiltepa,Hidalgo,Golfo Norte,IX,Rio Panuco,19,sin dato,SIN SEQUIA,SIN REDUCCION
Region A - Primeros Quince dias habiles de cada Diciembre,13072,13,72,Tlanalapa,Hidalgo,Aguas del Valle de Mexico,XIII,Valle de Mexico,26,sin dato,SIN SEQUIA,SIN REDUCCION
Region A - Primeros Quince dias habiles de cada Diciembre,13073,13,73,Tlanchinol,Hidalgo,Golfo Norte,IX,Rio Panuco,19,sin dato,SIN SEQUIA,SIN REDUCCION
Region A - Primeros Quince dias habiles de cada Diciembre,13074,13,74,Tlaxcoapan,Hidalgo,Aguas del Valle de Mexico,XIII,Valle de Mexico,26,sin dato,SIN SEQUIA,SIN REDUCCION
Region A - Primeros Quince dias habiles de cada Diciembre,13075,13,75,Tolcayuca,Hidalgo,Aguas del Valle de Mexico,XIII,Valle de Mexico,26,sin dato,SIN SEQUIA,SIN REDUCCION
Region A - Primeros Quince dias habiles de cada Diciembre,13076,13,76,Tula de Allende,Hidalgo,Aguas del Valle de Mexico,XIII,Valle de Mexico,26,sin dato,SIN SEQUIA,SIN REDUCCION
Region A - Primeros Quince dias habiles de cada Diciembre,13077,13,77,Tulancingo de Bravo,Hidalgo,Golfo Norte,IX,Rio Panuco,19,sin dato,SIN SEQUIA,SIN REDUCCION
Region A - Primeros Quince dias habiles de cada Diciembre,13078,13,78,Xochiatipan,Hidalgo,Golfo Norte,IX,Rio Panuco,19,sin dato,SIN SEQUIA,SIN REDUCCION
Region A - Primeros Quince dias habiles de cada Diciembre,13079,13,79,Xochicoatlan,Hidalgo,Golfo Norte,IX,Rio Panuco,19,sin dato,SIN SEQUIA,SIN REDUCCION
Region A - Primeros Quince dias habiles de cada Diciembre,13080,13,80,Yahualica,Hidalgo,Golfo Norte,IX,Rio Panuco,19,sin dato,SIN SEQUIA,SIN REDUCCION
Region A - Primeros Quince dias habiles de cada Diciembre,13081,13,81,Zacualtipan de angeles,Hidalgo,Golfo Norte,IX,Rio Panuco,19,sin dato,SIN SEQUIA,SIN REDUCCION
Region A - Primeros Quince dias habiles de cada Diciembre,13082,13,82,Zapotlan de Juarez,Hidalgo,Aguas del Valle de Mexico,XIII,Valle de Mexico,26,sin dato,SIN SEQUIA,SIN REDUCCION
Region A - Primeros Quince dias habiles de cada Diciembre,13083,13,83,Zempoala,Hidalgo,Aguas del Valle de Mexico,XIII,Valle de Mexico,26,sin dato,SIN SEQUIA,SIN REDUCCION
Region A - Primeros Quince dias habiles de cada Diciembre,13084,13,84,Zimapan,Hidalgo,Golfo Norte,IX,Rio Panuco,19,sin dato,SIN SEQUIA,SIN REDUCCION
Region A - Primeros Quince dias habiles de cada Diciembre,14001,14,1,Acatic,Jalisco,Lerma Santiago Pacifico,VIII,Rio Santiago,16,sin dato,SIN SEQUIA,SIN REDUCCION
Region A - Primeros Quince dias habiles de cada Diciembre,14002,14,2,Acatlan de Juarez,Jalisco,Lerma Santiago Pacifico,VIII,Lerma - Chapala,15,sin dato,SIN SEQUIA,SIN REDUCCION
Region A - Primeros Quince dias habiles de cada Diciembre,14003,14,3,Ahualulco de Mercado,Jalisco,Lerma Santiago Pacifico,VIII,Costa Pacifico Centro,17,sin dato,SIN SEQUIA,SIN REDUCCION
Region A - Primeros Quince dias habiles de cada Diciembre,14004,14,4,Amacueca,Jalisco,Lerma Santiago Pacifico,VIII,Lerma - Chapala,15,sin dato,SIN SEQUIA,SIN REDUCCION
Region A - Primeros Quince dias habiles de cada Diciembre,14005,14,5,Amatitan,Jalisco,Lerma Santiago Pacifico,VIII,Rio Santiago,16,sin dato,SIN SEQUIA,SIN REDUCCION
Region A - Primeros Quince dias habiles de cada Diciembre,14006,14,6,Ameca,Jalisco,Lerma Santiago Pacifico,VIII,Costa Pacifico Centro,17,sin dato,SIN SEQUIA,SIN REDUCCION
Region A - Primeros Quince dias habiles de cada Diciembre,14007,14,7,San Juanito de Escobedo,Jalisco,Lerma Santiago Pacifico,VIII,Costa Pacifico Centro,17,sin dato,SIN SEQUIA,SIN REDUCCION
Region A - Primeros Quince dias habiles de cada Diciembre,14008,14,8,Arandas,Jalisco,Lerma Santiago Pacifico,VIII,Lerma - Chapala,15,sin dato,SIN SEQUIA,SIN REDUCCION
Region A - Primeros Quince dias habiles de cada Diciembre,14009,14,9,El Arenal,Jalisco,Lerma Santiago Pacifico,VIII,Rio Santiago,16,sin dato,SIN SEQUIA,SIN REDUCCION
Region A - Primeros Quince dias habiles de cada Diciembre,14010,14,10,Atemajac de Brizuela,Jalisco,Lerma Santiago Pacifico,VIII,Costa Pacifico Centro,17,sin dato,SIN SEQUIA,SIN REDUCCION
Region A - Primeros Quince dias habiles de cada Diciembre,14011,14,11,Atengo,Jalisco,Lerma Santiago Pacifico,VIII,Costa Pacifico Centro,17,sin dato,SIN SEQUIA,SIN REDUCCION
Region A - Primeros Quince dias habiles de cada Diciembre,14012,14,12,Atenguillo,Jalisco,Lerma Santiago Pacifico,VIII,Costa Pacifico Centro,17,sin dato,SIN SEQUIA,SIN REDUCCION
Region A - Primeros Quince dias habiles de cada Diciembre,14013,14,13,Atotonilco el Alto,Jalisco,Lerma Santiago Pacifico,VIII,Lerma - Chapala,15,sin dato,SIN SEQUIA,SIN REDUCCION
Region A - Primeros Quince dias habiles de cada Diciembre,14014,14,14,Atoyac,Jalisco,Lerma Santiago Pacifico,VIII,Lerma - Chapala,15,sin dato,SIN SEQUIA,SIN REDUCCION
Region A - Primeros Quince dias habiles de cada Diciembre,14015,14,15,Autlan de Navarro,Jalisco,Lerma Santiago Pacifico,VIII,Costa Pacifico Centro,17,sin dato,SIN SEQUIA,SIN REDUCCION
Region A - Primeros Quince dias habiles de cada Diciembre,14016,14,16,Ayotlan,Jalisco,Lerma Santiago Pacifico,VIII,Lerma - Chapala,15,sin dato,SIN SEQUIA,SIN REDUCCION
Region A - Primeros Quince dias habiles de cada Diciembre,14017,14,17,Ayutla,Jalisco,Lerma Santiago Pacifico,VIII,Costa Pacifico Centro,17,sin dato,SIN SEQUIA,SIN REDUCCION
Region A - Primeros Quince dias habiles de cada Diciembre,14018,14,18,La Barca,Jalisco,Lerma Santiago Pacifico,VIII,Lerma - Chapala,15,sin dato,SIN SEQUIA,SIN REDUCCION
Region A - Primeros Quince dias habiles de cada Diciembre,14019,14,19,Bolanos,Jalisco,Lerma Santiago Pacifico,VIII,Rio Santiago,16,sin dato,SIN SEQUIA,SIN REDUCCION
Region A - Primeros Quince dias habiles de cada Diciembre,14020,14,20,Cabo Corrientes,Jalisco,Lerma Santiago Pacifico,VIII,Costa Pacifico Centro,17,sin dato,SIN SEQUIA,SIN REDUCCION
Region A - Primeros Quince dias habiles de cada Diciembre,14021,14,21,Casimiro Castillo,Jalisco,Lerma Santiago Pacifico,VIII,Costa Pacifico Centro,17,sin dato,SIN SEQUIA,SIN REDUCCION
Region A - Primeros Quince dias habiles de cada Diciembre,14022,14,22,Cihuatlan,Jalisco,Lerma Santiago Pacifico,VIII,Costa Pacifico Centro,17,sin dato,SIN SEQUIA,SIN REDUCCION
Region A - Primeros Quince dias habiles de cada Diciembre,14023,14,23,Zapotlan el Grande,Jalisco,Lerma Santiago Pacifico,VIII,Lerma - Chapala,15,sin dato,SIN SEQUIA,SIN REDUCCION
Region A - Primeros Quince dias habiles de cada Diciembre,14024,14,24,Cocula,Jalisco,Lerma Santiago Pacifico,VIII,Costa Pacifico Centro,17,sin dato,SIN SEQUIA,SIN REDUCCION
Region A - Primeros Quince dias habiles de cada Diciembre,14025,14,25,Colotlan,Jalisco,Lerma Santiago Pacifico,VIII,Rio Santiago,16,sin dato,SIN SEQUIA,SIN REDUCCION
Region A - Primeros Quince dias habiles de cada Diciembre,14026,14,26,Concepcion de Buenos Aires,Jalisco,Lerma Santiago Pacifico,VIII,Lerma - Chapala,15,sin dato,SIN SEQUIA,SIN REDUCCION
Region A - Primeros Quince dias habiles de cada Diciembre,14027,14,27,Cuautitlan de Garcia Barragan,Jalisco,Lerma Santiago Pacifico,VIII,Costa Pacifico Centro,17,sin dato,SIN SEQUIA,SIN REDUCCION
Region A - Primeros Quince dias habiles de cada Diciembre,14028,14,28,Cuautla,Jalisco,Lerma Santiago Pacifico,VIII,Costa Pacifico Centro,17,sin dato,SIN SEQUIA,SIN REDUCCION
Region A - Primeros Quince dias habiles de cada Diciembre,14029,14,29,Cuquio,Jalisco,Lerma Santiago Pacifico,VIII,Rio Santiago,16,sin dato,SIN SEQUIA,SIN REDUCCION
Region A - Primeros Quince dias habiles de cada Diciembre,14030,14,30,Chapala,Jalisco,Lerma Santiago Pacifico,VIII,Lerma - Chapala,15,sin dato,SIN SEQUIA,SIN REDUCCION
Region A - Primeros Quince dias habiles de cada Diciembre,14031,14,31,Chimaltitan,Jalisco,Lerma Santiago Pacifico,VIII,Rio Santiago,16,sin dato,SIN SEQUIA,SIN REDUCCION
Region A - Primeros Quince dias habiles de cada Diciembre,14032,14,32,Chiquilistlan,Jalisco,Lerma Santiago Pacifico,VIII,Costa Pacifico Centro,17,sin dato,SIN SEQUIA,SIN REDUCCION
Region A - Primeros Quince dias habiles de cada Diciembre,14033,14,33,Degollado,Jalisco,Lerma Santiago Pacifico,VIII,Lerma - Chapala,15,sin dato,SIN SEQUIA,SIN REDUCCION
Region A - Primeros Quince dias habiles de cada Diciembre,14034,14,34,Ejutla,Jalisco,Lerma Santiago Pacifico,VIII,Costa Pacifico Centro,17,sin dato,SIN SEQUIA,SIN REDUCCION
Region A - Primeros Quince dias habiles de cada Diciembre,14035,14,35,Encarnacion de Diaz,Jalisco,Lerma Santiago Pacifico,VIII,Rio Santiago,16,sin dato,SIN SEQUIA,SIN REDUCCION
Region A - Primeros Quince dias habiles de cada Diciembre,14036,14,36,Etzatlan,Jalisco,Lerma Santiago Pacifico,VIII,Costa Pacifico Centro,17,sin dato,SIN SEQUIA,SIN REDUCCION
Region A - Primeros Quince dias habiles de cada Diciembre,14037,14,37,El Grullo,Jalisco,Lerma Santiago Pacifico,VIII,Costa Pacifico Centro,17,sin dato,SIN SEQUIA,SIN REDUCCION
Region A - Primeros Quince dias habiles de cada Diciembre,14038,14,38,Guachinango,Jalisco,Lerma Santiago Pacifico,VIII,Costa Pacifico Centro,17,sin dato,SIN SEQUIA,SIN REDUCCION
Region A - Primeros Quince dias habiles de cada Diciembre,14039,14,39,Guadalajara,Jalisco,Lerma Santiago Pacifico,VIII,Rio Santiago,16,sin dato,SIN SEQUIA,SIN REDUCCION
Region A - Primeros Quince dias habiles de cada Diciembre,14040,14,40,Hostotipaquillo,Jalisco,Lerma Santiago Pacifico,VIII,Rio Santiago,16,sin dato,SIN SEQUIA,SIN REDUCCION
Region A - Primeros Quince dias habiles de cada Diciembre,14041,14,41,Huejucar,Jalisco,Lerma Santiago Pacifico,VIII,Rio Santiago,16,sin dato,SIN SEQUIA,SIN REDUCCION
Region A - Primeros Quince dias habiles de cada Diciembre,14042,14,42,Huejuquilla el Alto,Jalisco,Lerma Santiago Pacifico,VIII,Rio Santiago,16,sin dato,SIN SEQUIA,SIN REDUCCION
Region A - Primeros Quince dias habiles de cada Diciembre,14043,14,43,La Huerta,Jalisco,Lerma Santiago Pacifico,VIII,Costa Pacifico Centro,17,sin dato,SIN SEQUIA,SIN REDUCCION
Region A - Primeros Quince dias habiles de cada Diciembre,14044,14,44,Ixtlahuacan de los Membrillos,Jalisco,Lerma Santiago Pacifico,VIII,Rio Santiago,16,sin dato,SIN SEQUIA,SIN REDUCCION
Region A - Primeros Quince dias habiles de cada Diciembre,14045,14,45,Ixtlahuacan del Rio,Jalisco,Lerma Santiago Pacifico,VIII,Rio Santiago,16,sin dato,SIN SEQUIA,SIN REDUCCION
Region A - Primeros Quince dias habiles de cada Diciembre,14046,14,46,Jalostotitlan,Jalisco,Lerma Santiago Pacifico,VIII,Rio Santiago,16,sin dato,SIN SEQUIA,SIN REDUCCION
Region A - Primeros Quince dias habiles de cada Diciembre,14047,14,47,Jamay,Jalisco,Lerma Santiago Pacifico,VIII,Lerma - Chapala,15,sin dato,SIN SEQUIA,SIN REDUCCION
Region A - Primeros Quince dias habiles de cada Diciembre,14048,14,48,Jesus Maria,Jalisco,Lerma Santiago Pacifico,VIII,Lerma - Chapala,15,sin dato,SIN SEQUIA,SIN REDUCCION
Region A - Primeros Quince dias habiles de cada Diciembre,14049,14,49,Jilotlan de los Dolores,Jalisco,Balsas,IV,Rio Balsas,9,sin dato,SIN SEQUIA,SIN REDUCCION
Region A - Primeros Quince dias habiles de cada Diciembre,14050,14,50,Jocotepec,Jalisco,Lerma Santiago Pacifico,VIII,Lerma - Chapala,15,sin dato,SIN SEQUIA,SIN REDUCCION
Region A - Primeros Quince dias habiles de cada Diciembre,14051,14,51,Juanacatlan,Jalisco,Lerma Santiago Pacifico,VIII,Rio Santiago,16,sin dato,SIN SEQUIA,SIN REDUCCION
Region A - Primeros Quince dias habiles de cada Diciembre,14052,14,52,Juchitlan,Jalisco,Lerma Santiago Pacifico,VIII,Costa Pacifico Centro,17,sin dato,SIN SEQUIA,SIN REDUCCION
Region A - Primeros Quince dias habiles de cada Diciembre,14053,14,53,Lagos de Moreno,Jalisco,Lerma Santiago Pacifico,VIII,Rio Santiago,16,D0,PRE-ALERTA,10%
Region A - Primeros Quince dias habiles de cada Diciembre,14054,14,54,El Limon,Jalisco,Lerma Santiago Pacifico,VIII,Costa Pacifico Centro,17,sin dato,SIN SEQUIA,SIN REDUCCION
Region A - Primeros Quince dias habiles de cada Diciembre,14055,14,55,Magdalena,Jalisco,Lerma Santiago Pacifico,VIII,Rio Santiago,16,sin dato,SIN SEQUIA,SIN REDUCCION
Region A - Primeros Quince dias habiles de cada Diciembre,14056,14,56,Santa Maria del Oro,Jalisco,Balsas,IV,Rio Balsas,9,sin dato,SIN SEQUIA,SIN REDUCCION
Region A - Primeros Quince dias habiles de cada Diciembre,14057,14,57,La Manzanilla de la Paz,Jalisco,Lerma Santiago Pacifico,VIII,Lerma - Chapala,15,sin dato,SIN SEQUIA,SIN REDUCCION
Region A - Primeros Quince dias habiles de cada Diciembre,14058,14,58,Mascota,Jalisco,Lerma Santiago Pacifico,VIII,Costa Pacifico Centro,17,sin dato,SIN SEQUIA,SIN REDUCCION
Region A - Primeros Quince dias habiles de cada Diciembre,14059,14,59,Mazamitla,Jalisco,Lerma Santiago Pacifico,VIII,Costa Pacifico Centro,17,sin dato,SIN SEQUIA,SIN REDUCCION
Region A - Primeros Quince dias habiles de cada Diciembre,14060,14,60,Mexticacan,Jalisco,Lerma Santiago Pacifico,VIII,Rio Santiago,16,sin dato,SIN SEQUIA,SIN REDUCCION
Region A - Primeros Quince dias habiles de cada Diciembre,14061,14,61,Mezquitic,Jalisco,Lerma Santiago Pacifico,VIII,Rio Santiago,16,sin dato,SIN SEQUIA,SIN REDUCCION
Region A - Primeros Quince dias habiles de cada Diciembre,14062,14,62,Mixtlan,Jalisco,Lerma Santiago Pacifico,VIII,Costa Pacifico Centro,17,sin dato,SIN SEQUIA,SIN REDUCCION
Region A - Primeros Quince dias habiles de cada Diciembre,14063,14,63,Ocotlan,Jalisco,Lerma Santiago Pacifico,VIII,Lerma - Chapala,15,sin dato,SIN SEQUIA,SIN REDUCCION
Region A - Primeros Quince dias habiles de cada Diciembre,14064,14,64,Ojuelos de Jalisco,Jalisco,Lerma Santiago Pacifico,VIII,Rio Santiago,16,sin dato,SIN SEQUIA,SIN REDUCCION
Region A - Primeros Quince dias habiles de cada Diciembre,14065,14,65,Pihuamo,Jalisco,Lerma Santiago Pacifico,VIII,Costa Pacifico Centro,17,sin dato,SIN SEQUIA,SIN REDUCCION
Region A - Primeros Quince dias habiles de cada Diciembre,14066,14,66,Poncitlan,Jalisco,Lerma Santiago Pacifico,VIII,Lerma - Chapala,15,sin dato,SIN SEQUIA,SIN REDUCCION
Region A - Primeros Quince dias habiles de cada Diciembre,14067,14,67,Puerto Vallarta,Jalisco,Lerma Santiago Pacifico,VIII,Costa Pacifico Centro,17,sin dato,SIN SEQUIA,SIN REDUCCION
Region A - Primeros Quince dias habiles de cada Diciembre,14068,14,68,Villa Purificacion,Jalisco,Lerma Santiago Pacifico,VIII,Costa Pacifico Centro,17,sin dato,SIN SEQUIA,SIN REDUCCION
Region A - Primeros Quince dias habiles de cada Diciembre,14069,14,69,Quitupan,Jalisco,Balsas,IV,Rio Balsas,9,sin dato,SIN SEQUIA,SIN REDUCCION
Region A - Primeros Quince dias habiles de cada Diciembre,14070,14,70,El Salto,Jalisco,Lerma Santiago Pacifico,VIII,Rio Santiago,16,sin dato,SIN SEQUIA,SIN REDUCCION
Region A - Primeros Quince dias habiles de cada Diciembre,14071,14,71,San Cristobal de la Barranca,Jalisco,Lerma Santiago Pacifico,VIII,Rio Santiago,16,sin dato,SIN SEQUIA,SIN REDUCCION
Region A - Primeros Quince dias habiles de cada Diciembre,14072,14,72,San Diego de Alejandria,Jalisco,Lerma Santiago Pacifico,VIII,Lerma - Chapala,15,sin dato,SIN SEQUIA,SIN REDUCCION
Region A - Primeros Quince dias habiles de cada Diciembre,14073,14,73,San Juan de los Lagos,Jalisco,Lerma Santiago Pacifico,VIII,Rio Santiago,16,sin dato,SIN SEQUIA,SIN REDUCCION
Region A - Primeros Quince dias habiles de cada Diciembre,14074,14,74,San Julian,Jalisco,Lerma Santiago Pacifico,VIII,Rio Santiago,16,sin dato,SIN SEQUIA,SIN REDUCCION
Region A - Primeros Quince dias habiles de cada Diciembre,14075,14,75,San Marcos,Jalisco,Lerma Santiago Pacifico,VIII,Costa Pacifico Centro,17,sin dato,SIN SEQUIA,SIN REDUCCION
Region A - Primeros Quince dias habiles de cada Diciembre,14076,14,76,San Martin de Bolanos,Jalisco,Lerma Santiago Pacifico,VIII,Rio Santiago,16,sin dato,SIN SEQUIA,SIN REDUCCION
Region A - Primeros Quince dias habiles de cada Diciembre,14077,14,77,San Martin Hidalgo,Jalisco,Lerma Santiago Pacifico,VIII,Costa Pacifico Centro,17,sin dato,SIN SEQUIA,SIN REDUCCION
Region A - Primeros Quince dias habiles de cada Diciembre,14078,14,78,San Miguel el Alto,Jalisco,Lerma Santiago Pacifico,VIII,Rio Santiago,16,sin dato,SIN SEQUIA,SIN REDUCCION
Region A - Primeros Quince dias habiles de cada Diciembre,14079,14,79,Gomez Farias,Jalisco,Lerma Santiago Pacifico,VIII,Costa Pacifico Centro,17,sin dato,SIN SEQUIA,SIN REDUCCION
Region A - Primeros Quince dias habiles de cada Diciembre,14080,14,80,San Sebastian del Oeste,Jalisco,Lerma Santiago Pacifico,VIII,Costa Pacifico Centro,17,sin dato,SIN SEQUIA,SIN REDUCCION
Region A - Primeros Quince dias habiles de cada Diciembre,14081,14,81,Santa Maria de los angeles,Jalisco,Lerma Santiago Pacifico,VIII,Rio Santiago,16,sin dato,SIN SEQUIA,SIN REDUCCION
Region A - Primeros Quince dias habiles de cada Diciembre,14082,14,82,Sayula,Jalisco,Lerma Santiago Pacifico,VIII,Lerma - Chapala,15,sin dato,SIN SEQUIA,SIN REDUCCION
Region A - Primeros Quince dias habiles de cada Diciembre,14083,14,83,Tala,Jalisco,Lerma Santiago Pacifico,VIII,Costa Pacifico Centro,17,sin dato,SIN SEQUIA,SIN REDUCCION
Region A - Primeros Quince dias habiles de cada Diciembre,14084,14,84,Talpa de Allende,Jalisco,Lerma Santiago Pacifico,VIII,Costa Pacifico Centro,17,sin dato,SIN SEQUIA,SIN REDUCCION
Region A - Primeros Quince dias habiles de cada Diciembre,14085,14,85,Tamazula de Gordiano,Jalisco,Lerma Santiago Pacifico,VIII,Costa Pacifico Centro,17,sin dato,SIN SEQUIA,SIN REDUCCION
Region A - Primeros Quince dias habiles de cada Diciembre,14086,14,86,Tapalpa,Jalisco,Lerma Santiago Pacifico,VIII,Costa Pacifico Centro,17,sin dato,SIN SEQUIA,SIN REDUCCION
Region A - Primeros Quince dias habiles de cada Diciembre,14087,14,87,Tecalitlan,Jalisco,Lerma Santiago Pacifico,VIII,Costa Pacifico Centro,17,sin dato,SIN SEQUIA,SIN REDUCCION
Region A - Primeros Quince dias habiles de cada Diciembre,14088,14,88,Tecolotlan,Jalisco,Lerma Santiago Pacifico,VIII,Costa Pacifico Centro,17,sin dato,SIN SEQUIA,SIN REDUCCION
Region A - Primeros Quince dias habiles de cada Diciembre,14089,14,89,Techaluta de Montenegro,Jalisco,Lerma Santiago Pacifico,VIII,Lerma - Chapala,15,sin dato,SIN SEQUIA,SIN REDUCCION
Region A - Primeros Quince dias habiles de cada Diciembre,14090,14,90,Tenamaxtlan,Jalisco,Lerma Santiago Pacifico,VIII,Costa Pacifico Centro,17,sin dato,SIN SEQUIA,SIN REDUCCION
Region A - Primeros Quince dias habiles de cada Diciembre,14091,14,91,Teocaltiche,Jalisco,Lerma Santiago Pacifico,VIII,Rio Santiago,16,sin dato,SIN SEQUIA,SIN REDUCCION
Region A - Primeros Quince dias habiles de cada Diciembre,14092,14,92,Teocuitatlan de Corona,Jalisco,Lerma Santiago Pacifico,VIII,Lerma - Chapala,15,sin dato,SIN SEQUIA,SIN REDUCCION
Region A - Primeros Quince dias habiles de cada Diciembre,14093,14,93,Tepatitlan de Morelos,Jalisco,Lerma Santiago Pacifico,VIII,Rio Santiago,16,sin dato,SIN SEQUIA,SIN REDUCCION
Region A - Primeros Quince dias habiles de cada Diciembre,14094,14,94,Tequila,Jalisco,Lerma Santiago Pacifico,VIII,Rio Santiago,16,sin dato,SIN SEQUIA,SIN REDUCCION
Region A - Primeros Quince dias habiles de cada Diciembre,14095,14,95,Teuchitlan,Jalisco,Lerma Santiago Pacifico,VIII,Costa Pacifico Centro,17,sin dato,SIN SEQUIA,SIN REDUCCION
Region A - Primeros Quince dias habiles de cada Diciembre,14096,14,96,Tizapan el Alto,Jalisco,Lerma Santiago Pacifico,VIII,Lerma - Chapala,15,sin dato,SIN SEQUIA,SIN REDUCCION
Region A - Primeros Quince dias habiles de cada Diciembre,14097,14,97,Tlajomulco de Zuniga,Jalisco,Lerma Santiago Pacifico,VIII,Rio Santiago,16,sin dato,SIN SEQUIA,SIN REDUCCION
Region A - Primeros Quince dias habiles de cada Diciembre,14098,14,98,Tlaquepaque,Jalisco,Lerma Santiago Pacifico,VIII,Rio Santiago,16,sin dato,SIN SEQUIA,SIN REDUCCION
Region A - Primeros Quince dias habiles de cada Diciembre,14099,14,99,Toliman,Jalisco,Lerma Santiago Pacifico,VIII,Costa Pacifico Centro,17,sin dato,SIN SEQUIA,SIN REDUCCION
Region A - Primeros Quince dias habiles de cada Diciembre,14100,14,100,Tomatlan,Jalisco,Lerma Santiago Pacifico,VIII,Costa Pacifico Centro,17,sin dato,SIN SEQUIA,SIN REDUCCION
Region A - Primeros Quince dias habiles de cada Diciembre,14101,14,101,Tonala,Jalisco,Lerma Santiago Pacifico,VIII,Rio Santiago,16,sin dato,SIN SEQUIA,SIN REDUCCION
Region A - Primeros Quince dias habiles de cada Diciembre,14102,14,102,Tonaya,Jalisco,Lerma Santiago Pacifico,VIII,Costa Pacifico Centro,17,sin dato,SIN SEQUIA,SIN REDUCCION
Region A - Primeros Quince dias habiles de cada Diciembre,14103,14,103,Tonila,Jalisco,Lerma Santiago Pacifico,VIII,Costa Pacifico Centro,17,sin dato,SIN SEQUIA,SIN REDUCCION
Region A - Primeros Quince dias habiles de cada Diciembre,14104,14,104,Totatiche,Jalisco,Lerma Santiago Pacifico,VIII,Rio Santiago,16,sin dato,SIN SEQUIA,SIN REDUCCION
Region A - Primeros Quince dias habiles de cada Diciembre,14105,14,105,Tototlan,Jalisco,Lerma Santiago Pacifico,VIII,Lerma - Chapala,15,sin dato,SIN SEQUIA,SIN REDUCCION
Region A - Primeros Quince dias habiles de cada Diciembre,14106,14,106,Tuxcacuesco,Jalisco,Lerma Santiago Pacifico,VIII,Costa Pacifico Centro,17,sin dato,SIN SEQUIA,SIN REDUCCION
Region A - Primeros Quince dias habiles de cada Diciembre,14107,14,107,Tuxcueca,Jalisco,Lerma Santiago Pacifico,VIII,Lerma - Chapala,15,sin dato,SIN SEQUIA,SIN REDUCCION
Region A - Primeros Quince dias habiles de cada Diciembre,14108,14,108,Tuxpan,Jalisco,Lerma Santiago Pacifico,VIII,Costa Pacifico Centro,17,sin dato,SIN SEQUIA,SIN REDUCCION
Region A - Primeros Quince dias habiles de cada Diciembre,14109,14,109,Union de San Antonio,Jalisco,Lerma Santiago Pacifico,VIII,Rio Santiago,16,sin dato,SIN SEQUIA,SIN REDUCCION
Region A - Primeros Quince dias habiles de cada Diciembre,14110,14,110,Union de Tula,Jalisco,Lerma Santiago Pacifico,VIII,Costa Pacifico Centro,17,sin dato,SIN SEQUIA,SIN REDUCCION
Region A - Primeros Quince dias habiles de cada Diciembre,14111,14,111,Valle de Guadalupe,Jalisco,Lerma Santiago Pacifico,VIII,Rio Santiago,16,sin dato,SIN SEQUIA,SIN REDUCCION
Region A - Primeros Quince dias habiles de cada Diciembre,14112,14,112,Valle de Juarez,Jalisco,Lerma Santiago Pacifico,VIII,Rio Balsas,9,sin dato,SIN SEQUIA,SIN REDUCCION
Region A - Primeros Quince dias habiles de cada Diciembre,14113,14,113,San Gabriel,Jalisco,Lerma Santiago Pacifico,VIII,Costa Pacifico Centro,17,sin dato,SIN SEQUIA,SIN REDUCCION
Region A - Primeros Quince dias habiles de cada Diciembre,14114,14,114,Villa Corona,Jalisco,Lerma Santiago Pacifico,VIII,Costa Pacifico Centro,17,sin dato,SIN SEQUIA,SIN REDUCCION
Region A - Primeros Quince dias habiles de cada Diciembre,14115,14,115,Villa Guerrero,Jalisco,Lerma Santiago Pacifico,VIII,Rio Santiago,16,sin dato,SIN SEQUIA,SIN REDUCCION
Region A - Primeros Quince dias habiles de cada Diciembre,14116,14,116,Villa Hidalgo,Jalisco,Lerma Santiago Pacifico,VIII,Rio Santiago,16,sin dato,SIN SEQUIA,SIN REDUCCION
Region A - Primeros Quince dias habiles de cada Diciembre,14117,14,117,Canadas de Obregon,Jalisco,Lerma Santiago Pacifico,VIII,Rio Santiago,16,sin dato,SIN SEQUIA,SIN REDUCCION
Region A - Primeros Quince dias habiles de cada Diciembre,14118,14,118,Yahualica de Gonzalez Gallo,Jalisco,Lerma Santiago Pacifico,VIII,Rio Santiago,16,sin dato,SIN SEQUIA,SIN REDUCCION
Region A - Primeros Quince dias habiles de cada Diciembre,14119,14,119,Zacoalco de Torres,Jalisco,Lerma Santiago Pacifico,VIII,Lerma - Chapala,15,sin dato,SIN SEQUIA,SIN REDUCCION
Region A - Primeros Quince dias habiles de cada Diciembre,14120,14,120,Zapopan,Jalisco,Lerma Santiago Pacifico,VIII,Rio Santiago,16,sin dato,SIN SEQUIA,SIN REDUCCION
Region A - Primeros Quince dias habiles de cada Diciembre,14121,14,121,Zapotiltic,Jalisco,Lerma Santiago Pacifico,VIII,Costa Pacifico Centro,17,sin dato,SIN SEQUIA,SIN REDUCCION
Region A - Primeros Quince dias habiles de cada Diciembre,14122,14,122,Zapotitlan de Vadillo,Jalisco,Lerma Santiago Pacifico,VIII,Costa Pacifico Centro,17,sin dato,SIN SEQUIA,SIN REDUCCION
Region A - Primeros Quince dias habiles de cada Diciembre,14123,14,123,Zapotlan del Rey,Jalisco,Lerma Santiago Pacifico,VIII,Lerma - Chapala,15,sin dato,SIN SEQUIA,SIN REDUCCION
Region A - Primeros Quince dias habiles de cada Diciembre,14124,14,124,Zapotlanejo,Jalisco,Lerma Santiago Pacifico,VIII,Rio Santiago,16,sin dato,SIN SEQUIA,SIN REDUCCION
Region A - Primeros Quince dias habiles de cada Diciembre,14125,14,125,San Ignacio Cerro Gordo,Jalisco,Lerma Santiago Pacifico,VIII,Rio Santiago,16,sin dato,SIN SEQUIA,SIN REDUCCION
Region A - Primeros Quince dias habiles de cada Diciembre,15001,15,1,Acambay,Estado de México,Golfo Norte,IX,Lerma - Chapala,15,sin dato,SIN SEQUIA,SIN REDUCCION
Region A - Primeros Quince dias habiles de cada Diciembre,15002,15,2,Acolman,Estado de México,Aguas del Valle de Mexico,XIII,Valle de Mexico,26,sin dato,SIN SEQUIA,SIN REDUCCION
Region A - Primeros Quince dias habiles de cada Diciembre,15003,15,3,Aculco,Estado de México,Golfo Norte,IX,Rio Panuco,19,sin dato,SIN SEQUIA,SIN REDUCCION
Region A - Primeros Quince dias habiles de cada Diciembre,15004,15,4,Almoloya de Alquisiras,Estado de México,Balsas,IV,Rio Balsas,9,sin dato,SIN SEQUIA,SIN REDUCCION
Region A - Primeros Quince dias habiles de cada Diciembre,15005,15,5,Almoloya de Juarez,Estado de México,Lerma Santiago Pacifico,VIII,Lerma - Chapala,15,sin dato,SIN SEQUIA,SIN REDUCCION
Region A - Primeros Quince dias habiles de cada Diciembre,15006,15,6,Almoloya del Rio,Estado de México,Lerma Santiago Pacifico,VIII,Lerma - Chapala,15,sin dato,SIN SEQUIA,SIN REDUCCION
Region A - Primeros Quince dias habiles de cada Diciembre,15007,15,7,Amanalco,Estado de México,Balsas,IV,Rio Balsas,9,sin dato,SIN SEQUIA,SIN REDUCCION
Region A - Primeros Quince dias habiles de cada Diciembre,15008,15,8,Amatepec,Estado de México,Balsas,IV,Rio Balsas,9,sin dato,SIN SEQUIA,SIN REDUCCION
Region A - Primeros Quince dias habiles de cada Diciembre,15009,15,9,Amecameca,Estado de México,Aguas del Valle de Mexico,XIII,Valle de Mexico,26,sin dato,SIN SEQUIA,SIN REDUCCION
Region A - Primeros Quince dias habiles de cada Diciembre,15010,15,10,Apaxco,Estado de México,Aguas del Valle de Mexico,XIII,Valle de Mexico,26,sin dato,SIN SEQUIA,SIN REDUCCION
Region A - Primeros Quince dias habiles de cada Diciembre,15011,15,11,Atenco,Estado de México,Aguas del Valle de Mexico,XIII,Valle de Mexico,26,sin dato,SIN SEQUIA,SIN REDUCCION
Region A - Primeros Quince dias habiles de cada Diciembre,15012,15,12,Atizapan,Estado de México,Lerma Santiago Pacifico,VIII,Lerma - Chapala,15,sin dato,SIN SEQUIA,SIN REDUCCION
Region A - Primeros Quince dias habiles de cada Diciembre,15013,15,13,Atizapan de Zaragoza,Estado de México,Aguas del Valle de Mexico,XIII,Valle de Mexico,26,sin dato,SIN SEQUIA,SIN REDUCCION
Region A - Primeros Quince dias habiles de cada Diciembre,15014,15,14,Atlacomulco,Estado de México,Lerma Santiago Pacifico,VIII,Lerma - Chapala,15,sin dato,SIN SEQUIA,SIN REDUCCION
Region A - Primeros Quince dias habiles de cada Diciembre,15015,15,15,Atlautla,Estado de México,Balsas,IV,Rio Balsas,9,sin dato,SIN SEQUIA,SIN REDUCCION
Region A - Primeros Quince dias habiles de cada Diciembre,15016,15,16,Axapusco,Estado de México,Aguas del Valle de Mexico,XIII,Valle de Mexico,26,sin dato,SIN SEQUIA,SIN REDUCCION
Region A - Primeros Quince dias habiles de cada Diciembre,15017,15,17,Ayapango,Estado de México,Aguas del Valle de Mexico,XIII,Valle de Mexico,26,sin dato,SIN SEQUIA,SIN REDUCCION
Region A - Primeros Quince dias habiles de cada Diciembre,15018,15,18,Calimaya,Estado de México,Lerma Santiago Pacifico,VIII,Lerma - Chapala,15,sin dato,SIN SEQUIA,SIN REDUCCION
Region A - Primeros Quince dias habiles de cada Diciembre,15019,15,19,Capulhuac,Estado de México,Lerma Santiago Pacifico,VIII,Lerma - Chapala,15,sin dato,SIN SEQUIA,SIN REDUCCION
Region A - Primeros Quince dias habiles de cada Diciembre,15020,15,20,Coacalco de Berriozabal,Estado de México,Aguas del Valle de Mexico,XIII,Valle de Mexico,26,sin dato,SIN SEQUIA,SIN REDUCCION
Region A - Primeros Quince dias habiles de cada Diciembre,15021,15,21,Coatepec Harinas,Estado de México,Balsas,IV,Rio Balsas,9,sin dato,SIN SEQUIA,SIN REDUCCION
Region A - Primeros Quince dias habiles de cada Diciembre,15022,15,22,Cocotitlan,Estado de México,Aguas del Valle de Mexico,XIII,Valle de Mexico,26,sin dato,SIN SEQUIA,SIN REDUCCION
Region A - Primeros Quince dias habiles de cada Diciembre,15023,15,23,Coyotepec,Estado de México,Aguas del Valle de Mexico,XIII,Valle de Mexico,26,sin dato,SIN SEQUIA,SIN REDUCCION
Region A - Primeros Quince dias habiles de cada Diciembre,15024,15,24,Cuautitlan,Estado de México,Aguas del Valle de Mexico,XIII,Valle de Mexico,26,sin dato,SIN SEQUIA,SIN REDUCCION
Region A - Primeros Quince dias habiles de cada Diciembre,15025,15,25,Chalco,Estado de México,Aguas del Valle de Mexico,XIII,Valle de Mexico,26,sin dato,SIN SEQUIA,SIN REDUCCION
Region A - Primeros Quince dias habiles de cada Diciembre,15026,15,26,Chapa de Mota,Estado de México,Aguas del Valle de Mexico,XIII,Valle de Mexico,26,sin dato,SIN SEQUIA,SIN REDUCCION
Region A - Primeros Quince dias habiles de cada Diciembre,15027,15,27,Chapultepec,Estado de México,Lerma Santiago Pacifico,VIII,Lerma - Chapala,15,sin dato,SIN SEQUIA,SIN REDUCCION
Region A - Primeros Quince dias habiles de cada Diciembre,15028,15,28,Chiautla,Estado de México,Aguas del Valle de Mexico,XIII,Valle de Mexico,26,sin dato,SIN SEQUIA,SIN REDUCCION
Region A - Primeros Quince dias habiles de cada Diciembre,15029,15,29,Chicoloapan,Estado de México,Aguas del Valle de Mexico,XIII,Valle de Mexico,26,sin dato,SIN SEQUIA,SIN REDUCCION
Region A - Primeros Quince dias habiles de cada Diciembre,15030,15,30,Chiconcuac,Estado de México,Aguas del Valle de Mexico,XIII,Valle de Mexico,26,sin dato,SIN SEQUIA,SIN REDUCCION
Region A - Primeros Quince dias habiles de cada Diciembre,15031,15,31,Chimalhuacan,Estado de México,Aguas del Valle de Mexico,XIII,Valle de Mexico,26,sin dato,SIN SEQUIA,SIN REDUCCION
Region A - Primeros Quince dias habiles de cada Diciembre,15032,15,32,Donato Guerra,Estado de México,Balsas,IV,Rio Balsas,9,sin dato,SIN SEQUIA,SIN REDUCCION
Region A - Primeros Quince dias habiles de cada Diciembre,15033,15,33,Ecatepec de Morelos,Estado de México,Aguas del Valle de Mexico,XIII,Valle de Mexico,26,sin dato,SIN SEQUIA,SIN REDUCCION
Region A - Primeros Quince dias habiles de cada Diciembre,15034,15,34,Ecatzingo,Estado de México,Balsas,IV,Rio Balsas,9,sin dato,SIN SEQUIA,SIN REDUCCION
Region A - Primeros Quince dias habiles de cada Diciembre,15035,15,35,Huehuetoca,Estado de México,Aguas del Valle de Mexico,XIII,Valle de Mexico,26,sin dato,SIN SEQUIA,SIN REDUCCION
Region A - Primeros Quince dias habiles de cada Diciembre,15036,15,36,Hueypoxtla,Estado de México,Aguas del Valle de Mexico,XIII,Valle de Mexico,26,sin dato,SIN SEQUIA,SIN REDUCCION
Region A - Primeros Quince dias habiles de cada Diciembre,15037,15,37,Huixquilucan,Estado de México,Aguas del Valle de Mexico,XIII,Valle de Mexico,26,sin dato,SIN SEQUIA,SIN REDUCCION
Region A - Primeros Quince dias habiles de cada Diciembre,15038,15,38,Isidro Fabela,Estado de México,Aguas del Valle de Mexico,XIII,Valle de Mexico,26,sin dato,SIN SEQUIA,SIN REDUCCION
Region A - Primeros Quince dias habiles de cada Diciembre,15039,15,39,Ixtapaluca,Estado de México,Aguas del Valle de Mexico,XIII,Valle de Mexico,26,sin dato,SIN SEQUIA,SIN REDUCCION
Region A - Primeros Quince dias habiles de cada Diciembre,15040,15,40,Ixtapan de la Sal,Estado de México,Balsas,IV,Rio Balsas,9,sin dato,SIN SEQUIA,SIN REDUCCION
Region A - Primeros Quince dias habiles de cada Diciembre,15041,15,41,Ixtapan del Oro,Estado de México,Balsas,IV,Rio Balsas,9,sin dato,SIN SEQUIA,SIN REDUCCION
Region A - Primeros Quince dias habiles de cada Diciembre,15042,15,42,Ixtlahuaca,Estado de México,Lerma Santiago Pacifico,VIII,Lerma - Chapala,15,sin dato,SIN SEQUIA,SIN REDUCCION
Region A - Primeros Quince dias habiles de cada Diciembre,15043,15,43,Xalatlaco,Estado de México,Lerma Santiago Pacifico,VIII,Lerma - Chapala,15,sin dato,SIN SEQUIA,SIN REDUCCION
Region A - Primeros Quince dias habiles de cada Diciembre,15044,15,44,Jaltenco,Estado de México,Aguas del Valle de Mexico,XIII,Valle de Mexico,26,sin dato,SIN SEQUIA,SIN REDUCCION
Region A - Primeros Quince dias habiles de cada Diciembre,15045,15,45,Jilotepec,Estado de México,Golfo Norte,IX,Valle de Mexico,26,sin dato,SIN SEQUIA,SIN REDUCCION
Region A - Primeros Quince dias habiles de cada Diciembre,15046,15,46,Jilotzingo,Estado de México,Aguas del Valle de Mexico,XIII,Valle de Mexico,26,sin dato,SIN SEQUIA,SIN REDUCCION
Region A - Primeros Quince dias habiles de cada Diciembre,15047,15,47,Jiquipilco,Estado de México,Lerma Santiago Pacifico,VIII,Lerma - Chapala,15,sin dato,SIN SEQUIA,SIN REDUCCION
Region A - Primeros Quince dias habiles de cada Diciembre,15048,15,48,Jocotitlan,Estado de México,Lerma Santiago Pacifico,VIII,Lerma - Chapala,15,sin dato,SIN SEQUIA,SIN REDUCCION
Region A - Primeros Quince dias habiles de cada Diciembre,15049,15,49,Joquicingo,Estado de México,Balsas,IV,Rio Balsas,9,sin dato,SIN SEQUIA,SIN REDUCCION
Region A - Primeros Quince dias habiles de cada Diciembre,15050,15,50,Juchitepec,Estado de México,Balsas,IV,Valle de Mexico,26,sin dato,SIN SEQUIA,SIN REDUCCION
Region A - Primeros Quince dias habiles de cada Diciembre,15051,15,51,Lerma,Estado de México,Lerma Santiago Pacifico,VIII,Lerma - Chapala,15,sin dato,SIN SEQUIA,SIN REDUCCION
Region A - Primeros Quince dias habiles de cada Diciembre,15052,15,52,Malinalco,Estado de México,Balsas,IV,Rio Balsas,9,sin dato,SIN SEQUIA,SIN REDUCCION
Region A - Primeros Quince dias habiles de cada Diciembre,15053,15,53,Melchor Ocampo,Estado de México,Aguas del Valle de Mexico,XIII,Valle de Mexico,26,sin dato,SIN SEQUIA,SIN REDUCCION
Region A - Primeros Quince dias habiles de cada Diciembre,15054,15,54,Metepec,Estado de México,Lerma Santiago Pacifico,VIII,Lerma - Chapala,15,sin dato,SIN SEQUIA,SIN REDUCCION
Region A - Primeros Quince dias habiles de cada Diciembre,15055,15,55,Mexicaltzingo,Estado de México,Lerma Santiago Pacifico,VIII,Lerma - Chapala,15,sin dato,SIN SEQUIA,SIN REDUCCION
Region A - Primeros Quince dias habiles de cada Diciembre,15056,15,56,Morelos,Estado de México,Aguas del Valle de Mexico,XIII,Lerma - Chapala,15,sin dato,SIN SEQUIA,SIN REDUCCION
Region A - Primeros Quince dias habiles de cada Diciembre,15057,15,57,Naucalpan de Juarez,Estado de México,Aguas del Valle de Mexico,XIII,Valle de Mexico,26,sin dato,SIN SEQUIA,SIN REDUCCION
Region A - Primeros Quince dias habiles de cada Diciembre,15058,15,58,Nezahualcoyotl,Estado de México,Aguas del Valle de Mexico,XIII,Valle de Mexico,26,sin dato,SIN SEQUIA,SIN REDUCCION
Region A - Primeros Quince dias habiles de cada Diciembre,15059,15,59,Nextlalpan,Estado de México,Aguas del Valle de Mexico,XIII,Valle de Mexico,26,sin dato,SIN SEQUIA,SIN REDUCCION
Region A - Primeros Quince dias habiles de cada Diciembre,15060,15,60,Nicolas Romero,Estado de México,Aguas del Valle de Mexico,XIII,Valle de Mexico,26,sin dato,SIN SEQUIA,SIN REDUCCION
Region A - Primeros Quince dias habiles de cada Diciembre,15061,15,61,Nopaltepec,Estado de México,Aguas del Valle de Mexico,XIII,Valle de Mexico,26,sin dato,SIN SEQUIA,SIN REDUCCION
Region A - Primeros Quince dias habiles de cada Diciembre,15062,15,62,Ocoyoacac,Estado de México,Lerma Santiago Pacifico,VIII,Lerma - Chapala,15,sin dato,SIN SEQUIA,SIN REDUCCION
Region A - Primeros Quince dias habiles de cada Diciembre,15063,15,63,Ocuilan,Estado de México,Balsas,IV,Rio Balsas,9,sin dato,SIN SEQUIA,SIN REDUCCION
Region A - Primeros Quince dias habiles de cada Diciembre,15064,15,64,El Oro,Estado de México,Lerma Santiago Pacifico,VIII,Lerma - Chapala,15,sin dato,SIN SEQUIA,SIN REDUCCION
Region A - Primeros Quince dias habiles de cada Diciembre,15065,15,65,Otumba,Estado de México,Aguas del Valle de Mexico,XIII,Valle de Mexico,26,sin dato,SIN SEQUIA,SIN REDUCCION
Region A - Primeros Quince dias habiles de cada Diciembre,15066,15,66,Otzoloapan,Estado de México,Balsas,IV,Rio Balsas,9,sin dato,SIN SEQUIA,SIN REDUCCION
Region A - Primeros Quince dias habiles de cada Diciembre,15067,15,67,Otzolotepec,Estado de México,Lerma Santiago Pacifico,VIII,Lerma - Chapala,15,sin dato,SIN SEQUIA,SIN REDUCCION
Region A - Primeros Quince dias habiles de cada Diciembre,15068,15,68,Ozumba,Estado de México,Balsas,IV,Rio Balsas,9,sin dato,SIN SEQUIA,SIN REDUCCION
Region A - Primeros Quince dias habiles de cada Diciembre,15069,15,69,Papalotla,Estado de México,Aguas del Valle de Mexico,XIII,Valle de Mexico,26,sin dato,SIN SEQUIA,SIN REDUCCION
Region A - Primeros Quince dias habiles de cada Diciembre,15070,15,70,La Paz,Estado de México,Aguas del Valle de Mexico,XIII,Valle de Mexico,26,sin dato,SIN SEQUIA,SIN REDUCCION
Region A - Primeros Quince dias habiles de cada Diciembre,15071,15,71,Polotitlan,Estado de México,Golfo Norte,IX,Rio Panuco,19,sin dato,SIN SEQUIA,SIN REDUCCION
Region A - Primeros Quince dias habiles de cada Diciembre,15072,15,72,Rayon,Estado de México,Lerma Santiago Pacifico,VIII,Lerma - Chapala,15,sin dato,SIN SEQUIA,SIN REDUCCION
Region A - Primeros Quince dias habiles de cada Diciembre,15073,15,73,San Antonio la Isla,Estado de México,Lerma Santiago Pacifico,VIII,Lerma - Chapala,15,sin dato,SIN SEQUIA,SIN REDUCCION
Region A - Primeros Quince dias habiles de cada Diciembre,15074,15,74,San Felipe del Progreso,Estado de México,Lerma Santiago Pacifico,VIII,Lerma - Chapala,15,sin dato,SIN SEQUIA,SIN REDUCCION
Region A - Primeros Quince dias habiles de cada Diciembre,15075,15,75,San Martin de las Piramides,Estado de México,Aguas del Valle de Mexico,XIII,Valle de Mexico,26,sin dato,SIN SEQUIA,SIN REDUCCION
Region A - Primeros Quince dias habiles de cada Diciembre,15076,15,76,San Mateo Atenco,Estado de México,Lerma Santiago Pacifico,VIII,Lerma - Chapala,15,sin dato,SIN SEQUIA,SIN REDUCCION
Region A - Primeros Quince dias habiles de cada Diciembre,15077,15,77,San Simon de Guerrero,Estado de México,Balsas,IV,Rio Balsas,9,sin dato,SIN SEQUIA,SIN REDUCCION
Region A - Primeros Quince dias habiles de cada Diciembre,15078,15,78,Santo Tomas,Estado de México,Balsas,IV,Rio Balsas,9,sin dato,SIN SEQUIA,SIN REDUCCION
Region A - Primeros Quince dias habiles de cada Diciembre,15079,15,79,Soyaniquilpan de Juarez,Estado de México,Aguas del Valle de Mexico,XIII,Valle de Mexico,26,sin dato,SIN SEQUIA,SIN REDUCCION
Region A - Primeros Quince dias habiles de cada Diciembre,15080,15,80,Sultepec,Estado de México,Balsas,IV,Rio Balsas,9,sin dato,SIN SEQUIA,SIN REDUCCION
Region A - Primeros Quince dias habiles de cada Diciembre,15081,15,81,Tecamac,Estado de México,Aguas del Valle de Mexico,XIII,Valle de Mexico,26,sin dato,SIN SEQUIA,SIN REDUCCION
Region A - Primeros Quince dias habiles de cada Diciembre,15082,15,82,Tejupilco,Estado de México,Balsas,IV,Rio Balsas,9,sin dato,SIN SEQUIA,SIN REDUCCION
Region A - Primeros Quince dias habiles de cada Diciembre,15083,15,83,Temamatla,Estado de México,Aguas del Valle de Mexico,XIII,Valle de Mexico,26,sin dato,SIN SEQUIA,SIN REDUCCION
Region A - Primeros Quince dias habiles de cada Diciembre,15084,15,84,Temascalapa,Estado de México,Aguas del Valle de Mexico,XIII,Valle de Mexico,26,sin dato,SIN SEQUIA,SIN REDUCCION
Region A - Primeros Quince dias habiles de cada Diciembre,15085,15,85,Temascalcingo,Estado de México,Lerma Santiago Pacifico,VIII,Lerma - Chapala,15,sin dato,SIN SEQUIA,SIN REDUCCION
Region A - Primeros Quince dias habiles de cada Diciembre,15086,15,86,Temascaltepec,Estado de México,Balsas,IV,Rio Balsas,9,sin dato,SIN SEQUIA,SIN REDUCCION
Region A - Primeros Quince dias habiles de cada Diciembre,15087,15,87,Temoaya,Estado de México,Lerma Santiago Pacifico,VIII,Lerma - Chapala,15,sin dato,SIN SEQUIA,SIN REDUCCION
Region A - Primeros Quince dias habiles de cada Diciembre,15088,15,88,Tenancingo,Estado de México,Balsas,IV,Rio Balsas,9,sin dato,SIN SEQUIA,SIN REDUCCION
Region A - Primeros Quince dias habiles de cada Diciembre,15089,15,89,Tenango del Aire,Estado de México,Aguas del Valle de Mexico,XIII,Valle de Mexico,26,sin dato,SIN SEQUIA,SIN REDUCCION
Region A - Primeros Quince dias habiles de cada Diciembre,15090,15,90,Tenango del Valle,Estado de México,Lerma Santiago Pacifico,VIII,Rio Balsas,9,sin dato,SIN SEQUIA,SIN REDUCCION
Region A - Primeros Quince dias habiles de cada Diciembre,15091,15,91,Teoloyucan,Estado de México,Aguas del Valle de Mexico,XIII,Valle de Mexico,26,sin dato,SIN SEQUIA,SIN REDUCCION
Region A - Primeros Quince dias habiles de cada Diciembre,15092,15,92,Teotihuacan,Estado de México,Aguas del Valle de Mexico,XIII,Valle de Mexico,26,sin dato,SIN SEQUIA,SIN REDUCCION
Region A - Primeros Quince dias habiles de cada Diciembre,15093,15,93,Tepetlaoxtoc,Estado de México,Aguas del Valle de Mexico,XIII,Valle de Mexico,26,sin dato,SIN SEQUIA,SIN REDUCCION
Region A - Primeros Quince dias habiles de cada Diciembre,15094,15,94,Tepetlixpa,Estado de México,Balsas,IV,Rio Balsas,9,sin dato,SIN SEQUIA,SIN REDUCCION
Region A - Primeros Quince dias habiles de cada Diciembre,15095,15,95,Tepotzotlan,Estado de México,Aguas del Valle de Mexico,XIII,Valle de Mexico,26,sin dato,SIN SEQUIA,SIN REDUCCION
Region A - Primeros Quince dias habiles de cada Diciembre,15096,15,96,Tequixquiac,Estado de México,Aguas del Valle de Mexico,XIII,Valle de Mexico,26,sin dato,SIN SEQUIA,SIN REDUCCION
Region A - Primeros Quince dias habiles de cada Diciembre,15097,15,97,Texcaltitlan,Estado de México,Balsas,IV,Rio Balsas,9,sin dato,SIN SEQUIA,SIN REDUCCION
Region A - Primeros Quince dias habiles de cada Diciembre,15098,15,98,Texcalyacac,Estado de México,Lerma Santiago Pacifico,VIII,Lerma - Chapala,15,sin dato,SIN SEQUIA,SIN REDUCCION
Region A - Primeros Quince dias habiles de cada Diciembre,15099,15,99,Texcoco,Estado de México,Aguas del Valle de Mexico,XIII,Valle de Mexico,26,sin dato,SIN SEQUIA,SIN REDUCCION
Region A - Primeros Quince dias habiles de cada Diciembre,15100,15,100,Tezoyuca,Estado de México,Aguas del Valle de Mexico,XIII,Valle de Mexico,26,sin dato,SIN SEQUIA,SIN REDUCCION
Region A - Primeros Quince dias habiles de cada Diciembre,15101,15,101,Tianguistenco,Estado de México,Lerma Santiago Pacifico,VIII,Lerma - Chapala,15,sin dato,SIN SEQUIA,SIN REDUCCION
Region A - Primeros Quince dias habiles de cada Diciembre,15102,15,102,Timilpan,Estado de México,Golfo Norte,IX,Rio Panuco,19,sin dato,SIN SEQUIA,SIN REDUCCION
Region A - Primeros Quince dias habiles de cada Diciembre,15103,15,103,Tlalmanalco,Estado de México,Aguas del Valle de Mexico,XIII,Valle de Mexico,26,sin dato,SIN SEQUIA,SIN REDUCCION
Region A - Primeros Quince dias habiles de cada Diciembre,15104,15,104,Tlalnepantla de Baz,Estado de México,Aguas del Valle de Mexico,XIII,Valle de Mexico,26,sin dato,SIN SEQUIA,SIN REDUCCION
Region A - Primeros Quince dias habiles de cada Diciembre,15105,15,105,Tlatlaya,Estado de México,Balsas,IV,Rio Balsas,9,sin dato,SIN SEQUIA,SIN REDUCCION
Region A - Primeros Quince dias habiles de cada Diciembre,15106,15,106,Toluca,Estado de México,Lerma Santiago Pacifico,VIII,Lerma - Chapala,15,sin dato,SIN SEQUIA,SIN REDUCCION
Region A - Primeros Quince dias habiles de cada Diciembre,15107,15,107,Tonatico,Estado de México,Balsas,IV,Rio Balsas,9,sin dato,SIN SEQUIA,SIN REDUCCION
Region A - Primeros Quince dias habiles de cada Diciembre,15108,15,108,Tultepec,Estado de México,Aguas del Valle de Mexico,XIII,Valle de Mexico,26,sin dato,SIN SEQUIA,SIN REDUCCION
Region A - Primeros Quince dias habiles de cada Diciembre,15109,15,109,Tultitlan,Estado de México,Aguas del Valle de Mexico,XIII,Valle de Mexico,26,sin dato,SIN SEQUIA,SIN REDUCCION
Region A - Primeros Quince dias habiles de cada Diciembre,15110,15,110,Valle de Bravo,Estado de México,Balsas,IV,Rio Balsas,9,sin dato,SIN SEQUIA,SIN REDUCCION
Region A - Primeros Quince dias habiles de cada Diciembre,15111,15,111,Villa de Allende,Estado de México,Balsas,IV,Rio Balsas,9,sin dato,SIN SEQUIA,SIN REDUCCION
Region A - Primeros Quince dias habiles de cada Diciembre,15112,15,112,Villa del Carbon,Estado de México,Aguas del Valle de Mexico,XIII,Valle de Mexico,26,sin dato,SIN SEQUIA,SIN REDUCCION
Region A - Primeros Quince dias habiles de cada Diciembre,15113,15,113,Villa Guerrero,Estado de México,Balsas,IV,Rio Balsas,9,sin dato,SIN SEQUIA,SIN REDUCCION
Region A - Primeros Quince dias habiles de cada Diciembre,15114,15,114,Villa Victoria,Estado de México,Balsas,IV,Rio Balsas,9,sin dato,SIN SEQUIA,SIN REDUCCION
Region A - Primeros Quince dias habiles de cada Diciembre,15115,15,115,Xonacatlan,Estado de México,Lerma Santiago Pacifico,VIII,Lerma - Chapala,15,sin dato,SIN SEQUIA,SIN REDUCCION
Region A - Primeros Quince dias habiles de cada Diciembre,15116,15,116,Zacazonapan,Estado de México,Balsas,IV,Rio Balsas,9,sin dato,SIN SEQUIA,SIN REDUCCION
Region A - Primeros Quince dias habiles de cada Diciembre,15117,15,117,Zacualpan,Estado de México,Balsas,IV,Rio Balsas,9,sin dato,SIN SEQUIA,SIN REDUCCION
Region A - Primeros Quince dias habiles de cada Diciembre,15118,15,118,Zinacantepec,Estado de México,Lerma Santiago Pacifico,VIII,Lerma - Chapala,15,sin dato,SIN SEQUIA,SIN REDUCCION
Region A - Primeros Quince dias habiles de cada Diciembre,15119,15,119,Zumpahuacan,Estado de México,Balsas,IV,Rio Balsas,9,sin dato,SIN SEQUIA,SIN REDUCCION
Region A - Primeros Quince dias habiles de cada Diciembre,15120,15,120,Zumpango,Estado de México,Aguas del Valle de Mexico,XIII,Valle de Mexico,26,sin dato,SIN SEQUIA,SIN REDUCCION
Region A - Primeros Quince dias habiles de cada Diciembre,15121,15,121,Cuautitlan Izcalli,Estado de México,Aguas del Valle de Mexico,XIII,Valle de Mexico,26,sin dato,SIN SEQUIA,SIN REDUCCION
Region A - Primeros Quince dias habiles de cada Diciembre,15122,15,122,Valle de Chalco Solidaridad,Estado de México,Aguas del Valle de Mexico,XIII,Valle de Mexico,26,sin dato,SIN SEQUIA,SIN REDUCCION
Region A - Primeros Quince dias habiles de cada Diciembre,15123,15,123,Luvianos,Estado de México,Balsas,IV,Rio Balsas,9,sin dato,SIN SEQUIA,SIN REDUCCION
Region A - Primeros Quince dias habiles de cada Diciembre,15124,15,124,San Jose del Rincon,Estado de México,Lerma Santiago Pacifico,VIII,Rio Balsas,9,sin dato,SIN SEQUIA,SIN REDUCCION
Region A - Primeros Quince dias habiles de cada Diciembre,15125,15,125,Tonanitla,Estado de México,Aguas del Valle de Mexico,XIII,Valle de Mexico,26,sin dato,SIN SEQUIA,SIN REDUCCION
Region A - Primeros Quince dias habiles de cada Diciembre,16001,16,1,Acuitzio,Michoacán,Lerma Santiago Pacifico,VIII,Lerma - Chapala,15,sin dato,SIN SEQUIA,SIN REDUCCION
Region A - Primeros Quince dias habiles de cada Diciembre,16002,16,2,Aguililla,Michoacán,Lerma Santiago Pacifico,VIII,Rio Balsas,9,sin dato,SIN SEQUIA,SIN REDUCCION
Region A - Primeros Quince dias habiles de cada Diciembre,16003,16,3,alvaro Obregon,Michoacán,Lerma Santiago Pacifico,VIII,Lerma - Chapala,15,sin dato,SIN SEQUIA,SIN REDUCCION
Region A - Primeros Quince dias habiles de cada Diciembre,16004,16,4,Angamacutiro,Michoacán,Lerma Santiago Pacifico,VIII,Lerma - Chapala,15,sin dato,SIN SEQUIA,SIN REDUCCION
Region A - Primeros Quince dias habiles de cada Diciembre,16005,16,5,Angangueo,Michoacán,Balsas,IV,Rio Balsas,9,sin dato,SIN SEQUIA,SIN REDUCCION
Region A - Primeros Quince dias habiles de cada Diciembre,16006,16,6,Apatzingan,Michoacán,Balsas,IV,Rio Balsas,9,D1,VERDE,15%
Region A - Primeros Quince dias habiles de cada Diciembre,16007,16,7,aporo,Michoacán,Balsas,IV,Rio Balsas,9,sin dato,SIN SEQUIA,SIN REDUCCION
Region A - Primeros Quince dias habiles de cada Diciembre,16008,16,8,Aquila,Michoacán,Lerma Santiago Pacifico,VIII,Costa Pacifico Centro,17,sin dato,SIN SEQUIA,SIN REDUCCION
Region A - Primeros Quince dias habiles de cada Diciembre,16009,16,9,Ario,Michoacán,Balsas,IV,Rio Balsas,9,sin dato,SIN SEQUIA,SIN REDUCCION
Region A - Primeros Quince dias habiles de cada Diciembre,16010,16,10,Arteaga,Michoacán,Balsas,IV,Rio Balsas,9,D1,AMARILLO,15%
Region A - Primeros Quince dias habiles de cada Diciembre,16011,16,11,Brisenas,Michoacán,Lerma Santiago Pacifico,VIII,Lerma - Chapala,15,sin dato,SIN SEQUIA,SIN REDUCCION
Region A - Primeros Quince dias habiles de cada Diciembre,16012,16,12,Buenavista,Michoacán,Balsas,IV,Rio Balsas,9,sin dato,SIN SEQUIA,SIN REDUCCION
Region A - Primeros Quince dias habiles de cada Diciembre,16013,16,13,Caracuaro,Michoacán,Balsas,IV,Rio Balsas,9,sin dato,SIN SEQUIA,SIN REDUCCION
Region A - Primeros Quince dias habiles de cada Diciembre,16014,16,14,Coahuayana,Michoacán,Lerma Santiago Pacifico,VIII,Costa Pacifico Centro,17,D1,PRE-ALERTA,15%
Region A - Primeros Quince dias habiles de cada Diciembre,16015,16,15,Coalcoman de Vazquez Pallares,Michoacán,Lerma Santiago Pacifico,VIII,Costa Pacifico Centro,17,sin dato,SIN SEQUIA,SIN REDUCCION
Region A - Primeros Quince dias habiles de cada Diciembre,16016,16,16,Coeneo,Michoacán,Lerma Santiago Pacifico,VIII,Lerma - Chapala,15,D1,PRE-ALERTA,15%
Region A - Primeros Quince dias habiles de cada Diciembre,16017,16,17,Contepec,Michoacán,Lerma Santiago Pacifico,VIII,Lerma - Chapala,15,sin dato,SIN SEQUIA,SIN REDUCCION
Region A - Primeros Quince dias habiles de cada Diciembre,16018,16,18,Copandaro,Michoacán,Lerma Santiago Pacifico,VIII,Lerma - Chapala,15,sin dato,SIN SEQUIA,SIN REDUCCION
Region A - Primeros Quince dias habiles de cada Diciembre,16019,16,19,Cotija,Michoacán,Balsas,IV,Rio Balsas,9,sin dato,SIN SEQUIA,SIN REDUCCION
Region A - Primeros Quince dias habiles de cada Diciembre,16020,16,20,Cuitzeo,Michoacán,Lerma Santiago Pacifico,VIII,Lerma - Chapala,15,sin dato,SIN SEQUIA,SIN REDUCCION
Region A - Primeros Quince dias habiles de cada Diciembre,16021,16,21,Charapan,Michoacán,Balsas,IV,Rio Balsas,9,sin dato,SIN SEQUIA,SIN REDUCCION
Region A - Primeros Quince dias habiles de cada Diciembre,16022,16,22,Charo,Michoacán,Lerma Santiago Pacifico,VIII,Lerma - Chapala,15,sin dato,SIN SEQUIA,SIN REDUCCION
Region A - Primeros Quince dias habiles de cada Diciembre,16023,16,23,Chavinda,Michoacán,Lerma Santiago Pacifico,VIII,Lerma - Chapala,15,sin dato,SIN SEQUIA,SIN REDUCCION
Region A - Primeros Quince dias habiles de cada Diciembre,16024,16,24,Cheran,Michoacán,Lerma Santiago Pacifico,VIII,Lerma - Chapala,15,sin dato,SIN SEQUIA,SIN REDUCCION
Region A - Primeros Quince dias habiles de cada Diciembre,16025,16,25,Chilchota,Michoacán,Lerma Santiago Pacifico,VIII,Lerma - Chapala,15,sin dato,SIN SEQUIA,SIN REDUCCION
Region A - Primeros Quince dias habiles de cada Diciembre,16026,16,26,Chinicuila,Michoacán,Lerma Santiago Pacifico,VIII,Costa Pacifico Centro,17,sin dato,SIN SEQUIA,SIN REDUCCION
Region A - Primeros Quince dias habiles de cada Diciembre,16027,16,27,Chucandiro,Michoacán,Lerma Santiago Pacifico,VIII,Lerma - Chapala,15,sin dato,SIN SEQUIA,SIN REDUCCION
Region A - Primeros Quince dias habiles de cada Diciembre,16028,16,28,Churintzio,Michoacán,Lerma Santiago Pacifico,VIII,Lerma - Chapala,15,sin dato,SIN SEQUIA,SIN REDUCCION
Region A - Primeros Quince dias habiles de cada Diciembre,16029,16,29,Churumuco,Michoacán,Balsas,IV,Rio Balsas,9,sin dato,SIN SEQUIA,SIN REDUCCION
Region A - Primeros Quince dias habiles de cada Diciembre,16030,16,30,Ecuandureo,Michoacán,Lerma Santiago Pacifico,VIII,Lerma - Chapala,15,sin dato,SIN SEQUIA,SIN REDUCCION
Region A - Primeros Quince dias habiles de cada Diciembre,16031,16,31,Epitacio Huerta,Michoacán,Lerma Santiago Pacifico,VIII,Lerma - Chapala,15,sin dato,SIN SEQUIA,SIN REDUCCION
Region A - Primeros Quince dias habiles de cada Diciembre,16032,16,32,Erongaricuaro,Michoacán,Lerma Santiago Pacifico,VIII,Lerma - Chapala,15,sin dato,SIN SEQUIA,SIN REDUCCION
Region A - Primeros Quince dias habiles de cada Diciembre,16033,16,33,Gabriel Zamora,Michoacán,Balsas,IV,Rio Balsas,9,sin dato,SIN SEQUIA,SIN REDUCCION
Region A - Primeros Quince dias habiles de cada Diciembre,16034,16,34,Hidalgo,Michoacán,Balsas,IV,Rio Balsas,9,sin dato,SIN SEQUIA,SIN REDUCCION
Region A - Primeros Quince dias habiles de cada Diciembre,16035,16,35,La Huacana,Michoacán,Balsas,IV,Rio Balsas,9,sin dato,SIN SEQUIA,SIN REDUCCION
Region A - Primeros Quince dias habiles de cada Diciembre,16036,16,36,Huandacareo,Michoacán,Lerma Santiago Pacifico,VIII,Lerma - Chapala,15,sin dato,SIN SEQUIA,SIN REDUCCION
Region A - Primeros Quince dias habiles de cada Diciembre,16037,16,37,Huaniqueo,Michoacán,Lerma Santiago Pacifico,VIII,Lerma - Chapala,15,sin dato,SIN SEQUIA,SIN REDUCCION
Region A - Primeros Quince dias habiles de cada Diciembre,16038,16,38,Huetamo,Michoacán,Balsas,IV,Rio Balsas,9,sin dato,SIN SEQUIA,SIN REDUCCION
Region A - Primeros Quince dias habiles de cada Diciembre,16039,16,39,Huiramba,Michoacán,Lerma Santiago Pacifico,VIII,Lerma - Chapala,15,D0,PRE-ALERTA,10%
Region A - Primeros Quince dias habiles de cada Diciembre,16040,16,40,Indaparapeo,Michoacán,Lerma Santiago Pacifico,VIII,Lerma - Chapala,15,sin dato,SIN SEQUIA,SIN REDUCCION
Region A - Primeros Quince dias habiles de cada Diciembre,16041,16,41,Irimbo,Michoacán,Lerma Santiago Pacifico,VIII,Lerma - Chapala,15,sin dato,SIN SEQUIA,SIN REDUCCION
Region A - Primeros Quince dias habiles de cada Diciembre,16042,16,42,Ixtlan,Michoacán,Lerma Santiago Pacifico,VIII,Lerma - Chapala,15,sin dato,SIN SEQUIA,SIN REDUCCION
Region A - Primeros Quince dias habiles de cada Diciembre,16043,16,43,Jacona,Michoacán,Lerma Santiago Pacifico,VIII,Lerma - Chapala,15,sin dato,SIN SEQUIA,SIN REDUCCION
Region A - Primeros Quince dias habiles de cada Diciembre,16044,16,44,Jimenez,Michoacán,Lerma Santiago Pacifico,VIII,Lerma - Chapala,15,sin dato,SIN SEQUIA,SIN REDUCCION
Region A - Primeros Quince dias habiles de cada Diciembre,16045,16,45,Jiquilpan,Michoacán,Lerma Santiago Pacifico,VIII,Lerma - Chapala,15,sin dato,SIN SEQUIA,SIN REDUCCION
Region A - Primeros Quince dias habiles de cada Diciembre,16046,16,46,Juarez,Michoacán,Balsas,IV,Rio Balsas,9,sin dato,SIN SEQUIA,SIN REDUCCION
Region A - Primeros Quince dias habiles de cada Diciembre,16047,16,47,Jungapeo,Michoacán,Balsas,IV,Rio Balsas,9,sin dato,SIN SEQUIA,SIN REDUCCION
Region A - Primeros Quince dias habiles de cada Diciembre,16048,16,48,Lagunillas,Michoacán,Lerma Santiago Pacifico,VIII,Lerma - Chapala,15,sin dato,SIN SEQUIA,SIN REDUCCION
Region A - Primeros Quince dias habiles de cada Diciembre,16049,16,49,Madero,Michoacán,Balsas,IV,Rio Balsas,9,sin dato,SIN SEQUIA,SIN REDUCCION
Region A - Primeros Quince dias habiles de cada Diciembre,16050,16,50,Maravatio,Michoacán,Lerma Santiago Pacifico,VIII,Lerma - Chapala,15,sin dato,SIN SEQUIA,SIN REDUCCION
Region A - Primeros Quince dias habiles de cada Diciembre,16051,16,51,Marcos Castellanos,Michoacán,Lerma Santiago Pacifico,VIII,Lerma - Chapala,15,sin dato,SIN SEQUIA,SIN REDUCCION
Region A - Primeros Quince dias habiles de cada Diciembre,16052,16,52,Lazaro Cardenas,Michoacán,Balsas,IV,Rio Balsas,9,sin dato,SIN SEQUIA,SIN REDUCCION
Region A - Primeros Quince dias habiles de cada Diciembre,16053,16,53,Morelia,Michoacán,Lerma Santiago Pacifico,VIII,Lerma - Chapala,15,sin dato,SIN SEQUIA,SIN REDUCCION
Region A - Primeros Quince dias habiles de cada Diciembre,16054,16,54,Morelos,Michoacán,Lerma Santiago Pacifico,VIII,Lerma - Chapala,15,sin dato,SIN SEQUIA,SIN REDUCCION
Region A - Primeros Quince dias habiles de cada Diciembre,16055,16,55,Mugica,Michoacán,Balsas,IV,Rio Balsas,9,sin dato,SIN SEQUIA,SIN REDUCCION
Region A - Primeros Quince dias habiles de cada Diciembre,16056,16,56,Nahuatzen,Michoacán,Lerma Santiago Pacifico,VIII,Rio Balsas,9,sin dato,SIN SEQUIA,SIN REDUCCION
Region A - Primeros Quince dias habiles de cada Diciembre,16057,16,57,Nocupetaro,Michoacán,Balsas,IV,Rio Balsas,9,sin dato,SIN SEQUIA,SIN REDUCCION
Region A - Primeros Quince dias habiles de cada Diciembre,16058,16,58,Nuevo Parangaricutiro,Michoacán,Balsas,IV,Rio Balsas,9,sin dato,SIN SEQUIA,SIN REDUCCION
Region A - Primeros Quince dias habiles de cada Diciembre,16059,16,59,Nuevo Urecho,Michoacán,Balsas,IV,Rio Balsas,9,D0,PRE-ALERTA,10%
Region A - Primeros Quince dias habiles de cada Diciembre,16060,16,60,Numaran,Michoacán,Lerma Santiago Pacifico,VIII,Lerma - Chapala,15,sin dato,SIN SEQUIA,SIN REDUCCION
Region A - Primeros Quince dias habiles de cada Diciembre,16061,16,61,Ocampo,Michoacán,Balsas,IV,Rio Balsas,9,sin dato,SIN SEQUIA,SIN REDUCCION
Region A - Primeros Quince dias habiles de cada Diciembre,16062,16,62,Pajacuaran,Michoacán,Lerma Santiago Pacifico,VIII,Lerma - Chapala,15,sin dato,SIN SEQUIA,SIN REDUCCION
Region A - Primeros Quince dias habiles de cada Diciembre,16063,16,63,Panindicuaro,Michoacán,Lerma Santiago Pacifico,VIII,Lerma - Chapala,15,sin dato,SIN SEQUIA,SIN REDUCCION
Region A - Primeros Quince dias habiles de cada Diciembre,16064,16,64,Paracuaro,Michoacán,Balsas,IV,Rio Balsas,9,sin dato,SIN SEQUIA,SIN REDUCCION
Region A - Primeros Quince dias habiles de cada Diciembre,16065,16,65,Paracho,Michoacán,Balsas,IV,Rio Balsas,9,sin dato,SIN SEQUIA,SIN REDUCCION
Region A - Primeros Quince dias habiles de cada Diciembre,16066,16,66,Patzcuaro,Michoacán,Lerma Santiago Pacifico,VIII,Lerma - Chapala,15,sin dato,SIN SEQUIA,SIN REDUCCION
Region A - Primeros Quince dias habiles de cada Diciembre,16067,16,67,Penjamillo,Michoacán,Lerma Santiago Pacifico,VIII,Lerma - Chapala,15,sin dato,SIN SEQUIA,SIN REDUCCION
Region A - Primeros Quince dias habiles de cada Diciembre,16068,16,68,Periban,Michoacán,Balsas,IV,Rio Balsas,9,D0,PRE-ALERTA,10%
Region A - Primeros Quince dias habiles de cada Diciembre,16069,16,69,La Piedad,Michoacán,Lerma Santiago Pacifico,VIII,Lerma - Chapala,15,sin dato,SIN SEQUIA,SIN REDUCCION
Region A - Primeros Quince dias habiles de cada Diciembre,16070,16,70,Purepero,Michoacán,Lerma Santiago Pacifico,VIII,Lerma - Chapala,15,sin dato,SIN SEQUIA,SIN REDUCCION
Region A - Primeros Quince dias habiles de cada Diciembre,16071,16,71,Puruandiro,Michoacán,Lerma Santiago Pacifico,VIII,Lerma - Chapala,15,sin dato,SIN SEQUIA,SIN REDUCCION
Region A - Primeros Quince dias habiles de cada Diciembre,16072,16,72,Querendaro,Michoacán,Lerma Santiago Pacifico,VIII,Lerma - Chapala,15,sin dato,SIN SEQUIA,SIN REDUCCION
Region A - Primeros Quince dias habiles de cada Diciembre,16073,16,73,Quiroga,Michoacán,Lerma Santiago Pacifico,VIII,Lerma - Chapala,15,sin dato,SIN SEQUIA,SIN REDUCCION
Region A - Primeros Quince dias habiles de cada Diciembre,16074,16,74,Cojumatlan de Regules,Michoacán,Lerma Santiago Pacifico,VIII,Lerma - Chapala,15,sin dato,SIN SEQUIA,SIN REDUCCION
Region A - Primeros Quince dias habiles de cada Diciembre,16075,16,75,Los Reyes,Michoacán,Balsas,IV,Rio Balsas,9,sin dato,SIN SEQUIA,SIN REDUCCION
Region A - Primeros Quince dias habiles de cada Diciembre,16076,16,76,Sahuayo,Michoacán,Lerma Santiago Pacifico,VIII,Lerma - Chapala,15,sin dato,SIN SEQUIA,SIN REDUCCION
Region A - Primeros Quince dias habiles de cada Diciembre,16077,16,77,San Lucas,Michoacán,Balsas,IV,Rio Balsas,9,sin dato,SIN SEQUIA,SIN REDUCCION
Region A - Primeros Quince dias habiles de cada Diciembre,16078,16,78,Santa Ana Maya,Michoacán,Lerma Santiago Pacifico,VIII,Lerma - Chapala,15,sin dato,SIN SEQUIA,SIN REDUCCION
Region A - Primeros Quince dias habiles de cada Diciembre,16079,16,79,Salvador Escalante,Michoacán,Balsas,IV,Rio Balsas,9,sin dato,SIN SEQUIA,SIN REDUCCION
Region A - Primeros Quince dias habiles de cada Diciembre,16080,16,80,Senguio,Michoacán,Lerma Santiago Pacifico,VIII,Lerma - Chapala,15,sin dato,SIN SEQUIA,SIN REDUCCION
Region A - Primeros Quince dias habiles de cada Diciembre,16081,16,81,Susupuato,Michoacán,Balsas,IV,Rio Balsas,9,sin dato,SIN SEQUIA,SIN REDUCCION
Region A - Primeros Quince dias habiles de cada Diciembre,16082,16,82,Tacambaro,Michoacán,Balsas,IV,Rio Balsas,9,sin dato,SIN SEQUIA,SIN REDUCCION
Region A - Primeros Quince dias habiles de cada Diciembre,16083,16,83,Tancitaro,Michoacán,Balsas,IV,Rio Balsas,9,sin dato,SIN SEQUIA,SIN REDUCCION
Region A - Primeros Quince dias habiles de cada Diciembre,16084,16,84,Tangamandapio,Michoacán,Lerma Santiago Pacifico,VIII,Lerma - Chapala,15,sin dato,SIN SEQUIA,SIN REDUCCION
Region A - Primeros Quince dias habiles de cada Diciembre,16085,16,85,Tangancicuaro,Michoacán,Lerma Santiago Pacifico,VIII,Lerma - Chapala,15,sin dato,SIN SEQUIA,SIN REDUCCION
Region A - Primeros Quince dias habiles de cada Diciembre,16086,16,86,Tanhuato,Michoacán,Lerma Santiago Pacifico,VIII,Lerma - Chapala,15,sin dato,SIN SEQUIA,SIN REDUCCION
Region A - Primeros Quince dias habiles de cada Diciembre,16087,16,87,Taretan,Michoacán,Balsas,IV,Rio Balsas,9,sin dato,SIN SEQUIA,SIN REDUCCION
Region A - Primeros Quince dias habiles de cada Diciembre,16088,16,88,Tarimbaro,Michoacán,Lerma Santiago Pacifico,VIII,Lerma - Chapala,15,sin dato,SIN SEQUIA,SIN REDUCCION
Region A - Primeros Quince dias habiles de cada Diciembre,16089,16,89,Tepalcatepec,Michoacán,Balsas,IV,Rio Balsas,9,sin dato,SIN SEQUIA,SIN REDUCCION
Region A - Primeros Quince dias habiles de cada Diciembre,16090,16,90,Tingambato,Michoacán,Balsas,IV,Rio Balsas,9,sin dato,SIN SEQUIA,SIN REDUCCION
Region A - Primeros Quince dias habiles de cada Diciembre,16091,16,91,Tingüindin,Michoacán,Balsas,IV,Rio Balsas,9,sin dato,SIN SEQUIA,SIN REDUCCION
Region A - Primeros Quince dias habiles de cada Diciembre,16092,16,92,Tiquicheo de Nicolas Romero,Michoacán,Balsas,IV,Rio Balsas,9,sin dato,SIN SEQUIA,SIN REDUCCION
Region A - Primeros Quince dias habiles de cada Diciembre,16093,16,93,Tlalpujahua,Michoacán,Lerma Santiago Pacifico,VIII,Lerma - Chapala,15,D1,PRE-ALERTA,15%
Region A - Primeros Quince dias habiles de cada Diciembre,16094,16,94,Tlazazalca,Michoacán,Lerma Santiago Pacifico,VIII,Lerma - Chapala,15,sin dato,SIN SEQUIA,SIN REDUCCION
Region A - Primeros Quince dias habiles de cada Diciembre,16095,16,95,Tocumbo,Michoacán,Balsas,IV,Rio Balsas,9,sin dato,SIN SEQUIA,SIN REDUCCION
Region A - Primeros Quince dias habiles de cada Diciembre,16096,16,96,Tumbiscatio,Michoacán,Lerma Santiago Pacifico,VIII,Rio Balsas,9,sin dato,SIN SEQUIA,SIN REDUCCION
Region A - Primeros Quince dias habiles de cada Diciembre,16097,16,97,Turicato,Michoacán,Balsas,IV,Rio Balsas,9,sin dato,SIN SEQUIA,SIN REDUCCION
Region A - Primeros Quince dias habiles de cada Diciembre,16098,16,98,Tuxpan,Michoacán,Balsas,IV,Rio Balsas,9,sin dato,SIN SEQUIA,SIN REDUCCION
Region A - Primeros Quince dias habiles de cada Diciembre,16099,16,99,Tuzantla,Michoacán,Balsas,IV,Rio Balsas,9,sin dato,SIN SEQUIA,SIN REDUCCION
Region A - Primeros Quince dias habiles de cada Diciembre,16100,16,100,Tzintzuntzan,Michoacán,Lerma Santiago Pacifico,VIII,Lerma - Chapala,15,D1,PRE-ALERTA,15%
Region A - Primeros Quince dias habiles de cada Diciembre,16101,16,101,Tzitzio,Michoacán,Balsas,IV,Rio Balsas,9,sin dato,SIN SEQUIA,SIN REDUCCION
Region A - Primeros Quince dias habiles de cada Diciembre,16102,16,102,Uruapan,Michoacán,Balsas,IV,Rio Balsas,9,sin dato,SIN SEQUIA,SIN REDUCCION
Region A - Primeros Quince dias habiles de cada Diciembre,16103,16,103,Venustiano Carranza,Michoacán,Lerma Santiago Pacifico,VIII,Lerma - Chapala,15,sin dato,SIN SEQUIA,SIN REDUCCION
Region A - Primeros Quince dias habiles de cada Diciembre,16104,16,104,Villamar,Michoacán,Lerma Santiago Pacifico,VIII,Lerma - Chapala,15,sin dato,SIN SEQUIA,SIN REDUCCION
Region A - Primeros Quince dias habiles de cada Diciembre,16105,16,105,Vista Hermosa,Michoacán,Lerma Santiago Pacifico,VIII,Lerma - Chapala,15,sin dato,SIN SEQUIA,SIN REDUCCION
Region A - Primeros Quince dias habiles de cada Diciembre,16106,16,106,Yurecuaro,Michoacán,Lerma Santiago Pacifico,VIII,Lerma - Chapala,15,sin dato,SIN SEQUIA,SIN REDUCCION
Region A - Primeros Quince dias habiles de cada Diciembre,16107,16,107,Zacapu,Michoacán,Lerma Santiago Pacifico,VIII,Lerma - Chapala,15,sin dato,SIN SEQUIA,SIN REDUCCION
Region A - Primeros Quince dias habiles de cada Diciembre,16108,16,108,Zamora,Michoacán,Lerma Santiago Pacifico,VIII,Lerma - Chapala,15,sin dato,SIN SEQUIA,SIN REDUCCION
Region A - Primeros Quince dias habiles de cada Diciembre,16109,16,109,Zinaparo,Michoacán,Lerma Santiago Pacifico,VIII,Lerma - Chapala,15,sin dato,SIN SEQUIA,SIN REDUCCION
Region A - Primeros Quince dias habiles de cada Diciembre,16110,16,110,Zinapecuaro,Michoacán,Lerma Santiago Pacifico,VIII,Lerma - Chapala,15,sin dato,SIN SEQUIA,SIN REDUCCION
Region A - Primeros Quince dias habiles de cada Diciembre,16111,16,111,Ziracuaretiro,Michoacán,Balsas,IV,Rio Balsas,9,sin dato,SIN SEQUIA,SIN REDUCCION
Region A - Primeros Quince dias habiles de cada Diciembre,16112,16,112,Zitacuaro,Michoacán,Balsas,IV,Rio Balsas,9,sin dato,SIN SEQUIA,SIN REDUCCION
Region A - Primeros Quince dias habiles de cada Diciembre,16113,16,113,Jose Sixto Verduzco,Michoacán,Lerma Santiago Pacifico,VIII,Lerma - Chapala,15,sin dato,SIN SEQUIA,SIN REDUCCION
Region A - Primeros Quince dias habiles de cada Diciembre,17001,17,1,Amacuzac,Morelos,Balsas,IV,Rio Balsas,9,sin dato,SIN SEQUIA,SIN REDUCCION
Region A - Primeros Quince dias habiles de cada Diciembre,17002,17,2,Atlatlahucan,Morelos,Balsas,IV,Rio Balsas,9,sin dato,SIN SEQUIA,SIN REDUCCION
Region A - Primeros Quince dias habiles de cada Diciembre,17003,17,3,Axochiapan,Morelos,Balsas,IV,Rio Balsas,9,sin dato,SIN SEQUIA,SIN REDUCCION
Region A - Primeros Quince dias habiles de cada Diciembre,17004,17,4,Ayala,Morelos,Balsas,IV,Rio Balsas,9,sin dato,SIN SEQUIA,SIN REDUCCION
Region A - Primeros Quince dias habiles de cada Diciembre,17005,17,5,Coatlan del Rio,Morelos,Balsas,IV,Rio Balsas,9,sin dato,SIN SEQUIA,SIN REDUCCION
Region A - Primeros Quince dias habiles de cada Diciembre,17006,17,6,Cuautla,Morelos,Balsas,IV,Rio Balsas,9,sin dato,SIN SEQUIA,SIN REDUCCION
Region A - Primeros Quince dias habiles de cada Diciembre,17007,17,7,Cuernavaca,Morelos,Balsas,IV,Rio Balsas,9,sin dato,SIN SEQUIA,SIN REDUCCION
Region A - Primeros Quince dias habiles de cada Diciembre,17008,17,8,Emiliano Zapata,Morelos,Balsas,IV,Rio Balsas,9,sin dato,SIN SEQUIA,SIN REDUCCION
Region A - Primeros Quince dias habiles de cada Diciembre,17009,17,9,Huitzilac,Morelos,Balsas,IV,Rio Balsas,9,sin dato,SIN SEQUIA,SIN REDUCCION
Region A - Primeros Quince dias habiles de cada Diciembre,17010,17,10,Jantetelco,Morelos,Balsas,IV,Rio Balsas,9,sin dato,SIN SEQUIA,SIN REDUCCION
Region A - Primeros Quince dias habiles de cada Diciembre,17011,17,11,Jiutepec,Morelos,Balsas,IV,Rio Balsas,9,sin dato,SIN SEQUIA,SIN REDUCCION
Region A - Primeros Quince dias habiles de cada Diciembre,17012,17,12,Jojutla,Morelos,Balsas,IV,Rio Balsas,9,sin dato,SIN SEQUIA,SIN REDUCCION
Region A - Primeros Quince dias habiles de cada Diciembre,17013,17,13,Jonacatepec,Morelos,Balsas,IV,Rio Balsas,9,sin dato,SIN SEQUIA,SIN REDUCCION
Region A - Primeros Quince dias habiles de cada Diciembre,17014,17,14,Mazatepec,Morelos,Balsas,IV,Rio Balsas,9,sin dato,SIN SEQUIA,SIN REDUCCION
Region A - Primeros Quince dias habiles de cada Diciembre,17015,17,15,Miacatlan,Morelos,Balsas,IV,Rio Balsas,9,sin dato,SIN SEQUIA,SIN REDUCCION
Region A - Primeros Quince dias habiles de cada Diciembre,17016,17,16,Ocuituco,Morelos,Balsas,IV,Rio Balsas,9,sin dato,SIN SEQUIA,SIN REDUCCION
Region A - Primeros Quince dias habiles de cada Diciembre,17017,17,17,Puente de Ixtla,Morelos,Balsas,IV,Rio Balsas,9,sin dato,SIN SEQUIA,SIN REDUCCION
Region A - Primeros Quince dias habiles de cada Diciembre,17018,17,18,Temixco,Morelos,Balsas,IV,Rio Balsas,9,sin dato,SIN SEQUIA,SIN REDUCCION
Region A - Primeros Quince dias habiles de cada Diciembre,17019,17,19,Tepalcingo,Morelos,Balsas,IV,Rio Balsas,9,sin dato,SIN SEQUIA,SIN REDUCCION
Region A - Primeros Quince dias habiles de cada Diciembre,17020,17,20,Tepoztlan,Morelos,Balsas,IV,Rio Balsas,9,sin dato,SIN SEQUIA,SIN REDUCCION
Region A - Primeros Quince dias habiles de cada Diciembre,17021,17,21,Tetecala,Morelos,Balsas,IV,Rio Balsas,9,sin dato,SIN SEQUIA,SIN REDUCCION
Region A - Primeros Quince dias habiles de cada Diciembre,17022,17,22,Tetela del Volcan,Morelos,Balsas,IV,Rio Balsas,9,sin dato,SIN SEQUIA,SIN REDUCCION
Region A - Primeros Quince dias habiles de cada Diciembre,17023,17,23,Tlalnepantla,Morelos,Balsas,IV,Rio Balsas,9,sin dato,SIN SEQUIA,SIN REDUCCION
Region A - Primeros Quince dias habiles de cada Diciembre,17024,17,24,Tlaltizapan,Morelos,Balsas,IV,Rio Balsas,9,sin dato,SIN SEQUIA,SIN REDUCCION
Region A - Primeros Quince dias habiles de cada Diciembre,17025,17,25,Tlaquiltenango,Morelos,Balsas,IV,Rio Balsas,9,sin dato,SIN SEQUIA,SIN REDUCCION
Region A - Primeros Quince dias habiles de cada Diciembre,17026,17,26,Tlayacapan,Morelos,Balsas,IV,Rio Balsas,9,sin dato,SIN SEQUIA,SIN REDUCCION
Region A - Primeros Quince dias habiles de cada Diciembre,17027,17,27,Totolapan,Morelos,Balsas,IV,Rio Balsas,9,sin dato,SIN SEQUIA,SIN REDUCCION
Region A - Primeros Quince dias habiles de cada Diciembre,17028,17,28,Xochitepec,Morelos,Balsas,IV,Rio Balsas,9,sin dato,SIN SEQUIA,SIN REDUCCION
Region A - Primeros Quince dias habiles de cada Diciembre,17029,17,29,Yautepec,Morelos,Balsas,IV,Rio Balsas,9,sin dato,SIN SEQUIA,SIN REDUCCION
Region A - Primeros Quince dias habiles de cada Diciembre,17030,17,30,Yecapixtla,Morelos,Balsas,IV,Rio Balsas,9,sin dato,SIN SEQUIA,SIN REDUCCION
Region A - Primeros Quince dias habiles de cada Diciembre,17031,17,31,Zacatepec de Hidalgo,Morelos,Balsas,IV,Rio Balsas,9,sin dato,SIN SEQUIA,SIN REDUCCION
Region A - Primeros Quince dias habiles de cada Diciembre,17032,17,32,Zacualpan de Amilpas,Morelos,Balsas,IV,Rio Balsas,9,sin dato,SIN SEQUIA,SIN REDUCCION
Region A - Primeros Quince dias habiles de cada Diciembre,17033,17,33,Temoac,Morelos,Balsas,IV,Rio Balsas,9,sin dato,SIN SEQUIA,SIN REDUCCION
Region A - Primeros Quince dias habiles de cada Diciembre,17034,17,34,Coatetelco,Morelos,Balsas,IV,Rio Balsas,9,sin dato,SIN SEQUIA,SIN REDUCCION
Region A - Primeros Quince dias habiles de cada Diciembre,17035,17,35,Xoxocotla,Morelos,Balsas,IV,Rio Balsas,9,sin dato,SIN SEQUIA,SIN REDUCCION
Region A - Primeros Quince dias habiles de cada Diciembre,17036,17,36,Hueyapan,Morelos,Balsas,IV,Rio Balsas,9,sin dato,SIN SEQUIA,SIN REDUCCION
Region A - Primeros Quince dias habiles de cada Diciembre,18001,18,1,Acaponeta,Nayarit,Pacifico Norte,III,Rios Presidio al San Pedro,8,sin dato,SIN SEQUIA,SIN REDUCCION
Region A - Primeros Quince dias habiles de cada Diciembre,18002,18,2,Ahuacatlan,Nayarit,Lerma Santiago Pacifico,VIII,Costa Pacifico Centro,17,sin dato,SIN SEQUIA,SIN REDUCCION
Region A - Primeros Quince dias habiles de cada Diciembre,18003,18,3,Amatlan de Canas,Nayarit,Lerma Santiago Pacifico,VIII,Costa Pacifico Centro,17,sin dato,SIN SEQUIA,SIN REDUCCION
Region A - Primeros Quince dias habiles de cada Diciembre,18004,18,4,Compostela,Nayarit,Lerma Santiago Pacifico,VIII,Costa Pacifico Centro,17,sin dato,SIN SEQUIA,SIN REDUCCION
Region A - Primeros Quince dias habiles de cada Diciembre,18005,18,5,Huajicori,Nayarit,Pacifico Norte,III,Rios Presidio al San Pedro,8,sin dato,SIN SEQUIA,SIN REDUCCION
Region A - Primeros Quince dias habiles de cada Diciembre,18006,18,6,Ixtlan del Rio,Nayarit,Lerma Santiago Pacifico,VIII,Costa Pacifico Centro,17,sin dato,SIN SEQUIA,SIN REDUCCION
Region A - Primeros Quince dias habiles de cada Diciembre,18007,18,7,Jala,Nayarit,Lerma Santiago Pacifico,VIII,Rio Santiago,16,sin dato,SIN SEQUIA,SIN REDUCCION
Region A - Primeros Quince dias habiles de cada Diciembre,18008,18,8,Xalisco,Nayarit,Lerma Santiago Pacifico,VIII,Costa Pacifico Centro,17,sin dato,SIN SEQUIA,SIN REDUCCION
Region A - Primeros Quince dias habiles de cada Diciembre,18009,18,9,Del Nayar,Nayarit,Lerma Santiago Pacifico,VIII,Rio Santiago,16,sin dato,SIN SEQUIA,SIN REDUCCION
Region A - Primeros Quince dias habiles de cada Diciembre,18010,18,10,Rosamorada,Nayarit,Pacifico Norte,III,Rios Presidio al San Pedro,8,sin dato,SIN SEQUIA,SIN REDUCCION
Region A - Primeros Quince dias habiles de cada Diciembre,18011,18,11,Ruiz,Nayarit,Pacifico Norte,III,Rios Presidio al San Pedro,8,D0,PRE-ALERTA,10%
Region A - Primeros Quince dias habiles de cada Diciembre,18012,18,12,San Blas,Nayarit,Lerma Santiago Pacifico,VIII,Costa Pacifico Centro,17,D0,PRE-ALERTA,10%
Region A - Primeros Quince dias habiles de cada Diciembre,18013,18,13,San Pedro Lagunillas,Nayarit,Lerma Santiago Pacifico,VIII,Costa Pacifico Centro,17,D0,PRE-ALERTA,10%
Region A - Primeros Quince dias habiles de cada Diciembre,18014,18,14,Santa Maria del Oro,Nayarit,Lerma Santiago Pacifico,VIII,Rio Santiago,16,sin dato,SIN SEQUIA,SIN REDUCCION
Region A - Primeros Quince dias habiles de cada Diciembre,18015,18,15,Santiago Ixcuintla,Nayarit,Pacifico Norte,III,Rios Presidio al San Pedro,8,sin dato,SIN SEQUIA,SIN REDUCCION
Region A - Primeros Quince dias habiles de cada Diciembre,18016,18,16,Tecuala,Nayarit,Pacifico Norte,III,Rios Presidio al San Pedro,8,sin dato,SIN SEQUIA,SIN REDUCCION
Region A - Primeros Quince dias habiles de cada Diciembre,18017,18,17,Tepic,Nayarit,Lerma Santiago Pacifico,VIII,Rio Santiago,16,sin dato,SIN SEQUIA,SIN REDUCCION
Region A - Primeros Quince dias habiles de cada Diciembre,18018,18,18,Tuxpan,Nayarit,Pacifico Norte,III,Rios Presidio al San Pedro,8,D0,PRE-ALERTA,10%
Region A - Primeros Quince dias habiles de cada Diciembre,18019,18,19,La Yesca,Nayarit,Lerma Santiago Pacifico,VIII,Rio Santiago,16,sin dato,SIN SEQUIA,SIN REDUCCION
Region A - Primeros Quince dias habiles de cada Diciembre,18020,18,20,Bahia de Banderas,Nayarit,Lerma Santiago Pacifico,VIII,Costa Pacifico Centro,17,sin dato,SIN SEQUIA,SIN REDUCCION
Region A - Primeros Quince dias habiles de cada Diciembre,19001,19,1,Abasolo,Nuevo León,Rio Bravo,VI,Rio Bravo,12,D0,PRE-ALERTA,10%
Region C - Primeros 8 dias habiles de CADA MES,19002,19,2,Agualeguas,Nuevo León,Rio Bravo,VI,Rio Bravo,12,sin dato,SIN SEQUIA,SIN REDUCCION
Region C - Primeros 8 dias habiles de CADA MES,19003,19,3,Los Aldamas,Nuevo León,Rio Bravo,VI,Rio Bravo,12,D0,VERDE,10%
Region A - Primeros Quince dias habiles de cada Diciembre,19004,19,4,Allende,Nuevo León,Rio Bravo,VI,Rio Bravo,12,sin dato,SIN SEQUIA,SIN REDUCCION
Region C - Primeros 8 dias habiles de CADA MES,19005,19,5,Anahuac,Nuevo León,Rio Bravo,VI,Rio Bravo,12,sin dato,SIN SEQUIA,SIN REDUCCION
Region A - Primeros Quince dias habiles de cada Diciembre,19006,19,6,Apodaca,Nuevo León,Rio Bravo,VI,Rio Bravo,12,D1,PRE-ALERTA,15%
Region C - Primeros 8 dias habiles de CADA MES,19007,19,7,Aramberri,Nuevo León,Rio Bravo,VI,Rios San Fernando-Soto la Marina,18,D2,PRE-ALERTA,15%
Region A - Primeros Quince dias habiles de cada Diciembre,19008,19,8,Bustamante,Nuevo León,Rio Bravo,VI,Rio Bravo,12,sin dato,SIN SEQUIA,SIN REDUCCION
Region C - Primeros 8 dias habiles de CADA MES,19009,19,9,Cadereyta Jimenez,Nuevo León,Rio Bravo,VI,Rio Bravo,12,D3,PRE-ALERTA,15%
Region A - Primeros Quince dias habiles de cada Diciembre,19010,19,10,Carmen,Nuevo León,Rio Bravo,VI,Rio Bravo,12,sin dato,SIN SEQUIA,SIN REDUCCION
Region C - Primeros 8 dias habiles de CADA MES,19011,19,11,Cerralvo,Nuevo León,Rio Bravo,VI,Rio Bravo,12,sin dato,SIN SEQUIA,SIN REDUCCION
Region A - Primeros Quince dias habiles de cada Diciembre,19012,19,12,Cienega de Flores,Nuevo León,Rio Bravo,VI,Rio Bravo,12,D1,PRE-ALERTA,15%
Region C - Primeros 8 dias habiles de CADA MES,19013,19,13,China,Nuevo León,Rio Bravo,VI,Rios San Fernando-Soto la Marina,18,sin dato,SIN SEQUIA,SIN REDUCCION
Region C - Primeros 8 dias habiles de CADA MES,19014,19,14,Dr. Arroyo,Nuevo León,Cuencas Centrales del Norte,VII,Del Altiplano,14,sin dato,SIN SEQUIA,SIN REDUCCION
Region C - Primeros 8 dias habiles de CADA MES,19015,19,15,Dr. Coss,Nuevo León,Rio Bravo,VI,Rio Bravo,12,D0,PRE-ALERTA,10%
Region C - Primeros 8 dias habiles de CADA MES,19016,19,16,Dr. Gonzalez,Nuevo León,Rio Bravo,VI,Rio Bravo,12,sin dato,SIN SEQUIA,SIN REDUCCION
Region A - Primeros Quince dias habiles de cada Diciembre,19017,19,17,Galeana,Nuevo León,Cuencas Centrales del Norte,VII,Del Altiplano,14,sin dato,SIN SEQUIA,SIN REDUCCION
Region C - Primeros 8 dias habiles de CADA MES,19018,19,18,Garcia,Nuevo León,Rio Bravo,VI,Rio Bravo,12,sin dato,SIN SEQUIA,SIN REDUCCION
Region A - Primeros Quince dias habiles de cada Diciembre,19019,19,19,San Pedro Garza Garcia,Nuevo León,Rio Bravo,VI,Rio Bravo,12,D1,PRE-ALERTA,15%
Region C - Primeros 8 dias habiles de CADA MES,19020,19,20,Gral. Bravo,Nuevo León,Rio Bravo,VI,Rio Bravo,12,sin dato,SIN SEQUIA,SIN REDUCCION
Region A - Primeros Quince dias habiles de cada Diciembre,19021,19,21,Gral. Escobedo,Nuevo León,Rio Bravo,VI,Rio Bravo,12,sin dato,SIN SEQUIA,SIN REDUCCION
Region C - Primeros 8 dias habiles de CADA MES,19022,19,22,Gral. Teran,Nuevo León,Rio Bravo,VI,Rio Bravo,12,sin dato,SIN SEQUIA,SIN REDUCCION
Region C - Primeros 8 dias habiles de CADA MES,19023,19,23,Gral. Trevino,Nuevo León,Rio Bravo,VI,Rio Bravo,12,sin dato,SIN SEQUIA,SIN REDUCCION
Region A - Primeros Quince dias habiles de cada Diciembre,19024,19,24,Gral. Zaragoza,Nuevo León,Golfo Norte,IX,Rios San Fernando-Soto la Marina,18,D1,PRE-ALERTA,15%
Region A - Primeros Quince dias habiles de cada Diciembre,19025,19,25,Gral. Zuazua,Nuevo León,Rio Bravo,VI,Rio Bravo,12,sin dato,SIN SEQUIA,SIN REDUCCION
Region A - Primeros Quince dias habiles de cada Diciembre,19026,19,26,Guadalupe,Nuevo León,Rio Bravo,VI,Rio Bravo,12,sin dato,SIN SEQUIA,SIN REDUCCION
Region A - Primeros Quince dias habiles de cada Diciembre,19027,19,27,Los Herreras,Nuevo León,Rio Bravo,VI,Rio Bravo,12,D2,PRE-ALERTA,15%
Region C - Primeros 8 dias habiles de CADA MES,19028,19,28,Higueras,Nuevo León,Rio Bravo,VI,Rio Bravo,12,sin dato,SIN SEQUIA,SIN REDUCCION
Region C - Primeros 8 dias habiles de CADA MES,19029,19,29,Hualahuises,Nuevo León,Rio Bravo,VI,Rios San Fernando-Soto la Marina,18,sin dato,SIN SEQUIA,SIN REDUCCION
Region A - Primeros Quince dias habiles de cada Diciembre,19030,19,30,Iturbide,Nuevo León,Rio Bravo,VI,Rios San Fernando-Soto la Marina,18,sin dato,SIN SEQUIA,SIN REDUCCION
Region A - Primeros Quince dias habiles de cada Diciembre,19031,19,31,Juarez,Nuevo León,Rio Bravo,VI,Rio Bravo,12,D0,PRE-ALERTA,10%
Region C - Primeros 8 dias habiles de CADA MES,19032,19,32,Lampazos de Naranjo,Nuevo León,Rio Bravo,VI,Rio Bravo,12,sin dato,SIN SEQUIA,SIN REDUCCION
Region A - Primeros Quince dias habiles de cada Diciembre,19033,19,33,Linares,Nuevo León,Rio Bravo,VI,Rios San Fernando-Soto la Marina,18,sin dato,SIN SEQUIA,SIN REDUCCION
Region C - Primeros 8 dias habiles de CADA MES,19034,19,34,Marin,Nuevo León,Rio Bravo,VI,Rio Bravo,12,sin dato,SIN SEQUIA,SIN REDUCCION
Region A - Primeros Quince dias habiles de cada Diciembre,19035,19,35,Melchor Ocampo,Nuevo León,Rio Bravo,VI,Rio Bravo,12,sin dato,SIN SEQUIA,SIN REDUCCION
Region A - Primeros Quince dias habiles de cada Diciembre,19036,19,36,Mier y Noriega,Nuevo León,Cuencas Centrales del Norte,VII,Del Altiplano,14,D1,PRE-ALERTA,15%
Region A - Primeros Quince dias habiles de cada Diciembre,19037,19,37,Mina,Nuevo León,Rio Bravo,VI,Rio Bravo,12,sin dato,SIN SEQUIA,SIN REDUCCION
Region A - Primeros Quince dias habiles de cada Diciembre,19038,19,38,Montemorelos,Nuevo León,Rio Bravo,VI,Rio Bravo,12,sin dato,SIN SEQUIA,SIN REDUCCION
Region A - Primeros Quince dias habiles de cada Diciembre,19039,19,39,Monterrey,Nuevo León,Rio Bravo,VI,Rio Bravo,12,D0,PRE-ALERTA,10%
Region C - Primeros 8 dias habiles de CADA MES,19040,19,40,Paras,Nuevo León,Rio Bravo,VI,Rio Bravo,12,sin dato,SIN SEQUIA,SIN REDUCCION
Region A - Primeros Quince dias habiles de cada Diciembre,19041,19,41,Pesqueria,Nuevo León,Rio Bravo,VI,Rio Bravo,12,D1,PRE-ALERTA,15%
Region A - Primeros Quince dias habiles de cada Diciembre,19042,19,42,Los Ramones,Nuevo León,Rio Bravo,VI,Rio Bravo,12,sin dato,SIN SEQUIA,SIN REDUCCION
Region A - Primeros Quince dias habiles de cada Diciembre,19043,19,43,Rayones,Nuevo León,Rio Bravo,VI,Rio Bravo,12,sin dato,SIN SEQUIA,SIN REDUCCION
Region C - Primeros 8 dias habiles de CADA MES,19044,19,44,Sabinas Hidalgo,Nuevo León,Rio Bravo,VI,Rio Bravo,12,D2,PRE-ALERTA,15%
Region C - Primeros 8 dias habiles de CADA MES,19045,19,45,Salinas Victoria,Nuevo León,Rio Bravo,VI,Rio Bravo,12,sin dato,SIN SEQUIA,SIN REDUCCION
Region A - Primeros Quince dias habiles de cada Diciembre,19046,19,46,San Nicolas de los Garza,Nuevo León,Rio Bravo,VI,Rio Bravo,12,sin dato,SIN SEQUIA,SIN REDUCCION
Region A - Primeros Quince dias habiles de cada Diciembre,19047,19,47,Hidalgo,Nuevo León,Rio Bravo,VI,Rio Bravo,12,sin dato,SIN SEQUIA,SIN REDUCCION
Region A - Primeros Quince dias habiles de cada Diciembre,19048,19,48,Santa Catarina,Nuevo León,Rio Bravo,VI,Rio Bravo,12,D1,PRE-ALERTA,15%
Region A - Primeros Quince dias habiles de cada Diciembre,19049,19,49,Santiago,Nuevo León,Rio Bravo,VI,Rio Bravo,12,sin dato,SIN SEQUIA,SIN REDUCCION
Region C - Primeros 8 dias habiles de CADA MES,19050,19,50,Vallecillo,Nuevo León,Rio Bravo,VI,Rio Bravo,12,sin dato,SIN SEQUIA,SIN REDUCCION
Region C - Primeros 8 dias habiles de CADA MES,19051,19,51,Villaldama,Nuevo León,Rio Bravo,VI,Rio Bravo,12,sin dato,SIN SEQUIA,SIN REDUCCION
Region A - Primeros Quince dias habiles de cada Diciembre,20001,20,1,Abejones,Oaxaca,Golfo Centro,X,Rio Papaloapan,21,sin dato,SIN SEQUIA,SIN REDUCCION
Region A - Primeros Quince dias habiles de cada Diciembre,20002,20,2,Acatlan de Perez Figueroa,Oaxaca,Golfo Centro,X,Rio Papaloapan,21,sin dato,SIN SEQUIA,SIN REDUCCION
Region A - Primeros Quince dias habiles de cada Diciembre,20003,20,3,Asuncion Cacalotepec,Oaxaca,Golfo Centro,X,Rio Papaloapan,21,D1,PRE-ALERTA,15%
Region A - Primeros Quince dias habiles de cada Diciembre,20004,20,4,Asuncion Cuyotepeji,Oaxaca,Balsas,IV,Rio Balsas,9,D0,PRE-ALERTA,10%
Region A - Primeros Quince dias habiles de cada Diciembre,20005,20,5,Asuncion Ixtaltepec,Oaxaca,Pacifico Sur,V,Costa de Oaxaca,11,sin dato,SIN SEQUIA,SIN REDUCCION
Region A - Primeros Quince dias habiles de cada Diciembre,20006,20,6,Asuncion Nochixtlan,Oaxaca,Golfo Centro,X,Rio Papaloapan,21,sin dato,SIN SEQUIA,SIN REDUCCION
Region A - Primeros Quince dias habiles de cada Diciembre,20007,20,7,Asuncion Ocotlan,Oaxaca,Pacifico Sur,V,Costa de Oaxaca,11,sin dato,SIN SEQUIA,SIN REDUCCION
Region A - Primeros Quince dias habiles de cada Diciembre,20008,20,8,Asuncion Tlacolulita,Oaxaca,Pacifico Sur,V,Costa de Oaxaca,11,sin dato,SIN SEQUIA,SIN REDUCCION
Region A - Primeros Quince dias habiles de cada Diciembre,20009,20,9,Ayotzintepec,Oaxaca,Golfo Centro,X,Rio Papaloapan,21,D0,PRE-ALERTA,10%
Region A - Primeros Quince dias habiles de cada Diciembre,20010,20,10,El Barrio de la Soledad,Oaxaca,Golfo Centro,X,Rio Coatzacoalcos,22,sin dato,SIN SEQUIA,SIN REDUCCION
Region A - Primeros Quince dias habiles de cada Diciembre,20011,20,11,Calihuala,Oaxaca,Balsas,IV,Rio Balsas,9,sin dato,SIN SEQUIA,SIN REDUCCION
Region A - Primeros Quince dias habiles de cada Diciembre,20012,20,12,Candelaria Loxicha,Oaxaca,Pacifico Sur,V,Costa de Oaxaca,11,sin dato,SIN SEQUIA,SIN REDUCCION
Region A - Primeros Quince dias habiles de cada Diciembre,20013,20,13,Cienega de Zimatlan,Oaxaca,Pacifico Sur,V,Costa de Oaxaca,11,sin dato,SIN SEQUIA,SIN REDUCCION
Region A - Primeros Quince dias habiles de cada Diciembre,20014,20,14,Ciudad Ixtepec,Oaxaca,Pacifico Sur,V,Costa de Oaxaca,11,D1,PRE-ALERTA,15%
Region A - Primeros Quince dias habiles de cada Diciembre,20015,20,15,Coatecas Altas,Oaxaca,Pacifico Sur,V,Costa de Oaxaca,11,sin dato,SIN SEQUIA,SIN REDUCCION
Region A - Primeros Quince dias habiles de cada Diciembre,20016,20,16,Coicoyan de las Flores,Oaxaca,Pacifico Sur,V,Costa de Oaxaca,11,sin dato,SIN SEQUIA,SIN REDUCCION
Region A - Primeros Quince dias habiles de cada Diciembre,20017,20,17,La Compania,Oaxaca,Pacifico Sur,V,Costa de Oaxaca,11,sin dato,SIN SEQUIA,SIN REDUCCION
Region A - Primeros Quince dias habiles de cada Diciembre,20018,20,18,Concepcion Buenavista,Oaxaca,Golfo Centro,X,Rio Papaloapan,21,D0,PRE-ALERTA,10%
Region A - Primeros Quince dias habiles de cada Diciembre,20019,20,19,Concepcion Papalo,Oaxaca,Golfo Centro,X,Rio Papaloapan,21,sin dato,SIN SEQUIA,SIN REDUCCION
Region A - Primeros Quince dias habiles de cada Diciembre,20020,20,20,Constancia del Rosario,Oaxaca,Pacifico Sur,V,Costa de Oaxaca,11,sin dato,SIN SEQUIA,SIN REDUCCION
Region A - Primeros Quince dias habiles de cada Diciembre,20021,20,21,Cosolapa,Oaxaca,Golfo Centro,X,Rio Papaloapan,21,sin dato,SIN SEQUIA,SIN REDUCCION
Region A - Primeros Quince dias habiles de cada Diciembre,20022,20,22,Cosoltepec,Oaxaca,Balsas,IV,Rio Balsas,9,sin dato,SIN SEQUIA,SIN REDUCCION
Region A - Primeros Quince dias habiles de cada Diciembre,20023,20,23,Cuilapam de Guerrero,Oaxaca,Pacifico Sur,V,Costa de Oaxaca,11,sin dato,SIN SEQUIA,SIN REDUCCION
Region A - Primeros Quince dias habiles de cada Diciembre,20024,20,24,Cuyamecalco Villa de Zaragoza,Oaxaca,Golfo Centro,X,Rio Papaloapan,21,sin dato,SIN SEQUIA,SIN REDUCCION
Region A - Primeros Quince dias habiles de cada Diciembre,20025,20,25,Chahuites,Oaxaca,Frontera Sur,XI,Costa de Oaxaca,11,sin dato,SIN SEQUIA,SIN REDUCCION
Region A - Primeros Quince dias habiles de cada Diciembre,20026,20,26,Chalcatongo de Hidalgo,Oaxaca,Pacifico Sur,V,Costa de Oaxaca,11,D0,PRE-ALERTA,10%
Region A - Primeros Quince dias habiles de cada Diciembre,20027,20,27,Chiquihuitlan de Benito Juarez,Oaxaca,Golfo Centro,X,Rio Papaloapan,21,sin dato,SIN SEQUIA,SIN REDUCCION
Region A - Primeros Quince dias habiles de cada Diciembre,20028,20,28,Heroica Ciudad de Ejutla de Crespo,Oaxaca,Pacifico Sur,V,Costa de Oaxaca,11,sin dato,SIN SEQUIA,SIN REDUCCION
Region A - Primeros Quince dias habiles de cada Diciembre,20029,20,29,Eloxochitlan de Flores Magon,Oaxaca,Golfo Centro,X,Rio Papaloapan,21,sin dato,SIN SEQUIA,SIN REDUCCION
Region A - Primeros Quince dias habiles de cada Diciembre,20030,20,30,El Espinal,Oaxaca,Pacifico Sur,V,Costa de Oaxaca,11,sin dato,SIN SEQUIA,SIN REDUCCION
Region A - Primeros Quince dias habiles de cada Diciembre,20031,20,31,Tamazulapam del Espiritu Santo,Oaxaca,Golfo Centro,X,Rio Papaloapan,21,sin dato,SIN SEQUIA,SIN REDUCCION
Region A - Primeros Quince dias habiles de cada Diciembre,20032,20,32,Fresnillo de Trujano,Oaxaca,Balsas,IV,Rio Balsas,9,sin dato,SIN SEQUIA,SIN REDUCCION
Region A - Primeros Quince dias habiles de cada Diciembre,20033,20,33,Guadalupe Etla,Oaxaca,Pacifico Sur,V,Costa de Oaxaca,11,sin dato,SIN SEQUIA,SIN REDUCCION
Region A - Primeros Quince dias habiles de cada Diciembre,20034,20,34,Guadalupe de Ramirez,Oaxaca,Balsas,IV,Rio Balsas,9,sin dato,SIN SEQUIA,SIN REDUCCION
Region A - Primeros Quince dias habiles de cada Diciembre,20035,20,35,Guelatao de Juarez,Oaxaca,Golfo Centro,X,Rio Papaloapan,21,sin dato,SIN SEQUIA,SIN REDUCCION
Region A - Primeros Quince dias habiles de cada Diciembre,20036,20,36,Guevea de Humboldt,Oaxaca,Pacifico Sur,V,Rio Coatzacoalcos,22,D0,PRE-ALERTA,10%
Region A - Primeros Quince dias habiles de cada Diciembre,20037,20,37,Mesones Hidalgo,Oaxaca,Pacifico Sur,V,Costa de Oaxaca,11,sin dato,SIN SEQUIA,SIN REDUCCION
Region A - Primeros Quince dias habiles de cada Diciembre,20038,20,38,Villa Hidalgo,Oaxaca,Golfo Centro,X,Rio Papaloapan,21,sin dato,SIN SEQUIA,SIN REDUCCION
Region A - Primeros Quince dias habiles de cada Diciembre,20039,20,39,Heroica Ciudad de Huajuapan de Leon,Oaxaca,Balsas,IV,Rio Balsas,9,sin dato,SIN SEQUIA,SIN REDUCCION
Region A - Primeros Quince dias habiles de cada Diciembre,20040,20,40,Huautepec,Oaxaca,Golfo Centro,X,Rio Papaloapan,21,D0,PRE-ALERTA,10%
Region A - Primeros Quince dias habiles de cada Diciembre,20041,20,41,Huautla de Jimenez,Oaxaca,Golfo Centro,X,Rio Papaloapan,21,sin dato,SIN SEQUIA,SIN REDUCCION
Region A - Primeros Quince dias habiles de cada Diciembre,20042,20,42,Ixtlan de Juarez,Oaxaca,Golfo Centro,X,Rio Papaloapan,21,sin dato,SIN SEQUIA,SIN REDUCCION
Region A - Primeros Quince dias habiles de cada Diciembre,20043,20,43,Juchitan de Zaragoza,Oaxaca,Pacifico Sur,V,Costa de Oaxaca,11,D0,PRE-ALERTA,10%
Region A - Primeros Quince dias habiles de cada Diciembre,20044,20,44,Loma Bonita,Oaxaca,Golfo Centro,X,Rio Papaloapan,21,sin dato,SIN SEQUIA,SIN REDUCCION
Region A - Primeros Quince dias habiles de cada Diciembre,20045,20,45,Magdalena Apasco,Oaxaca,Pacifico Sur,V,Costa de Oaxaca,11,sin dato,SIN SEQUIA,SIN REDUCCION
Region A - Primeros Quince dias habiles de cada Diciembre,20046,20,46,Magdalena Jaltepec,Oaxaca,Pacifico Sur,V,Costa de Oaxaca,11,sin dato,SIN SEQUIA,SIN REDUCCION
Region A - Primeros Quince dias habiles de cada Diciembre,20047,20,47,Santa Magdalena Jicotlan,Oaxaca,Golfo Centro,X,Rio Balsas,9,D0,PRE-ALERTA,10%
Region A - Primeros Quince dias habiles de cada Diciembre,20048,20,48,Magdalena Mixtepec,Oaxaca,Pacifico Sur,V,Costa de Oaxaca,11,sin dato,SIN SEQUIA,SIN REDUCCION
Region A - Primeros Quince dias habiles de cada Diciembre,20049,20,49,Magdalena Ocotlan,Oaxaca,Pacifico Sur,V,Costa de Oaxaca,11,sin dato,SIN SEQUIA,SIN REDUCCION
Region A - Primeros Quince dias habiles de cada Diciembre,20050,20,50,Magdalena Penasco,Oaxaca,Pacifico Sur,V,Costa de Oaxaca,11,sin dato,SIN SEQUIA,SIN REDUCCION
Region A - Primeros Quince dias habiles de cada Diciembre,20051,20,51,Magdalena Teitipac,Oaxaca,Pacifico Sur,V,Costa de Oaxaca,11,sin dato,SIN SEQUIA,SIN REDUCCION
Region A - Primeros Quince dias habiles de cada Diciembre,20052,20,52,Magdalena Tequisistlan,Oaxaca,Pacifico Sur,V,Costa de Oaxaca,11,sin dato,SIN SEQUIA,SIN REDUCCION
Region A - Primeros Quince dias habiles de cada Diciembre,20053,20,53,Magdalena Tlacotepec,Oaxaca,Pacifico Sur,V,Costa de Oaxaca,11,sin dato,SIN SEQUIA,SIN REDUCCION
Region A - Primeros Quince dias habiles de cada Diciembre,20054,20,54,Magdalena Zahuatlan,Oaxaca,Pacifico Sur,V,Costa de Oaxaca,11,sin dato,SIN SEQUIA,SIN REDUCCION
Region A - Primeros Quince dias habiles de cada Diciembre,20055,20,55,Mariscala de Juarez,Oaxaca,Balsas,IV,Rio Balsas,9,sin dato,SIN SEQUIA,SIN REDUCCION
Region A - Primeros Quince dias habiles de cada Diciembre,20056,20,56,Martires de Tacubaya,Oaxaca,Pacifico Sur,V,Costa de Oaxaca,11,sin dato,SIN SEQUIA,SIN REDUCCION
Region A - Primeros Quince dias habiles de cada Diciembre,20057,20,57,Matias Romero Avendano,Oaxaca,Golfo Centro,X,Rio Coatzacoalcos,22,D0,AMARILLO,15%
Region A - Primeros Quince dias habiles de cada Diciembre,20058,20,58,Mazatlan Villa de Flores,Oaxaca,Golfo Centro,X,Rio Papaloapan,21,sin dato,SIN SEQUIA,SIN REDUCCION
Region A - Primeros Quince dias habiles de cada Diciembre,20059,20,59,Miahuatlan de Porfirio Diaz,Oaxaca,Pacifico Sur,V,Costa de Oaxaca,11,D0,PRE-ALERTA,10%
Region A - Primeros Quince dias habiles de cada Diciembre,20060,20,60,Mixistlan de la Reforma,Oaxaca,Golfo Centro,X,Rio Papaloapan,21,sin dato,SIN SEQUIA,SIN REDUCCION
Region A - Primeros Quince dias habiles de cada Diciembre,20061,20,61,Monjas,Oaxaca,Pacifico Sur,V,Costa de Oaxaca,11,D1,PRE-ALERTA,15%
Region A - Primeros Quince dias habiles de cada Diciembre,20062,20,62,Natividad,Oaxaca,Golfo Centro,X,Rio Papaloapan,21,sin dato,SIN SEQUIA,SIN REDUCCION
Region A - Primeros Quince dias habiles de cada Diciembre,20063,20,63,Nazareno Etla,Oaxaca,Pacifico Sur,V,Costa de Oaxaca,11,sin dato,SIN SEQUIA,SIN REDUCCION
Region A - Primeros Quince dias habiles de cada Diciembre,20064,20,64,Nejapa de Madero,Oaxaca,Pacifico Sur,V,Costa de Oaxaca,11,sin dato,SIN SEQUIA,SIN REDUCCION
Region A - Primeros Quince dias habiles de cada Diciembre,20065,20,65,Ixpantepec Nieves,Oaxaca,Balsas,IV,Rio Balsas,9,sin dato,SIN SEQUIA,SIN REDUCCION
Region A - Primeros Quince dias habiles de cada Diciembre,20066,20,66,Santiago Niltepec,Oaxaca,Pacifico Sur,V,Costa de Oaxaca,11,sin dato,SIN SEQUIA,SIN REDUCCION
Region A - Primeros Quince dias habiles de cada Diciembre,20067,20,67,Oaxaca de Juarez,Oaxaca,Pacifico Sur,V,Costa de Oaxaca,11,sin dato,SIN SEQUIA,SIN REDUCCION
Region A - Primeros Quince dias habiles de cada Diciembre,20068,20,68,Ocotlan de Morelos,Oaxaca,Pacifico Sur,V,Costa de Oaxaca,11,sin dato,SIN SEQUIA,SIN REDUCCION
Region A - Primeros Quince dias habiles de cada Diciembre,20069,20,69,La Pe,Oaxaca,Pacifico Sur,V,Costa de Oaxaca,11,sin dato,SIN SEQUIA,SIN REDUCCION
Region A - Primeros Quince dias habiles de cada Diciembre,20070,20,70,Pinotepa de Don Luis,Oaxaca,Pacifico Sur,V,Costa de Oaxaca,11,sin dato,SIN SEQUIA,SIN REDUCCION
Region A - Primeros Quince dias habiles de cada Diciembre,20071,20,71,Pluma Hidalgo,Oaxaca,Pacifico Sur,V,Costa de Oaxaca,11,sin dato,SIN SEQUIA,SIN REDUCCION
Region A - Primeros Quince dias habiles de cada Diciembre,20072,20,72,San Jose del Progreso,Oaxaca,Pacifico Sur,V,Costa de Oaxaca,11,sin dato,SIN SEQUIA,SIN REDUCCION
Region A - Primeros Quince dias habiles de cada Diciembre,20073,20,73,Putla Villa de Guerrero,Oaxaca,Pacifico Sur,V,Costa de Oaxaca,11,sin dato,SIN SEQUIA,SIN REDUCCION
Region A - Primeros Quince dias habiles de cada Diciembre,20074,20,74,Santa Catarina Quioquitani,Oaxaca,Pacifico Sur,V,Costa de Oaxaca,11,sin dato,SIN SEQUIA,SIN REDUCCION
Region A - Primeros Quince dias habiles de cada Diciembre,20075,20,75,Reforma de Pineda,Oaxaca,Pacifico Sur,V,Costa de Oaxaca,11,sin dato,SIN SEQUIA,SIN REDUCCION
Region A - Primeros Quince dias habiles de cada Diciembre,20076,20,76,La Reforma,Oaxaca,Pacifico Sur,V,Costa de Oaxaca,11,sin dato,SIN SEQUIA,SIN REDUCCION
Region A - Primeros Quince dias habiles de cada Diciembre,20077,20,77,Reyes Etla,Oaxaca,Pacifico Sur,V,Costa de Oaxaca,11,sin dato,SIN SEQUIA,SIN REDUCCION
Region A - Primeros Quince dias habiles de cada Diciembre,20078,20,78,Rojas de Cuauhtemoc,Oaxaca,Pacifico Sur,V,Costa de Oaxaca,11,sin dato,SIN SEQUIA,SIN REDUCCION
Region A - Primeros Quince dias habiles de cada Diciembre,20079,20,79,Salina Cruz,Oaxaca,Pacifico Sur,V,Costa de Oaxaca,11,sin dato,SIN SEQUIA,SIN REDUCCION
Region A - Primeros Quince dias habiles de cada Diciembre,20080,20,80,San Agustin Amatengo,Oaxaca,Pacifico Sur,V,Costa de Oaxaca,11,sin dato,SIN SEQUIA,SIN REDUCCION
Region A - Primeros Quince dias habiles de cada Diciembre,20081,20,81,San Agustin Atenango,Oaxaca,Balsas,IV,Rio Balsas,9,sin dato,SIN SEQUIA,SIN REDUCCION
Region A - Primeros Quince dias habiles de cada Diciembre,20082,20,82,San Agustin Chayuco,Oaxaca,Pacifico Sur,V,Costa de Oaxaca,11,sin dato,SIN SEQUIA,SIN REDUCCION
Region A - Primeros Quince dias habiles de cada Diciembre,20083,20,83,San Agustin de las Juntas,Oaxaca,Pacifico Sur,V,Costa de Oaxaca,11,sin dato,SIN SEQUIA,SIN REDUCCION
Region A - Primeros Quince dias habiles de cada Diciembre,20084,20,84,San Agustin Etla,Oaxaca,Pacifico Sur,V,Costa de Oaxaca,11,sin dato,SIN SEQUIA,SIN REDUCCION
Region A - Primeros Quince dias habiles de cada Diciembre,20085,20,85,San Agustin Loxicha,Oaxaca,Pacifico Sur,V,Costa de Oaxaca,11,sin dato,SIN SEQUIA,SIN REDUCCION
Region A - Primeros Quince dias habiles de cada Diciembre,20086,20,86,San Agustin Tlacotepec,Oaxaca,Pacifico Sur,V,Costa de Oaxaca,11,sin dato,SIN SEQUIA,SIN REDUCCION
Region A - Primeros Quince dias habiles de cada Diciembre,20087,20,87,San Agustin Yatareni,Oaxaca,Pacifico Sur,V,Costa de Oaxaca,11,sin dato,SIN SEQUIA,SIN REDUCCION
Region A - Primeros Quince dias habiles de cada Diciembre,20088,20,88,San Andres Cabecera Nueva,Oaxaca,Pacifico Sur,V,Costa de Oaxaca,11,sin dato,SIN SEQUIA,SIN REDUCCION
Region A - Primeros Quince dias habiles de cada Diciembre,20089,20,89,San Andres Dinicuiti,Oaxaca,Balsas,IV,Rio Balsas,9,sin dato,SIN SEQUIA,SIN REDUCCION
Region A - Primeros Quince dias habiles de cada Diciembre,20090,20,90,San Andres Huaxpaltepec,Oaxaca,Pacifico Sur,V,Costa de Oaxaca,11,sin dato,SIN SEQUIA,SIN REDUCCION
Region A - Primeros Quince dias habiles de cada Diciembre,20091,20,91,San Andres Huayapam,Oaxaca,Pacifico Sur,V,Costa de Oaxaca,11,sin dato,SIN SEQUIA,SIN REDUCCION
Region A - Primeros Quince dias habiles de cada Diciembre,20092,20,92,San Andres Ixtlahuaca,Oaxaca,Pacifico Sur,V,Costa de Oaxaca,11,sin dato,SIN SEQUIA,SIN REDUCCION
Region A - Primeros Quince dias habiles de cada Diciembre,20093,20,93,San Andres Lagunas,Oaxaca,Balsas,IV,Rio Balsas,9,sin dato,SIN SEQUIA,SIN REDUCCION
Region A - Primeros Quince dias habiles de cada Diciembre,20094,20,94,San Andres Nuxino,Oaxaca,Pacifico Sur,V,Costa de Oaxaca,11,sin dato,SIN SEQUIA,SIN REDUCCION
Region A - Primeros Quince dias habiles de cada Diciembre,20095,20,95,San Andres Paxtlan,Oaxaca,Pacifico Sur,V,Costa de Oaxaca,11,sin dato,SIN SEQUIA,SIN REDUCCION
Region A - Primeros Quince dias habiles de cada Diciembre,20096,20,96,San Andres Sinaxtla,Oaxaca,Pacifico Sur,V,Costa de Oaxaca,11,sin dato,SIN SEQUIA,SIN REDUCCION
Region A - Primeros Quince dias habiles de cada Diciembre,20097,20,97,San Andres Solaga,Oaxaca,Golfo Centro,X,Rio Papaloapan,21,sin dato,SIN SEQUIA,SIN REDUCCION
Region A - Primeros Quince dias habiles de cada Diciembre,20098,20,98,San Andres Teotilalpam,Oaxaca,Golfo Centro,X,Rio Papaloapan,21,sin dato,SIN SEQUIA,SIN REDUCCION
Region A - Primeros Quince dias habiles de cada Diciembre,20099,20,99,San Andres Tepetlapa,Oaxaca,Balsas,IV,Rio Balsas,9,sin dato,SIN SEQUIA,SIN REDUCCION
Region A - Primeros Quince dias habiles de cada Diciembre,20100,20,100,San Andres Yaa,Oaxaca,Golfo Centro,X,Rio Papaloapan,21,sin dato,SIN SEQUIA,SIN REDUCCION
Region A - Primeros Quince dias habiles de cada Diciembre,20101,20,101,San Andres Zabache,Oaxaca,Pacifico Sur,V,Costa de Oaxaca,11,sin dato,SIN SEQUIA,SIN REDUCCION
Region A - Primeros Quince dias habiles de cada Diciembre,20102,20,102,San Andres Zautla,Oaxaca,Pacifico Sur,V,Costa de Oaxaca,11,sin dato,SIN SEQUIA,SIN REDUCCION
Region A - Primeros Quince dias habiles de cada Diciembre,20103,20,103,San Antonino Castillo Velasco,Oaxaca,Pacifico Sur,V,Costa de Oaxaca,11,sin dato,SIN SEQUIA,SIN REDUCCION
Region A - Primeros Quince dias habiles de cada Diciembre,20104,20,104,San Antonino el Alto,Oaxaca,Pacifico Sur,V,Costa de Oaxaca,11,sin dato,SIN SEQUIA,SIN REDUCCION
Region A - Primeros Quince dias habiles de cada Diciembre,20105,20,105,San Antonino Monte Verde,Oaxaca,Balsas,IV,Rio Balsas,9,sin dato,SIN SEQUIA,SIN REDUCCION
Region A - Primeros Quince dias habiles de cada Diciembre,20106,20,106,San Antonio Acutla,Oaxaca,Balsas,IV,Rio Balsas,9,sin dato,SIN SEQUIA,SIN REDUCCION
Region A - Primeros Quince dias habiles de cada Diciembre,20107,20,107,San Antonio de la Cal,Oaxaca,Pacifico Sur,V,Costa de Oaxaca,11,sin dato,SIN SEQUIA,SIN REDUCCION
Region A - Primeros Quince dias habiles de cada Diciembre,20108,20,108,San Antonio Huitepec,Oaxaca,Pacifico Sur,V,Costa de Oaxaca,11,sin dato,SIN SEQUIA,SIN REDUCCION
Region A - Primeros Quince dias habiles de cada Diciembre,20109,20,109,San Antonio Nanahuatipam,Oaxaca,Golfo Centro,X,Rio Papaloapan,21,sin dato,SIN SEQUIA,SIN REDUCCION
Region A - Primeros Quince dias habiles de cada Diciembre,20110,20,110,San Antonio Sinicahua,Oaxaca,Pacifico Sur,V,Costa de Oaxaca,11,sin dato,SIN SEQUIA,SIN REDUCCION
Region A - Primeros Quince dias habiles de cada Diciembre,20111,20,111,San Antonio Tepetlapa,Oaxaca,Pacifico Sur,V,Costa de Oaxaca,11,sin dato,SIN SEQUIA,SIN REDUCCION
Region A - Primeros Quince dias habiles de cada Diciembre,20112,20,112,San Baltazar Chichicapam,Oaxaca,Pacifico Sur,V,Costa de Oaxaca,11,sin dato,SIN SEQUIA,SIN REDUCCION
Region A - Primeros Quince dias habiles de cada Diciembre,20113,20,113,San Baltazar Loxicha,Oaxaca,Pacifico Sur,V,Costa de Oaxaca,11,sin dato,SIN SEQUIA,SIN REDUCCION
Region A - Primeros Quince dias habiles de cada Diciembre,20114,20,114,San Baltazar Yatzachi el Bajo,Oaxaca,Golfo Centro,X,Rio Papaloapan,21,sin dato,SIN SEQUIA,SIN REDUCCION
Region A - Primeros Quince dias habiles de cada Diciembre,20115,20,115,San Bartolo Coyotepec,Oaxaca,Pacifico Sur,V,Costa de Oaxaca,11,sin dato,SIN SEQUIA,SIN REDUCCION
Region A - Primeros Quince dias habiles de cada Diciembre,20116,20,116,San Bartolome Ayautla,Oaxaca,Golfo Centro,X,Rio Papaloapan,21,sin dato,SIN SEQUIA,SIN REDUCCION
Region A - Primeros Quince dias habiles de cada Diciembre,20117,20,117,San Bartolome Loxicha,Oaxaca,Pacifico Sur,V,Costa de Oaxaca,11,sin dato,SIN SEQUIA,SIN REDUCCION
Region A - Primeros Quince dias habiles de cada Diciembre,20118,20,118,San Bartolome Quialana,Oaxaca,Pacifico Sur,V,Costa de Oaxaca,11,sin dato,SIN SEQUIA,SIN REDUCCION
Region A - Primeros Quince dias habiles de cada Diciembre,20119,20,119,San Bartolome Yucuane,Oaxaca,Pacifico Sur,V,Costa de Oaxaca,11,sin dato,SIN SEQUIA,SIN REDUCCION
Region A - Primeros Quince dias habiles de cada Diciembre,20120,20,120,San Bartolome Zoogocho,Oaxaca,Golfo Centro,X,Rio Papaloapan,21,sin dato,SIN SEQUIA,SIN REDUCCION
Region A - Primeros Quince dias habiles de cada Diciembre,20121,20,121,San Bartolo Soyaltepec,Oaxaca,Pacifico Sur,V,Costa de Oaxaca,11,sin dato,SIN SEQUIA,SIN REDUCCION
Region A - Primeros Quince dias habiles de cada Diciembre,20122,20,122,San Bartolo Yautepec,Oaxaca,Pacifico Sur,V,Costa de Oaxaca,11,sin dato,SIN SEQUIA,SIN REDUCCION
Region A - Primeros Quince dias habiles de cada Diciembre,20123,20,123,San Bernardo Mixtepec,Oaxaca,Pacifico Sur,V,Costa de Oaxaca,11,sin dato,SIN SEQUIA,SIN REDUCCION
Region A - Primeros Quince dias habiles de cada Diciembre,20124,20,124,San Blas Atempa,Oaxaca,Pacifico Sur,V,Costa de Oaxaca,11,sin dato,SIN SEQUIA,SIN REDUCCION
Region A - Primeros Quince dias habiles de cada Diciembre,20125,20,125,San Carlos Yautepec,Oaxaca,Pacifico Sur,V,Costa de Oaxaca,11,sin dato,SIN SEQUIA,SIN REDUCCION
Region A - Primeros Quince dias habiles de cada Diciembre,20126,20,126,San Cristobal Amatlan,Oaxaca,Pacifico Sur,V,Costa de Oaxaca,11,sin dato,SIN SEQUIA,SIN REDUCCION
Region A - Primeros Quince dias habiles de cada Diciembre,20127,20,127,San Cristobal Amoltepec,Oaxaca,Pacifico Sur,V,Rio Balsas,9,sin dato,SIN SEQUIA,SIN REDUCCION
Region A - Primeros Quince dias habiles de cada Diciembre,20128,20,128,San Cristobal Lachirioag,Oaxaca,Golfo Centro,X,Rio Papaloapan,21,sin dato,SIN SEQUIA,SIN REDUCCION
Region A - Primeros Quince dias habiles de cada Diciembre,20129,20,129,San Cristobal Suchixtlahuaca,Oaxaca,Golfo Centro,X,Rio Papaloapan,21,sin dato,SIN SEQUIA,SIN REDUCCION
Region A - Primeros Quince dias habiles de cada Diciembre,20130,20,130,San Dionisio del Mar,Oaxaca,Pacifico Sur,V,Costa de Oaxaca,11,sin dato,SIN SEQUIA,SIN REDUCCION
Region A - Primeros Quince dias habiles de cada Diciembre,20131,20,131,San Dionisio Ocotepec,Oaxaca,Pacifico Sur,V,Costa de Oaxaca,11,sin dato,SIN SEQUIA,SIN REDUCCION
Region A - Primeros Quince dias habiles de cada Diciembre,20132,20,132,San Dionisio Ocotlan,Oaxaca,Pacifico Sur,V,Costa de Oaxaca,11,sin dato,SIN SEQUIA,SIN REDUCCION
Region A - Primeros Quince dias habiles de cada Diciembre,20133,20,133,San Esteban Atatlahuca,Oaxaca,Pacifico Sur,V,Costa de Oaxaca,11,sin dato,SIN SEQUIA,SIN REDUCCION
Region A - Primeros Quince dias habiles de cada Diciembre,20134,20,134,San Felipe Jalapa de Diaz,Oaxaca,Golfo Centro,X,Rio Papaloapan,21,sin dato,SIN SEQUIA,SIN REDUCCION
Region A - Primeros Quince dias habiles de cada Diciembre,20135,20,135,San Felipe Tejalapam,Oaxaca,Pacifico Sur,V,Costa de Oaxaca,11,sin dato,SIN SEQUIA,SIN REDUCCION
Region A - Primeros Quince dias habiles de cada Diciembre,20136,20,136,San Felipe Usila,Oaxaca,Golfo Centro,X,Rio Papaloapan,21,sin dato,SIN SEQUIA,SIN REDUCCION
Region A - Primeros Quince dias habiles de cada Diciembre,20137,20,137,San Francisco Cahuacua,Oaxaca,Pacifico Sur,V,Costa de Oaxaca,11,sin dato,SIN SEQUIA,SIN REDUCCION
Region A - Primeros Quince dias habiles de cada Diciembre,20138,20,138,San Francisco Cajonos,Oaxaca,Golfo Centro,X,Rio Papaloapan,21,sin dato,SIN SEQUIA,SIN REDUCCION
Region A - Primeros Quince dias habiles de cada Diciembre,20139,20,139,San Francisco Chapulapa,Oaxaca,Golfo Centro,X,Rio Papaloapan,21,sin dato,SIN SEQUIA,SIN REDUCCION
Region A - Primeros Quince dias habiles de cada Diciembre,20140,20,140,San Francisco Chindua,Oaxaca,Pacifico Sur,V,Costa de Oaxaca,11,sin dato,SIN SEQUIA,SIN REDUCCION
Region A - Primeros Quince dias habiles de cada Diciembre,20141,20,141,San Francisco del Mar,Oaxaca,Pacifico Sur,V,Costa de Oaxaca,11,sin dato,SIN SEQUIA,SIN REDUCCION
Region A - Primeros Quince dias habiles de cada Diciembre,20142,20,142,San Francisco Huehuetlan,Oaxaca,Golfo Centro,X,Rio Papaloapan,21,sin dato,SIN SEQUIA,SIN REDUCCION
Region A - Primeros Quince dias habiles de cada Diciembre,20143,20,143,San Francisco Ixhuatan,Oaxaca,Pacifico Sur,V,Costa de Oaxaca,11,sin dato,SIN SEQUIA,SIN REDUCCION
Region A - Primeros Quince dias habiles de cada Diciembre,20144,20,144,San Francisco Jaltepetongo,Oaxaca,Pacifico Sur,V,Costa de Oaxaca,11,sin dato,SIN SEQUIA,SIN REDUCCION
Region A - Primeros Quince dias habiles de cada Diciembre,20145,20,145,San Francisco Lachigolo,Oaxaca,Pacifico Sur,V,Costa de Oaxaca,11,sin dato,SIN SEQUIA,SIN REDUCCION
Region A - Primeros Quince dias habiles de cada Diciembre,20146,20,146,San Francisco Logueche,Oaxaca,Pacifico Sur,V,Costa de Oaxaca,11,sin dato,SIN SEQUIA,SIN REDUCCION
Region A - Primeros Quince dias habiles de cada Diciembre,20147,20,147,San Francisco Nuxano,Oaxaca,Pacifico Sur,V,Costa de Oaxaca,11,sin dato,SIN SEQUIA,SIN REDUCCION
Region A - Primeros Quince dias habiles de cada Diciembre,20148,20,148,San Francisco Ozolotepec,Oaxaca,Pacifico Sur,V,Costa de Oaxaca,11,sin dato,SIN SEQUIA,SIN REDUCCION
Region A - Primeros Quince dias habiles de cada Diciembre,20149,20,149,San Francisco Sola,Oaxaca,Pacifico Sur,V,Costa de Oaxaca,11,sin dato,SIN SEQUIA,SIN REDUCCION
Region A - Primeros Quince dias habiles de cada Diciembre,20150,20,150,San Francisco Telixtlahuaca,Oaxaca,Pacifico Sur,V,Rio Papaloapan,21,sin dato,SIN SEQUIA,SIN REDUCCION
Region A - Primeros Quince dias habiles de cada Diciembre,20151,20,151,San Francisco Teopan,Oaxaca,Golfo Centro,X,Rio Balsas,9,sin dato,SIN SEQUIA,SIN REDUCCION
Region A - Primeros Quince dias habiles de cada Diciembre,20152,20,152,San Francisco Tlapancingo,Oaxaca,Balsas,IV,Rio Balsas,9,sin dato,SIN SEQUIA,SIN REDUCCION
Region A - Primeros Quince dias habiles de cada Diciembre,20153,20,153,San Gabriel Mixtepec,Oaxaca,Pacifico Sur,V,Costa de Oaxaca,11,sin dato,SIN SEQUIA,SIN REDUCCION
Region A - Primeros Quince dias habiles de cada Diciembre,20154,20,154,San Ildefonso Amatlan,Oaxaca,Pacifico Sur,V,Costa de Oaxaca,11,sin dato,SIN SEQUIA,SIN REDUCCION
Region A - Primeros Quince dias habiles de cada Diciembre,20155,20,155,San Ildefonso Sola,Oaxaca,Pacifico Sur,V,Costa de Oaxaca,11,sin dato,SIN SEQUIA,SIN REDUCCION
Region A - Primeros Quince dias habiles de cada Diciembre,20156,20,156,San Ildefonso Villa Alta,Oaxaca,Golfo Centro,X,Rio Papaloapan,21,sin dato,SIN SEQUIA,SIN REDUCCION
Region A - Primeros Quince dias habiles de cada Diciembre,20157,20,157,San Jacinto Amilpas,Oaxaca,Pacifico Sur,V,Costa de Oaxaca,11,sin dato,SIN SEQUIA,SIN REDUCCION
Region A - Primeros Quince dias habiles de cada Diciembre,20158,20,158,San Jacinto Tlacotepec,Oaxaca,Pacifico Sur,V,Costa de Oaxaca,11,sin dato,SIN SEQUIA,SIN REDUCCION
Region A - Primeros Quince dias habiles de cada Diciembre,20159,20,159,San Jeronimo Coatlan,Oaxaca,Pacifico Sur,V,Costa de Oaxaca,11,sin dato,SIN SEQUIA,SIN REDUCCION
Region A - Primeros Quince dias habiles de cada Diciembre,20160,20,160,San Jeronimo Silacayoapilla,Oaxaca,Balsas,IV,Rio Balsas,9,sin dato,SIN SEQUIA,SIN REDUCCION
Region A - Primeros Quince dias habiles de cada Diciembre,20161,20,161,San Jeronimo Sosola,Oaxaca,Pacifico Sur,V,Rio Papaloapan,21,sin dato,SIN SEQUIA,SIN REDUCCION
Region A - Primeros Quince dias habiles de cada Diciembre,20162,20,162,San Jeronimo Taviche,Oaxaca,Pacifico Sur,V,Costa de Oaxaca,11,sin dato,SIN SEQUIA,SIN REDUCCION
Region A - Primeros Quince dias habiles de cada Diciembre,20163,20,163,San Jeronimo Tecoatl,Oaxaca,Golfo Centro,X,Rio Papaloapan,21,sin dato,SIN SEQUIA,SIN REDUCCION
Region A - Primeros Quince dias habiles de cada Diciembre,20164,20,164,San Jorge Nuchita,Oaxaca,Balsas,IV,Rio Balsas,9,D0,PRE-ALERTA,10%
Region A - Primeros Quince dias habiles de cada Diciembre,20165,20,165,San Jose Ayuquila,Oaxaca,Balsas,IV,Rio Balsas,9,sin dato,SIN SEQUIA,SIN REDUCCION
Region A - Primeros Quince dias habiles de cada Diciembre,20166,20,166,San Jose Chiltepec,Oaxaca,Golfo Centro,X,Rio Papaloapan,21,sin dato,SIN SEQUIA,SIN REDUCCION
Region A - Primeros Quince dias habiles de cada Diciembre,20167,20,167,San Jose del Penasco,Oaxaca,Pacifico Sur,V,Costa de Oaxaca,11,sin dato,SIN SEQUIA,SIN REDUCCION
Region A - Primeros Quince dias habiles de cada Diciembre,20168,20,168,San Jose Estancia Grande,Oaxaca,Pacifico Sur,V,Costa de Oaxaca,11,sin dato,SIN SEQUIA,SIN REDUCCION
Region A - Primeros Quince dias habiles de cada Diciembre,20169,20,169,San Jose Independencia,Oaxaca,Golfo Centro,X,Rio Papaloapan,21,D0,PRE-ALERTA,10%
Region A - Primeros Quince dias habiles de cada Diciembre,20170,20,170,San Jose Lachiguiri,Oaxaca,Pacifico Sur,V,Costa de Oaxaca,11,sin dato,SIN SEQUIA,SIN REDUCCION
Region A - Primeros Quince dias habiles de cada Diciembre,20171,20,171,San Jose Tenango,Oaxaca,Golfo Centro,X,Rio Papaloapan,21,sin dato,SIN SEQUIA,SIN REDUCCION
Region A - Primeros Quince dias habiles de cada Diciembre,20172,20,172,San Juan Achiutla,Oaxaca,Pacifico Sur,V,Costa de Oaxaca,11,sin dato,SIN SEQUIA,SIN REDUCCION
Region A - Primeros Quince dias habiles de cada Diciembre,20173,20,173,San Juan Atepec,Oaxaca,Golfo Centro,X,Rio Papaloapan,21,sin dato,SIN SEQUIA,SIN REDUCCION
Region A - Primeros Quince dias habiles de cada Diciembre,20174,20,174,animas Trujano,Oaxaca,Pacifico Sur,V,Costa de Oaxaca,11,sin dato,SIN SEQUIA,SIN REDUCCION
Region A - Primeros Quince dias habiles de cada Diciembre,20175,20,175,San Juan Bautista Atatlahuca,Oaxaca,Golfo Centro,X,Rio Papaloapan,21,sin dato,SIN SEQUIA,SIN REDUCCION
Region A - Primeros Quince dias habiles de cada Diciembre,20176,20,176,San Juan Bautista Coixtlahuaca,Oaxaca,Golfo Centro,X,Rio Papaloapan,21,sin dato,SIN SEQUIA,SIN REDUCCION
Region A - Primeros Quince dias habiles de cada Diciembre,20177,20,177,San Juan Bautista Cuicatlan,Oaxaca,Golfo Centro,X,Rio Papaloapan,21,sin dato,SIN SEQUIA,SIN REDUCCION
Region A - Primeros Quince dias habiles de cada Diciembre,20178,20,178,San Juan Bautista Guelache,Oaxaca,Pacifico Sur,V,Costa de Oaxaca,11,sin dato,SIN SEQUIA,SIN REDUCCION
Region A - Primeros Quince dias habiles de cada Diciembre,20179,20,179,San Juan Bautista Jayacatlan,Oaxaca,Golfo Centro,X,Rio Papaloapan,21,sin dato,SIN SEQUIA,SIN REDUCCION
Region A - Primeros Quince dias habiles de cada Diciembre,20180,20,180,San Juan Bautista Lo de Soto,Oaxaca,Pacifico Sur,V,Costa de Oaxaca,11,sin dato,SIN SEQUIA,SIN REDUCCION
Region A - Primeros Quince dias habiles de cada Diciembre,20181,20,181,San Juan Bautista Suchitepec,Oaxaca,Balsas,IV,Rio Balsas,9,sin dato,SIN SEQUIA,SIN REDUCCION
Region A - Primeros Quince dias habiles de cada Diciembre,20182,20,182,San Juan Bautista Tlacoatzintepec,Oaxaca,Golfo Centro,X,Rio Papaloapan,21,sin dato,SIN SEQUIA,SIN REDUCCION
Region A - Primeros Quince dias habiles de cada Diciembre,20183,20,183,San Juan Bautista Tlachichilco,Oaxaca,Balsas,IV,Rio Balsas,9,sin dato,SIN SEQUIA,SIN REDUCCION
Region A - Primeros Quince dias habiles de cada Diciembre,20184,20,184,San Juan Bautista Tuxtepec,Oaxaca,Golfo Centro,X,Rio Papaloapan,21,sin dato,SIN SEQUIA,SIN REDUCCION
Region A - Primeros Quince dias habiles de cada Diciembre,20185,20,185,San Juan Cacahuatepec,Oaxaca,Pacifico Sur,V,Costa de Oaxaca,11,sin dato,SIN SEQUIA,SIN REDUCCION
Region A - Primeros Quince dias habiles de cada Diciembre,20186,20,186,San Juan Cieneguilla,Oaxaca,Balsas,IV,Rio Balsas,9,sin dato,SIN SEQUIA,SIN REDUCCION
Region A - Primeros Quince dias habiles de cada Diciembre,20187,20,187,San Juan Coatzospam,Oaxaca,Golfo Centro,X,Rio Papaloapan,21,sin dato,SIN SEQUIA,SIN REDUCCION
Region A - Primeros Quince dias habiles de cada Diciembre,20188,20,188,San Juan Colorado,Oaxaca,Pacifico Sur,V,Costa de Oaxaca,11,sin dato,SIN SEQUIA,SIN REDUCCION
Region A - Primeros Quince dias habiles de cada Diciembre,20189,20,189,San Juan Comaltepec,Oaxaca,Golfo Centro,X,Rio Papaloapan,21,sin dato,SIN SEQUIA,SIN REDUCCION
Region A - Primeros Quince dias habiles de cada Diciembre,20190,20,190,San Juan Cotzocon,Oaxaca,Golfo Centro,X,Rio Papaloapan,21,D0,PRE-ALERTA,10%
Region A - Primeros Quince dias habiles de cada Diciembre,20191,20,191,San Juan Chicomezuchil,Oaxaca,Golfo Centro,X,Rio Papaloapan,21,sin dato,SIN SEQUIA,SIN REDUCCION
Region A - Primeros Quince dias habiles de cada Diciembre,20192,20,192,San Juan Chilateca,Oaxaca,Pacifico Sur,V,Costa de Oaxaca,11,sin dato,SIN SEQUIA,SIN REDUCCION
Region A - Primeros Quince dias habiles de cada Diciembre,20193,20,193,San Juan del Estado,Oaxaca,Pacifico Sur,V,Rio Papaloapan,21,sin dato,SIN SEQUIA,SIN REDUCCION
Region A - Primeros Quince dias habiles de cada Diciembre,20194,20,194,San Juan del Rio,Oaxaca,Pacifico Sur,V,Costa de Oaxaca,11,sin dato,SIN SEQUIA,SIN REDUCCION
Region A - Primeros Quince dias habiles de cada Diciembre,20195,20,195,San Juan Diuxi,Oaxaca,Pacifico Sur,V,Costa de Oaxaca,11,sin dato,SIN SEQUIA,SIN REDUCCION
Region A - Primeros Quince dias habiles de cada Diciembre,20196,20,196,San Juan Evangelista Analco,Oaxaca,Golfo Centro,X,Rio Papaloapan,21,sin dato,SIN SEQUIA,SIN REDUCCION
Region A - Primeros Quince dias habiles de cada Diciembre,20197,20,197,San Juan Guelavia,Oaxaca,Pacifico Sur,V,Costa de Oaxaca,11,sin dato,SIN SEQUIA,SIN REDUCCION
Region A - Primeros Quince dias habiles de cada Diciembre,20198,20,198,San Juan Guichicovi,Oaxaca,Golfo Centro,X,Rio Coatzacoalcos,22,sin dato,SIN SEQUIA,SIN REDUCCION
Region A - Primeros Quince dias habiles de cada Diciembre,20199,20,199,San Juan Ihualtepec,Oaxaca,Balsas,IV,Rio Balsas,9,sin dato,SIN SEQUIA,SIN REDUCCION
Region A - Primeros Quince dias habiles de cada Diciembre,20200,20,200,San Juan Juquila Mixes,Oaxaca,Pacifico Sur,V,Costa de Oaxaca,11,sin dato,SIN SEQUIA,SIN REDUCCION
Region A - Primeros Quince dias habiles de cada Diciembre,20201,20,201,San Juan Juquila Vijanos,Oaxaca,Golfo Centro,X,Rio Papaloapan,21,sin dato,SIN SEQUIA,SIN REDUCCION
Region A - Primeros Quince dias habiles de cada Diciembre,20202,20,202,San Juan Lachao,Oaxaca,Pacifico Sur,V,Costa de Oaxaca,11,D1,PRE-ALERTA,15%
Region A - Primeros Quince dias habiles de cada Diciembre,20203,20,203,San Juan Lachigalla,Oaxaca,Pacifico Sur,V,Costa de Oaxaca,11,D0,PRE-ALERTA,10%
Region A - Primeros Quince dias habiles de cada Diciembre,20204,20,204,San Juan Lajarcia,Oaxaca,Pacifico Sur,V,Costa de Oaxaca,11,sin dato,SIN SEQUIA,SIN REDUCCION
Region A - Primeros Quince dias habiles de cada Diciembre,20205,20,205,San Juan Lalana,Oaxaca,Golfo Centro,X,Rio Papaloapan,21,sin dato,SIN SEQUIA,SIN REDUCCION
Region A - Primeros Quince dias habiles de cada Diciembre,20206,20,206,San Juan de los Cues,Oaxaca,Golfo Centro,X,Rio Papaloapan,21,sin dato,SIN SEQUIA,SIN REDUCCION
Region A - Primeros Quince dias habiles de cada Diciembre,20207,20,207,San Juan Mazatlan,Oaxaca,Golfo Centro,X,Rio Coatzacoalcos,22,sin dato,SIN SEQUIA,SIN REDUCCION
Region A - Primeros Quince dias habiles de cada Diciembre,20208,20,208,San Juan Mixtepec,Oaxaca,Balsas,IV,Rio Balsas,9,sin dato,SIN SEQUIA,SIN REDUCCION
Region A - Primeros Quince dias habiles de cada Diciembre,20209,20,209,San Juan Mixtepec,Oaxaca,Pacifico Sur,V,Costa de Oaxaca,11,sin dato,SIN SEQUIA,SIN REDUCCION
Region A - Primeros Quince dias habiles de cada Diciembre,20210,20,210,San Juan numi,Oaxaca,Balsas,IV,Rio Balsas,9,sin dato,SIN SEQUIA,SIN REDUCCION
Region A - Primeros Quince dias habiles de cada Diciembre,20211,20,211,San Juan Ozolotepec,Oaxaca,Pacifico Sur,V,Costa de Oaxaca,11,D0,PRE-ALERTA,10%
Region A - Primeros Quince dias habiles de cada Diciembre,20212,20,212,San Juan Petlapa,Oaxaca,Golfo Centro,X,Rio Papaloapan,21,sin dato,SIN SEQUIA,SIN REDUCCION
Region A - Primeros Quince dias habiles de cada Diciembre,20213,20,213,San Juan Quiahije,Oaxaca,Pacifico Sur,V,Costa de Oaxaca,11,sin dato,SIN SEQUIA,SIN REDUCCION
Region A - Primeros Quince dias habiles de cada Diciembre,20214,20,214,San Juan Quiotepec,Oaxaca,Golfo Centro,X,Rio Papaloapan,21,sin dato,SIN SEQUIA,SIN REDUCCION
Region A - Primeros Quince dias habiles de cada Diciembre,20215,20,215,San Juan Sayultepec,Oaxaca,Pacifico Sur,V,Costa de Oaxaca,11,sin dato,SIN SEQUIA,SIN REDUCCION
Region A - Primeros Quince dias habiles de cada Diciembre,20216,20,216,San Juan Tabaa,Oaxaca,Golfo Centro,X,Rio Papaloapan,21,sin dato,SIN SEQUIA,SIN REDUCCION
Region A - Primeros Quince dias habiles de cada Diciembre,20217,20,217,San Juan Tamazola,Oaxaca,Pacifico Sur,V,Costa de Oaxaca,11,sin dato,SIN SEQUIA,SIN REDUCCION
Region A - Primeros Quince dias habiles de cada Diciembre,20218,20,218,San Juan Teita,Oaxaca,Pacifico Sur,V,Costa de Oaxaca,11,sin dato,SIN SEQUIA,SIN REDUCCION
Region A - Primeros Quince dias habiles de cada Diciembre,20219,20,219,San Juan Teitipac,Oaxaca,Pacifico Sur,V,Costa de Oaxaca,11,sin dato,SIN SEQUIA,SIN REDUCCION
Region A - Primeros Quince dias habiles de cada Diciembre,20220,20,220,San Juan Tepeuxila,Oaxaca,Golfo Centro,X,Rio Papaloapan,21,sin dato,SIN SEQUIA,SIN REDUCCION
Region A - Primeros Quince dias habiles de cada Diciembre,20221,20,221,San Juan Teposcolula,Oaxaca,Balsas,IV,Rio Balsas,9,sin dato,SIN SEQUIA,SIN REDUCCION
Region A - Primeros Quince dias habiles de cada Diciembre,20222,20,222,San Juan Yaee,Oaxaca,Golfo Centro,X,Rio Papaloapan,21,sin dato,SIN SEQUIA,SIN REDUCCION
Region A - Primeros Quince dias habiles de cada Diciembre,20223,20,223,San Juan Yatzona,Oaxaca,Golfo Centro,X,Rio Papaloapan,21,sin dato,SIN SEQUIA,SIN REDUCCION
Region A - Primeros Quince dias habiles de cada Diciembre,20224,20,224,San Juan Yucuita,Oaxaca,Pacifico Sur,V,Costa de Oaxaca,11,sin dato,SIN SEQUIA,SIN REDUCCION
Region A - Primeros Quince dias habiles de cada Diciembre,20225,20,225,San Lorenzo,Oaxaca,Pacifico Sur,V,Costa de Oaxaca,11,sin dato,SIN SEQUIA,SIN REDUCCION
Region A - Primeros Quince dias habiles de cada Diciembre,20226,20,226,San Lorenzo Albarradas,Oaxaca,Pacifico Sur,V,Costa de Oaxaca,11,sin dato,SIN SEQUIA,SIN REDUCCION
Region A - Primeros Quince dias habiles de cada Diciembre,20227,20,227,San Lorenzo Cacaotepec,Oaxaca,Pacifico Sur,V,Costa de Oaxaca,11,sin dato,SIN SEQUIA,SIN REDUCCION
Region A - Primeros Quince dias habiles de cada Diciembre,20228,20,228,San Lorenzo Cuaunecuiltitla,Oaxaca,Golfo Centro,X,Rio Papaloapan,21,sin dato,SIN SEQUIA,SIN REDUCCION
Region A - Primeros Quince dias habiles de cada Diciembre,20229,20,229,San Lorenzo Texmelucan,Oaxaca,Pacifico Sur,V,Costa de Oaxaca,11,sin dato,SIN SEQUIA,SIN REDUCCION
Region A - Primeros Quince dias habiles de cada Diciembre,20230,20,230,San Lorenzo Victoria,Oaxaca,Balsas,IV,Rio Balsas,9,sin dato,SIN SEQUIA,SIN REDUCCION
Region A - Primeros Quince dias habiles de cada Diciembre,20231,20,231,San Lucas Camotlan,Oaxaca,Golfo Centro,X,Rio Coatzacoalcos,22,sin dato,SIN SEQUIA,SIN REDUCCION
Region A - Primeros Quince dias habiles de cada Diciembre,20232,20,232,San Lucas Ojitlan,Oaxaca,Golfo Centro,X,Rio Papaloapan,21,sin dato,SIN SEQUIA,SIN REDUCCION
Region A - Primeros Quince dias habiles de cada Diciembre,20233,20,233,San Lucas Quiavini,Oaxaca,Pacifico Sur,V,Costa de Oaxaca,11,sin dato,SIN SEQUIA,SIN REDUCCION
Region A - Primeros Quince dias habiles de cada Diciembre,20234,20,234,San Lucas Zoquiapam,Oaxaca,Golfo Centro,X,Rio Papaloapan,21,sin dato,SIN SEQUIA,SIN REDUCCION
Region A - Primeros Quince dias habiles de cada Diciembre,20235,20,235,San Luis Amatlan,Oaxaca,Pacifico Sur,V,Costa de Oaxaca,11,sin dato,SIN SEQUIA,SIN REDUCCION
Region A - Primeros Quince dias habiles de cada Diciembre,20236,20,236,San Marcial Ozolotepec,Oaxaca,Pacifico Sur,V,Costa de Oaxaca,11,sin dato,SIN SEQUIA,SIN REDUCCION
Region A - Primeros Quince dias habiles de cada Diciembre,20237,20,237,San Marcos Arteaga,Oaxaca,Balsas,IV,Rio Balsas,9,sin dato,SIN SEQUIA,SIN REDUCCION
Region A - Primeros Quince dias habiles de cada Diciembre,20238,20,238,San Martin de los Cansecos,Oaxaca,Pacifico Sur,V,Costa de Oaxaca,11,sin dato,SIN SEQUIA,SIN REDUCCION
Region A - Primeros Quince dias habiles de cada Diciembre,20239,20,239,San Martin Huamelulpam,Oaxaca,Balsas,IV,Rio Balsas,9,sin dato,SIN SEQUIA,SIN REDUCCION
Region A - Primeros Quince dias habiles de cada Diciembre,20240,20,240,San Martin Itunyoso,Oaxaca,Balsas,IV,Rio Balsas,9,sin dato,SIN SEQUIA,SIN REDUCCION
Region A - Primeros Quince dias habiles de cada Diciembre,20241,20,241,San Martin Lachila,Oaxaca,Pacifico Sur,V,Costa de Oaxaca,11,D0,PRE-ALERTA,10%
Region A - Primeros Quince dias habiles de cada Diciembre,20242,20,242,San Martin Peras,Oaxaca,Balsas,IV,Rio Balsas,9,sin dato,SIN SEQUIA,SIN REDUCCION
Region A - Primeros Quince dias habiles de cada Diciembre,20243,20,243,San Martin Tilcajete,Oaxaca,Pacifico Sur,V,Costa de Oaxaca,11,sin dato,SIN SEQUIA,SIN REDUCCION
Region A - Primeros Quince dias habiles de cada Diciembre,20244,20,244,San Martin Toxpalan,Oaxaca,Golfo Centro,X,Rio Papaloapan,21,sin dato,SIN SEQUIA,SIN REDUCCION
Region A - Primeros Quince dias habiles de cada Diciembre,20245,20,245,San Martin Zacatepec,Oaxaca,Balsas,IV,Rio Balsas,9,sin dato,SIN SEQUIA,SIN REDUCCION
Region A - Primeros Quince dias habiles de cada Diciembre,20246,20,246,San Mateo Cajonos,Oaxaca,Golfo Centro,X,Rio Papaloapan,21,sin dato,SIN SEQUIA,SIN REDUCCION
Region A - Primeros Quince dias habiles de cada Diciembre,20247,20,247,Capulalpam de Mendez,Oaxaca,Golfo Centro,X,Rio Papaloapan,21,sin dato,SIN SEQUIA,SIN REDUCCION
Region A - Primeros Quince dias habiles de cada Diciembre,20248,20,248,San Mateo del Mar,Oaxaca,Pacifico Sur,V,Costa de Oaxaca,11,sin dato,SIN SEQUIA,SIN REDUCCION
Region A - Primeros Quince dias habiles de cada Diciembre,20249,20,249,San Mateo Yoloxochitlan,Oaxaca,Golfo Centro,X,Rio Papaloapan,21,D0,PRE-ALERTA,10%
Region A - Primeros Quince dias habiles de cada Diciembre,20250,20,250,San Mateo Etlatongo,Oaxaca,Pacifico Sur,V,Costa de Oaxaca,11,sin dato,SIN SEQUIA,SIN REDUCCION
Region A - Primeros Quince dias habiles de cada Diciembre,20251,20,251,San Mateo Nejapam,Oaxaca,Balsas,IV,Rio Balsas,9,sin dato,SIN SEQUIA,SIN REDUCCION
Region A - Primeros Quince dias habiles de cada Diciembre,20252,20,252,San Mateo Penasco,Oaxaca,Pacifico Sur,V,Costa de Oaxaca,11,sin dato,SIN SEQUIA,SIN REDUCCION
Region A - Primeros Quince dias habiles de cada Diciembre,20253,20,253,San Mateo Pinas,Oaxaca,Pacifico Sur,V,Costa de Oaxaca,11,sin dato,SIN SEQUIA,SIN REDUCCION
Region A - Primeros Quince dias habiles de cada Diciembre,20254,20,254,San Mateo Rio Hondo,Oaxaca,Pacifico Sur,V,Costa de Oaxaca,11,sin dato,SIN SEQUIA,SIN REDUCCION
Region A - Primeros Quince dias habiles de cada Diciembre,20255,20,255,San Mateo Sindihui,Oaxaca,Pacifico Sur,V,Costa de Oaxaca,11,sin dato,SIN SEQUIA,SIN REDUCCION
Region A - Primeros Quince dias habiles de cada Diciembre,20256,20,256,San Mateo Tlapiltepec,Oaxaca,Golfo Centro,X,Rio Papaloapan,21,sin dato,SIN SEQUIA,SIN REDUCCION
Region A - Primeros Quince dias habiles de cada Diciembre,20257,20,257,San Melchor Betaza,Oaxaca,Golfo Centro,X,Rio Papaloapan,21,sin dato,SIN SEQUIA,SIN REDUCCION
Region A - Primeros Quince dias habiles de cada Diciembre,20258,20,258,San Miguel Achiutla,Oaxaca,Pacifico Sur,V,Costa de Oaxaca,11,sin dato,SIN SEQUIA,SIN REDUCCION
Region A - Primeros Quince dias habiles de cada Diciembre,20259,20,259,San Miguel Ahuehuetitlan,Oaxaca,Balsas,IV,Rio Balsas,9,sin dato,SIN SEQUIA,SIN REDUCCION
Region A - Primeros Quince dias habiles de cada Diciembre,20260,20,260,San Miguel Aloapam,Oaxaca,Golfo Centro,X,Rio Papaloapan,21,sin dato,SIN SEQUIA,SIN REDUCCION
Region A - Primeros Quince dias habiles de cada Diciembre,20261,20,261,San Miguel Amatitlan,Oaxaca,Balsas,IV,Rio Balsas,9,sin dato,SIN SEQUIA,SIN REDUCCION
Region A - Primeros Quince dias habiles de cada Diciembre,20262,20,262,San Miguel Amatlan,Oaxaca,Golfo Centro,X,Rio Papaloapan,21,sin dato,SIN SEQUIA,SIN REDUCCION
Region A - Primeros Quince dias habiles de cada Diciembre,20263,20,263,San Miguel Coatlan,Oaxaca,Pacifico Sur,V,Costa de Oaxaca,11,sin dato,SIN SEQUIA,SIN REDUCCION
Region A - Primeros Quince dias habiles de cada Diciembre,20264,20,264,San Miguel Chicahua,Oaxaca,Golfo Centro,X,Rio Papaloapan,21,sin dato,SIN SEQUIA,SIN REDUCCION
Region A - Primeros Quince dias habiles de cada Diciembre,20265,20,265,San Miguel Chimalapa,Oaxaca,Pacifico Sur,V,Costa de Oaxaca,11,D0,PRE-ALERTA,10%
Region A - Primeros Quince dias habiles de cada Diciembre,20266,20,266,San Miguel del Puerto,Oaxaca,Pacifico Sur,V,Costa de Oaxaca,11,sin dato,SIN SEQUIA,SIN REDUCCION
Region A - Primeros Quince dias habiles de cada Diciembre,20267,20,267,San Miguel del Rio,Oaxaca,Golfo Centro,X,Rio Papaloapan,21,sin dato,SIN SEQUIA,SIN REDUCCION
Region A - Primeros Quince dias habiles de cada Diciembre,20268,20,268,San Miguel Ejutla,Oaxaca,Pacifico Sur,V,Costa de Oaxaca,11,sin dato,SIN SEQUIA,SIN REDUCCION
Region A - Primeros Quince dias habiles de cada Diciembre,20269,20,269,San Miguel el Grande,Oaxaca,Pacifico Sur,V,Costa de Oaxaca,11,D0,PRE-ALERTA,10%
Region A - Primeros Quince dias habiles de cada Diciembre,20270,20,270,San Miguel Huautla,Oaxaca,Golfo Centro,X,Rio Papaloapan,21,sin dato,SIN SEQUIA,SIN REDUCCION
Region A - Primeros Quince dias habiles de cada Diciembre,20271,20,271,San Miguel Mixtepec,Oaxaca,Pacifico Sur,V,Costa de Oaxaca,11,sin dato,SIN SEQUIA,SIN REDUCCION
Region A - Primeros Quince dias habiles de cada Diciembre,20272,20,272,San Miguel Panixtlahuaca,Oaxaca,Pacifico Sur,V,Costa de Oaxaca,11,sin dato,SIN SEQUIA,SIN REDUCCION
Region A - Primeros Quince dias habiles de cada Diciembre,20273,20,273,San Miguel Peras,Oaxaca,Pacifico Sur,V,Costa de Oaxaca,11,sin dato,SIN SEQUIA,SIN REDUCCION
Region A - Primeros Quince dias habiles de cada Diciembre,20274,20,274,San Miguel Piedras,Oaxaca,Pacifico Sur,V,Costa de Oaxaca,11,sin dato,SIN SEQUIA,SIN REDUCCION
Region A - Primeros Quince dias habiles de cada Diciembre,20275,20,275,San Miguel Quetzaltepec,Oaxaca,Golfo Centro,X,Rio Papaloapan,21,sin dato,SIN SEQUIA,SIN REDUCCION
Region A - Primeros Quince dias habiles de cada Diciembre,20276,20,276,San Miguel Santa Flor,Oaxaca,Golfo Centro,X,Rio Papaloapan,21,sin dato,SIN SEQUIA,SIN REDUCCION
Region A - Primeros Quince dias habiles de cada Diciembre,20277,20,277,Villa Sola de Vega,Oaxaca,Pacifico Sur,V,Costa de Oaxaca,11,sin dato,SIN SEQUIA,SIN REDUCCION
Region A - Primeros Quince dias habiles de cada Diciembre,20278,20,278,San Miguel Soyaltepec,Oaxaca,Golfo Centro,X,Rio Papaloapan,21,sin dato,SIN SEQUIA,SIN REDUCCION
Region A - Primeros Quince dias habiles de cada Diciembre,20279,20,279,San Miguel Suchixtepec,Oaxaca,Pacifico Sur,V,Costa de Oaxaca,11,sin dato,SIN SEQUIA,SIN REDUCCION
Region A - Primeros Quince dias habiles de cada Diciembre,20280,20,280,Villa Talea de Castro,Oaxaca,Golfo Centro,X,Rio Papaloapan,21,sin dato,SIN SEQUIA,SIN REDUCCION
Region A - Primeros Quince dias habiles de cada Diciembre,20281,20,281,San Miguel Tecomatlan,Oaxaca,Pacifico Sur,V,Costa de Oaxaca,11,sin dato,SIN SEQUIA,SIN REDUCCION
Region A - Primeros Quince dias habiles de cada Diciembre,20282,20,282,San Miguel Tenango,Oaxaca,Pacifico Sur,V,Costa de Oaxaca,11,sin dato,SIN SEQUIA,SIN REDUCCION
Region A - Primeros Quince dias habiles de cada Diciembre,20283,20,283,San Miguel Tequixtepec,Oaxaca,Golfo Centro,X,Rio Papaloapan,21,sin dato,SIN SEQUIA,SIN REDUCCION
Region A - Primeros Quince dias habiles de cada Diciembre,20284,20,284,San Miguel Tilquiapam,Oaxaca,Pacifico Sur,V,Costa de Oaxaca,11,sin dato,SIN SEQUIA,SIN REDUCCION
Region A - Primeros Quince dias habiles de cada Diciembre,20285,20,285,San Miguel Tlacamama,Oaxaca,Pacifico Sur,V,Costa de Oaxaca,11,sin dato,SIN SEQUIA,SIN REDUCCION
Region A - Primeros Quince dias habiles de cada Diciembre,20286,20,286,San Miguel Tlacotepec,Oaxaca,Balsas,IV,Rio Balsas,9,sin dato,SIN SEQUIA,SIN REDUCCION
Region A - Primeros Quince dias habiles de cada Diciembre,20287,20,287,San Miguel Tulancingo,Oaxaca,Golfo Centro,X,Rio Papaloapan,21,sin dato,SIN SEQUIA,SIN REDUCCION
Region A - Primeros Quince dias habiles de cada Diciembre,20288,20,288,San Miguel Yotao,Oaxaca,Golfo Centro,X,Rio Papaloapan,21,sin dato,SIN SEQUIA,SIN REDUCCION
Region A - Primeros Quince dias habiles de cada Diciembre,20289,20,289,San Nicolas,Oaxaca,Pacifico Sur,V,Costa de Oaxaca,11,sin dato,SIN SEQUIA,SIN REDUCCION
Region A - Primeros Quince dias habiles de cada Diciembre,20290,20,290,San Nicolas Hidalgo,Oaxaca,Balsas,IV,Rio Balsas,9,sin dato,SIN SEQUIA,SIN REDUCCION
Region A - Primeros Quince dias habiles de cada Diciembre,20291,20,291,San Pablo Coatlan,Oaxaca,Pacifico Sur,V,Costa de Oaxaca,11,sin dato,SIN SEQUIA,SIN REDUCCION
Region A - Primeros Quince dias habiles de cada Diciembre,20292,20,292,San Pablo Cuatro Venados,Oaxaca,Pacifico Sur,V,Costa de Oaxaca,11,sin dato,SIN SEQUIA,SIN REDUCCION
Region A - Primeros Quince dias habiles de cada Diciembre,20293,20,293,San Pablo Etla,Oaxaca,Pacifico Sur,V,Costa de Oaxaca,11,sin dato,SIN SEQUIA,SIN REDUCCION
Region A - Primeros Quince dias habiles de cada Diciembre,20294,20,294,San Pablo Huitzo,Oaxaca,Pacifico Sur,V,Costa de Oaxaca,11,D0,PRE-ALERTA,10%
Region A - Primeros Quince dias habiles de cada Diciembre,20295,20,295,San Pablo Huixtepec,Oaxaca,Pacifico Sur,V,Costa de Oaxaca,11,sin dato,SIN SEQUIA,SIN REDUCCION
Region A - Primeros Quince dias habiles de cada Diciembre,20296,20,296,San Pablo Macuiltianguis,Oaxaca,Golfo Centro,X,Rio Papaloapan,21,sin dato,SIN SEQUIA,SIN REDUCCION
Region A - Primeros Quince dias habiles de cada Diciembre,20297,20,297,San Pablo Tijaltepec,Oaxaca,Pacifico Sur,V,Costa de Oaxaca,11,sin dato,SIN SEQUIA,SIN REDUCCION
Region A - Primeros Quince dias habiles de cada Diciembre,20298,20,298,San Pablo Villa de Mitla,Oaxaca,Pacifico Sur,V,Costa de Oaxaca,11,sin dato,SIN SEQUIA,SIN REDUCCION
Region A - Primeros Quince dias habiles de cada Diciembre,20299,20,299,San Pablo Yaganiza,Oaxaca,Golfo Centro,X,Rio Papaloapan,21,sin dato,SIN SEQUIA,SIN REDUCCION
Region A - Primeros Quince dias habiles de cada Diciembre,20300,20,300,San Pedro Amuzgos,Oaxaca,Pacifico Sur,V,Costa de Oaxaca,11,sin dato,SIN SEQUIA,SIN REDUCCION
Region A - Primeros Quince dias habiles de cada Diciembre,20301,20,301,San Pedro Apostol,Oaxaca,Pacifico Sur,V,Costa de Oaxaca,11,sin dato,SIN SEQUIA,SIN REDUCCION
Region A - Primeros Quince dias habiles de cada Diciembre,20302,20,302,San Pedro Atoyac,Oaxaca,Pacifico Sur,V,Costa de Oaxaca,11,sin dato,SIN SEQUIA,SIN REDUCCION
Region A - Primeros Quince dias habiles de cada Diciembre,20303,20,303,San Pedro Cajonos,Oaxaca,Golfo Centro,X,Rio Papaloapan,21,sin dato,SIN SEQUIA,SIN REDUCCION
Region A - Primeros Quince dias habiles de cada Diciembre,20304,20,304,San Pedro Coxcaltepec Cantaros,Oaxaca,Golfo Centro,X,Rio Papaloapan,21,sin dato,SIN SEQUIA,SIN REDUCCION
Region A - Primeros Quince dias habiles de cada Diciembre,20305,20,305,San Pedro Comitancillo,Oaxaca,Pacifico Sur,V,Costa de Oaxaca,11,sin dato,SIN SEQUIA,SIN REDUCCION
Region A - Primeros Quince dias habiles de cada Diciembre,20306,20,306,San Pedro el Alto,Oaxaca,Pacifico Sur,V,Costa de Oaxaca,11,sin dato,SIN SEQUIA,SIN REDUCCION
Region A - Primeros Quince dias habiles de cada Diciembre,20307,20,307,San Pedro Huamelula,Oaxaca,Pacifico Sur,V,Costa de Oaxaca,11,sin dato,SIN SEQUIA,SIN REDUCCION
Region A - Primeros Quince dias habiles de cada Diciembre,20308,20,308,San Pedro Huilotepec,Oaxaca,Pacifico Sur,V,Costa de Oaxaca,11,sin dato,SIN SEQUIA,SIN REDUCCION
Region A - Primeros Quince dias habiles de cada Diciembre,20309,20,309,San Pedro Ixcatlan,Oaxaca,Golfo Centro,X,Rio Papaloapan,21,sin dato,SIN SEQUIA,SIN REDUCCION
Region A - Primeros Quince dias habiles de cada Diciembre,20310,20,310,San Pedro Ixtlahuaca,Oaxaca,Pacifico Sur,V,Costa de Oaxaca,11,sin dato,SIN SEQUIA,SIN REDUCCION
Region A - Primeros Quince dias habiles de cada Diciembre,20311,20,311,San Pedro Jaltepetongo,Oaxaca,Golfo Centro,X,Rio Papaloapan,21,sin dato,SIN SEQUIA,SIN REDUCCION
Region A - Primeros Quince dias habiles de cada Diciembre,20312,20,312,San Pedro Jicayan,Oaxaca,Pacifico Sur,V,Costa de Oaxaca,11,sin dato,SIN SEQUIA,SIN REDUCCION
Region A - Primeros Quince dias habiles de cada Diciembre,20313,20,313,San Pedro Jocotipac,Oaxaca,Golfo Centro,X,Rio Papaloapan,21,sin dato,SIN SEQUIA,SIN REDUCCION
Region A - Primeros Quince dias habiles de cada Diciembre,20314,20,314,San Pedro Juchatengo,Oaxaca,Pacifico Sur,V,Costa de Oaxaca,11,sin dato,SIN SEQUIA,SIN REDUCCION
Region A - Primeros Quince dias habiles de cada Diciembre,20315,20,315,San Pedro Martir,Oaxaca,Pacifico Sur,V,Costa de Oaxaca,11,sin dato,SIN SEQUIA,SIN REDUCCION
Region A - Primeros Quince dias habiles de cada Diciembre,20316,20,316,San Pedro Martir Quiechapa,Oaxaca,Pacifico Sur,V,Costa de Oaxaca,11,sin dato,SIN SEQUIA,SIN REDUCCION
Region A - Primeros Quince dias habiles de cada Diciembre,20317,20,317,San Pedro Martir Yucuxaco,Oaxaca,Balsas,IV,Rio Balsas,9,sin dato,SIN SEQUIA,SIN REDUCCION
Region A - Primeros Quince dias habiles de cada Diciembre,20318,20,318,San Pedro Mixtepec,Oaxaca,Pacifico Sur,V,Costa de Oaxaca,11,sin dato,SIN SEQUIA,SIN REDUCCION
Region A - Primeros Quince dias habiles de cada Diciembre,20319,20,319,San Pedro Mixtepec,Oaxaca,Pacifico Sur,V,Costa de Oaxaca,11,sin dato,SIN SEQUIA,SIN REDUCCION
Region A - Primeros Quince dias habiles de cada Diciembre,20320,20,320,San Pedro Molinos,Oaxaca,Pacifico Sur,V,Costa de Oaxaca,11,sin dato,SIN SEQUIA,SIN REDUCCION
Region A - Primeros Quince dias habiles de cada Diciembre,20321,20,321,San Pedro Nopala,Oaxaca,Balsas,IV,Rio Balsas,9,sin dato,SIN SEQUIA,SIN REDUCCION
Region A - Primeros Quince dias habiles de cada Diciembre,20322,20,322,San Pedro Ocopetatillo,Oaxaca,Golfo Centro,X,Rio Papaloapan,21,sin dato,SIN SEQUIA,SIN REDUCCION
Region A - Primeros Quince dias habiles de cada Diciembre,20323,20,323,San Pedro Ocotepec,Oaxaca,Golfo Centro,X,Rio Papaloapan,21,sin dato,SIN SEQUIA,SIN REDUCCION
Region A - Primeros Quince dias habiles de cada Diciembre,20324,20,324,San Pedro Pochutla,Oaxaca,Pacifico Sur,V,Costa de Oaxaca,11,sin dato,SIN SEQUIA,SIN REDUCCION
Region A - Primeros Quince dias habiles de cada Diciembre,20325,20,325,San Pedro Quiatoni,Oaxaca,Pacifico Sur,V,Costa de Oaxaca,11,sin dato,SIN SEQUIA,SIN REDUCCION
Region A - Primeros Quince dias habiles de cada Diciembre,20326,20,326,San Pedro Sochiapam,Oaxaca,Golfo Centro,X,Rio Papaloapan,21,sin dato,SIN SEQUIA,SIN REDUCCION
Region A - Primeros Quince dias habiles de cada Diciembre,20327,20,327,San Pedro Tapanatepec,Oaxaca,Frontera Sur,XI,Costa de Oaxaca,11,sin dato,SIN SEQUIA,SIN REDUCCION
Region A - Primeros Quince dias habiles de cada Diciembre,20328,20,328,San Pedro Taviche,Oaxaca,Pacifico Sur,V,Costa de Oaxaca,11,sin dato,SIN SEQUIA,SIN REDUCCION
Region A - Primeros Quince dias habiles de cada Diciembre,20329,20,329,San Pedro Teozacoalco,Oaxaca,Pacifico Sur,V,Costa de Oaxaca,11,sin dato,SIN SEQUIA,SIN REDUCCION
Region A - Primeros Quince dias habiles de cada Diciembre,20330,20,330,San Pedro Teutila,Oaxaca,Golfo Centro,X,Rio Papaloapan,21,sin dato,SIN SEQUIA,SIN REDUCCION
Region A - Primeros Quince dias habiles de cada Diciembre,20331,20,331,San Pedro Tidaa,Oaxaca,Pacifico Sur,V,Costa de Oaxaca,11,sin dato,SIN SEQUIA,SIN REDUCCION
Region A - Primeros Quince dias habiles de cada Diciembre,20332,20,332,San Pedro Topiltepec,Oaxaca,Pacifico Sur,V,Costa de Oaxaca,11,sin dato,SIN SEQUIA,SIN REDUCCION
Region A - Primeros Quince dias habiles de cada Diciembre,20333,20,333,San Pedro Totolapa,Oaxaca,Pacifico Sur,V,Costa de Oaxaca,11,sin dato,SIN SEQUIA,SIN REDUCCION
Region A - Primeros Quince dias habiles de cada Diciembre,20334,20,334,Villa de Tututepec de Melchor Ocampo,Oaxaca,Pacifico Sur,V,Costa de Oaxaca,11,sin dato,SIN SEQUIA,SIN REDUCCION
Region A - Primeros Quince dias habiles de cada Diciembre,20335,20,335,San Pedro Yaneri,Oaxaca,Golfo Centro,X,Rio Papaloapan,21,sin dato,SIN SEQUIA,SIN REDUCCION
Region A - Primeros Quince dias habiles de cada Diciembre,20336,20,336,San Pedro Yolox,Oaxaca,Golfo Centro,X,Rio Papaloapan,21,sin dato,SIN SEQUIA,SIN REDUCCION
Region A - Primeros Quince dias habiles de cada Diciembre,20337,20,337,San Pedro y San Pablo Ayutla,Oaxaca,Golfo Centro,X,Rio Papaloapan,21,sin dato,SIN SEQUIA,SIN REDUCCION
Region A - Primeros Quince dias habiles de cada Diciembre,20338,20,338,Villa de Etla,Oaxaca,Pacifico Sur,V,Costa de Oaxaca,11,sin dato,SIN SEQUIA,SIN REDUCCION
Region A - Primeros Quince dias habiles de cada Diciembre,20339,20,339,San Pedro y San Pablo Teposcolula,Oaxaca,Balsas,IV,Rio Balsas,9,sin dato,SIN SEQUIA,SIN REDUCCION
Region A - Primeros Quince dias habiles de cada Diciembre,20340,20,340,San Pedro y San Pablo Tequixtepec,Oaxaca,Balsas,IV,Rio Balsas,9,sin dato,SIN SEQUIA,SIN REDUCCION
Region A - Primeros Quince dias habiles de cada Diciembre,20341,20,341,San Pedro Yucunama,Oaxaca,Balsas,IV,Rio Balsas,9,sin dato,SIN SEQUIA,SIN REDUCCION
Region A - Primeros Quince dias habiles de cada Diciembre,20342,20,342,San Raymundo Jalpan,Oaxaca,Pacifico Sur,V,Costa de Oaxaca,11,sin dato,SIN SEQUIA,SIN REDUCCION
Region A - Primeros Quince dias habiles de cada Diciembre,20343,20,343,San Sebastian Abasolo,Oaxaca,Pacifico Sur,V,Costa de Oaxaca,11,sin dato,SIN SEQUIA,SIN REDUCCION
Region A - Primeros Quince dias habiles de cada Diciembre,20344,20,344,San Sebastian Coatlan,Oaxaca,Pacifico Sur,V,Costa de Oaxaca,11,D0,PRE-ALERTA,10%
Region A - Primeros Quince dias habiles de cada Diciembre,20345,20,345,San Sebastian Ixcapa,Oaxaca,Pacifico Sur,V,Costa de Oaxaca,11,sin dato,SIN SEQUIA,SIN REDUCCION
Region A - Primeros Quince dias habiles de cada Diciembre,20346,20,346,San Sebastian Nicananduta,Oaxaca,Balsas,IV,Rio Balsas,9,sin dato,SIN SEQUIA,SIN REDUCCION
Region A - Primeros Quince dias habiles de cada Diciembre,20347,20,347,San Sebastian Rio Hondo,Oaxaca,Pacifico Sur,V,Costa de Oaxaca,11,sin dato,SIN SEQUIA,SIN REDUCCION
Region A - Primeros Quince dias habiles de cada Diciembre,20348,20,348,San Sebastian Tecomaxtlahuaca,Oaxaca,Balsas,IV,Rio Balsas,9,sin dato,SIN SEQUIA,SIN REDUCCION
Region A - Primeros Quince dias habiles de cada Diciembre,20349,20,349,San Sebastian Teitipac,Oaxaca,Pacifico Sur,V,Costa de Oaxaca,11,sin dato,SIN SEQUIA,SIN REDUCCION
Region A - Primeros Quince dias habiles de cada Diciembre,20350,20,350,San Sebastian Tutla,Oaxaca,Pacifico Sur,V,Costa de Oaxaca,11,sin dato,SIN SEQUIA,SIN REDUCCION
Region A - Primeros Quince dias habiles de cada Diciembre,20351,20,351,San Simon Almolongas,Oaxaca,Pacifico Sur,V,Costa de Oaxaca,11,sin dato,SIN SEQUIA,SIN REDUCCION
Region A - Primeros Quince dias habiles de cada Diciembre,20352,20,352,San Simon Zahuatlan,Oaxaca,Balsas,IV,Rio Balsas,9,sin dato,SIN SEQUIA,SIN REDUCCION
Region A - Primeros Quince dias habiles de cada Diciembre,20353,20,353,Santa Ana,Oaxaca,Pacifico Sur,V,Costa de Oaxaca,11,sin dato,SIN SEQUIA,SIN REDUCCION
Region A - Primeros Quince dias habiles de cada Diciembre,20354,20,354,Santa Ana Ateixtlahuaca,Oaxaca,Golfo Centro,X,Rio Papaloapan,21,sin dato,SIN SEQUIA,SIN REDUCCION
Region A - Primeros Quince dias habiles de cada Diciembre,20355,20,355,Santa Ana Cuauhtemoc,Oaxaca,Golfo Centro,X,Rio Papaloapan,21,sin dato,SIN SEQUIA,SIN REDUCCION
Region A - Primeros Quince dias habiles de cada Diciembre,20356,20,356,Santa Ana del Valle,Oaxaca,Pacifico Sur,V,Costa de Oaxaca,11,D0,PRE-ALERTA,10%
Region A - Primeros Quince dias habiles de cada Diciembre,20357,20,357,Santa Ana Tavela,Oaxaca,Pacifico Sur,V,Costa de Oaxaca,11,sin dato,SIN SEQUIA,SIN REDUCCION
Region A - Primeros Quince dias habiles de cada Diciembre,20358,20,358,Santa Ana Tlapacoyan,Oaxaca,Pacifico Sur,V,Costa de Oaxaca,11,sin dato,SIN SEQUIA,SIN REDUCCION
Region A - Primeros Quince dias habiles de cada Diciembre,20359,20,359,Santa Ana Yareni,Oaxaca,Golfo Centro,X,Rio Papaloapan,21,sin dato,SIN SEQUIA,SIN REDUCCION
Region A - Primeros Quince dias habiles de cada Diciembre,20360,20,360,Santa Ana Zegache,Oaxaca,Pacifico Sur,V,Costa de Oaxaca,11,sin dato,SIN SEQUIA,SIN REDUCCION
Region A - Primeros Quince dias habiles de cada Diciembre,20361,20,361,Santa Catalina Quieri,Oaxaca,Pacifico Sur,V,Costa de Oaxaca,11,sin dato,SIN SEQUIA,SIN REDUCCION
Region A - Primeros Quince dias habiles de cada Diciembre,20362,20,362,Santa Catarina Cuixtla,Oaxaca,Pacifico Sur,V,Costa de Oaxaca,11,sin dato,SIN SEQUIA,SIN REDUCCION
Region A - Primeros Quince dias habiles de cada Diciembre,20363,20,363,Santa Catarina Ixtepeji,Oaxaca,Golfo Centro,X,Rio Papaloapan,21,sin dato,SIN SEQUIA,SIN REDUCCION
Region A - Primeros Quince dias habiles de cada Diciembre,20364,20,364,Santa Catarina Juquila,Oaxaca,Pacifico Sur,V,Costa de Oaxaca,11,sin dato,SIN SEQUIA,SIN REDUCCION
Region A - Primeros Quince dias habiles de cada Diciembre,20365,20,365,Santa Catarina Lachatao,Oaxaca,Golfo Centro,X,Rio Papaloapan,21,sin dato,SIN SEQUIA,SIN REDUCCION
Region A - Primeros Quince dias habiles de cada Diciembre,20366,20,366,Santa Catarina Loxicha,Oaxaca,Pacifico Sur,V,Costa de Oaxaca,11,sin dato,SIN SEQUIA,SIN REDUCCION
Region A - Primeros Quince dias habiles de cada Diciembre,20367,20,367,Santa Catarina Mechoacan,Oaxaca,Pacifico Sur,V,Costa de Oaxaca,11,sin dato,SIN SEQUIA,SIN REDUCCION
Region A - Primeros Quince dias habiles de cada Diciembre,20368,20,368,Santa Catarina Minas,Oaxaca,Pacifico Sur,V,Costa de Oaxaca,11,sin dato,SIN SEQUIA,SIN REDUCCION
Region A - Primeros Quince dias habiles de cada Diciembre,20369,20,369,Santa Catarina Quiane,Oaxaca,Pacifico Sur,V,Costa de Oaxaca,11,sin dato,SIN SEQUIA,SIN REDUCCION
Region A - Primeros Quince dias habiles de cada Diciembre,20370,20,370,Santa Catarina Tayata,Oaxaca,Pacifico Sur,V,Costa de Oaxaca,11,sin dato,SIN SEQUIA,SIN REDUCCION
Region A - Primeros Quince dias habiles de cada Diciembre,20371,20,371,Santa Catarina Ticua,Oaxaca,Pacifico Sur,V,Costa de Oaxaca,11,sin dato,SIN SEQUIA,SIN REDUCCION
Region A - Primeros Quince dias habiles de cada Diciembre,20372,20,372,Santa Catarina Yosonotu,Oaxaca,Pacifico Sur,V,Costa de Oaxaca,11,sin dato,SIN SEQUIA,SIN REDUCCION
Region A - Primeros Quince dias habiles de cada Diciembre,20373,20,373,Santa Catarina Zapoquila,Oaxaca,Balsas,IV,Rio Balsas,9,sin dato,SIN SEQUIA,SIN REDUCCION
Region A - Primeros Quince dias habiles de cada Diciembre,20374,20,374,Santa Cruz Acatepec,Oaxaca,Golfo Centro,X,Rio Papaloapan,21,sin dato,SIN SEQUIA,SIN REDUCCION
Region A - Primeros Quince dias habiles de cada Diciembre,20375,20,375,Santa Cruz Amilpas,Oaxaca,Pacifico Sur,V,Costa de Oaxaca,11,sin dato,SIN SEQUIA,SIN REDUCCION
Region A - Primeros Quince dias habiles de cada Diciembre,20376,20,376,Santa Cruz de Bravo,Oaxaca,Balsas,IV,Rio Balsas,9,sin dato,SIN SEQUIA,SIN REDUCCION
Region A - Primeros Quince dias habiles de cada Diciembre,20377,20,377,Santa Cruz Itundujia,Oaxaca,Pacifico Sur,V,Costa de Oaxaca,11,sin dato,SIN SEQUIA,SIN REDUCCION
Region A - Primeros Quince dias habiles de cada Diciembre,20378,20,378,Santa Cruz Mixtepec,Oaxaca,Pacifico Sur,V,Costa de Oaxaca,11,sin dato,SIN SEQUIA,SIN REDUCCION
Region A - Primeros Quince dias habiles de cada Diciembre,20379,20,379,Santa Cruz Nundaco,Oaxaca,Balsas,IV,Rio Balsas,9,sin dato,SIN SEQUIA,SIN REDUCCION
Region A - Primeros Quince dias habiles de cada Diciembre,20380,20,380,Santa Cruz Papalutla,Oaxaca,Pacifico Sur,V,Costa de Oaxaca,11,sin dato,SIN SEQUIA,SIN REDUCCION
Region A - Primeros Quince dias habiles de cada Diciembre,20381,20,381,Santa Cruz Tacache de Mina,Oaxaca,Balsas,IV,Rio Balsas,9,sin dato,SIN SEQUIA,SIN REDUCCION
Region A - Primeros Quince dias habiles de cada Diciembre,20382,20,382,Santa Cruz Tacahua,Oaxaca,Pacifico Sur,V,Costa de Oaxaca,11,sin dato,SIN SEQUIA,SIN REDUCCION
Region A - Primeros Quince dias habiles de cada Diciembre,20383,20,383,Santa Cruz Tayata,Oaxaca,Pacifico Sur,V,Costa de Oaxaca,11,sin dato,SIN SEQUIA,SIN REDUCCION
Region A - Primeros Quince dias habiles de cada Diciembre,20384,20,384,Santa Cruz Xitla,Oaxaca,Pacifico Sur,V,Costa de Oaxaca,11,sin dato,SIN SEQUIA,SIN REDUCCION
Region A - Primeros Quince dias habiles de cada Diciembre,20385,20,385,Santa Cruz Xoxocotlan,Oaxaca,Pacifico Sur,V,Costa de Oaxaca,11,D0,PRE-ALERTA,10%
Region A - Primeros Quince dias habiles de cada Diciembre,20386,20,386,Santa Cruz Zenzontepec,Oaxaca,Pacifico Sur,V,Costa de Oaxaca,11,sin dato,SIN SEQUIA,SIN REDUCCION
Region A - Primeros Quince dias habiles de cada Diciembre,20387,20,387,Santa Gertrudis,Oaxaca,Pacifico Sur,V,Costa de Oaxaca,11,sin dato,SIN SEQUIA,SIN REDUCCION
Region A - Primeros Quince dias habiles de cada Diciembre,20388,20,388,Santa Ines del Monte,Oaxaca,Pacifico Sur,V,Costa de Oaxaca,11,sin dato,SIN SEQUIA,SIN REDUCCION
Region A - Primeros Quince dias habiles de cada Diciembre,20389,20,389,Santa Ines Yatzeche,Oaxaca,Pacifico Sur,V,Costa de Oaxaca,11,sin dato,SIN SEQUIA,SIN REDUCCION
Region A - Primeros Quince dias habiles de cada Diciembre,20390,20,390,Santa Lucia del Camino,Oaxaca,Pacifico Sur,V,Costa de Oaxaca,11,sin dato,SIN SEQUIA,SIN REDUCCION
Region A - Primeros Quince dias habiles de cada Diciembre,20391,20,391,Santa Lucia Miahuatlan,Oaxaca,Pacifico Sur,V,Costa de Oaxaca,11,sin dato,SIN SEQUIA,SIN REDUCCION
Region A - Primeros Quince dias habiles de cada Diciembre,20392,20,392,Santa Lucia Monteverde,Oaxaca,Pacifico Sur,V,Costa de Oaxaca,11,sin dato,SIN SEQUIA,SIN REDUCCION
Region A - Primeros Quince dias habiles de cada Diciembre,20393,20,393,Santa Lucia Ocotlan,Oaxaca,Pacifico Sur,V,Costa de Oaxaca,11,sin dato,SIN SEQUIA,SIN REDUCCION
Region A - Primeros Quince dias habiles de cada Diciembre,20394,20,394,Santa Maria Alotepec,Oaxaca,Golfo Centro,X,Rio Papaloapan,21,sin dato,SIN SEQUIA,SIN REDUCCION
Region A - Primeros Quince dias habiles de cada Diciembre,20395,20,395,Santa Maria Apazco,Oaxaca,Golfo Centro,X,Rio Papaloapan,21,sin dato,SIN SEQUIA,SIN REDUCCION
Region A - Primeros Quince dias habiles de cada Diciembre,20396,20,396,Santa Maria la Asuncion,Oaxaca,Golfo Centro,X,Rio Papaloapan,21,sin dato,SIN SEQUIA,SIN REDUCCION
Region A - Primeros Quince dias habiles de cada Diciembre,20397,20,397,Heroica Ciudad de Tlaxiaco,Oaxaca,Balsas,IV,Rio Balsas,9,sin dato,SIN SEQUIA,SIN REDUCCION
Region A - Primeros Quince dias habiles de cada Diciembre,20398,20,398,Ayoquezco de Aldama,Oaxaca,Pacifico Sur,V,Costa de Oaxaca,11,sin dato,SIN SEQUIA,SIN REDUCCION
Region A - Primeros Quince dias habiles de cada Diciembre,20399,20,399,Santa Maria Atzompa,Oaxaca,Pacifico Sur,V,Costa de Oaxaca,11,sin dato,SIN SEQUIA,SIN REDUCCION
Region A - Primeros Quince dias habiles de cada Diciembre,20400,20,400,Santa Maria Camotlan,Oaxaca,Balsas,IV,Rio Balsas,9,sin dato,SIN SEQUIA,SIN REDUCCION
Region A - Primeros Quince dias habiles de cada Diciembre,20401,20,401,Santa Maria Colotepec,Oaxaca,Pacifico Sur,V,Costa de Oaxaca,11,sin dato,SIN SEQUIA,SIN REDUCCION
Region A - Primeros Quince dias habiles de cada Diciembre,20402,20,402,Santa Maria Cortijo,Oaxaca,Pacifico Sur,V,Costa de Oaxaca,11,sin dato,SIN SEQUIA,SIN REDUCCION
Region A - Primeros Quince dias habiles de cada Diciembre,20403,20,403,Santa Maria Coyotepec,Oaxaca,Pacifico Sur,V,Costa de Oaxaca,11,sin dato,SIN SEQUIA,SIN REDUCCION
Region A - Primeros Quince dias habiles de cada Diciembre,20404,20,404,Santa Maria Chachoapam,Oaxaca,Pacifico Sur,V,Costa de Oaxaca,11,sin dato,SIN SEQUIA,SIN REDUCCION
Region A - Primeros Quince dias habiles de cada Diciembre,20405,20,405,Villa de Chilapa de Diaz,Oaxaca,Balsas,IV,Rio Balsas,9,sin dato,SIN SEQUIA,SIN REDUCCION
Region A - Primeros Quince dias habiles de cada Diciembre,20406,20,406,Santa Maria Chilchotla,Oaxaca,Golfo Centro,X,Rio Papaloapan,21,sin dato,SIN SEQUIA,SIN REDUCCION
Region A - Primeros Quince dias habiles de cada Diciembre,20407,20,407,Santa Maria Chimalapa,Oaxaca,Golfo Centro,X,Rio Coatzacoalcos,22,sin dato,SIN SEQUIA,SIN REDUCCION
Region A - Primeros Quince dias habiles de cada Diciembre,20408,20,408,Santa Maria del Rosario,Oaxaca,Balsas,IV,Rio Balsas,9,sin dato,SIN SEQUIA,SIN REDUCCION
Region A - Primeros Quince dias habiles de cada Diciembre,20409,20,409,Santa Maria del Tule,Oaxaca,Pacifico Sur,V,Costa de Oaxaca,11,sin dato,SIN SEQUIA,SIN REDUCCION
Region A - Primeros Quince dias habiles de cada Diciembre,20410,20,410,Santa Maria Ecatepec,Oaxaca,Pacifico Sur,V,Costa de Oaxaca,11,sin dato,SIN SEQUIA,SIN REDUCCION
Region A - Primeros Quince dias habiles de cada Diciembre,20411,20,411,Santa Maria Guelace,Oaxaca,Pacifico Sur,V,Costa de Oaxaca,11,D1,PRE-ALERTA,15%
Region A - Primeros Quince dias habiles de cada Diciembre,20412,20,412,Santa Maria Guienagati,Oaxaca,Pacifico Sur,V,Costa de Oaxaca,11,sin dato,SIN SEQUIA,SIN REDUCCION
Region A - Primeros Quince dias habiles de cada Diciembre,20413,20,413,Santa Maria Huatulco,Oaxaca,Pacifico Sur,V,Costa de Oaxaca,11,sin dato,SIN SEQUIA,SIN REDUCCION
Region A - Primeros Quince dias habiles de cada Diciembre,20414,20,414,Santa Maria Huazolotitlan,Oaxaca,Pacifico Sur,V,Costa de Oaxaca,11,sin dato,SIN SEQUIA,SIN REDUCCION
Region A - Primeros Quince dias habiles de cada Diciembre,20415,20,415,Santa Maria Ipalapa,Oaxaca,Pacifico Sur,V,Costa de Oaxaca,11,sin dato,SIN SEQUIA,SIN REDUCCION
Region A - Primeros Quince dias habiles de cada Diciembre,20416,20,416,Santa Maria Ixcatlan,Oaxaca,Golfo Centro,X,Rio Papaloapan,21,D0,PRE-ALERTA,10%
Region A - Primeros Quince dias habiles de cada Diciembre,20417,20,417,Santa Maria Jacatepec,Oaxaca,Golfo Centro,X,Rio Papaloapan,21,sin dato,SIN SEQUIA,SIN REDUCCION
Region A - Primeros Quince dias habiles de cada Diciembre,20418,20,418,Santa Maria Jalapa del Marques,Oaxaca,Pacifico Sur,V,Costa de Oaxaca,11,sin dato,SIN SEQUIA,SIN REDUCCION
Region A - Primeros Quince dias habiles de cada Diciembre,20419,20,419,Santa Maria Jaltianguis,Oaxaca,Golfo Centro,X,Rio Papaloapan,21,sin dato,SIN SEQUIA,SIN REDUCCION
Region A - Primeros Quince dias habiles de cada Diciembre,20420,20,420,Santa Maria Lachixio,Oaxaca,Pacifico Sur,V,Costa de Oaxaca,11,sin dato,SIN SEQUIA,SIN REDUCCION
Region A - Primeros Quince dias habiles de cada Diciembre,20421,20,421,Santa Maria Mixtequilla,Oaxaca,Pacifico Sur,V,Costa de Oaxaca,11,sin dato,SIN SEQUIA,SIN REDUCCION
Region A - Primeros Quince dias habiles de cada Diciembre,20422,20,422,Santa Maria Nativitas,Oaxaca,Golfo Centro,X,Rio Papaloapan,21,D0,PRE-ALERTA,10%
Region A - Primeros Quince dias habiles de cada Diciembre,20423,20,423,Santa Maria Nduayaco,Oaxaca,Balsas,IV,Costa de Oaxaca,11,sin dato,SIN SEQUIA,SIN REDUCCION
Region A - Primeros Quince dias habiles de cada Diciembre,20424,20,424,Santa Maria Ozolotepec,Oaxaca,Pacifico Sur,V,Costa de Oaxaca,11,sin dato,SIN SEQUIA,SIN REDUCCION
Region A - Primeros Quince dias habiles de cada Diciembre,20425,20,425,Santa Maria Papalo,Oaxaca,Golfo Centro,X,Rio Papaloapan,21,sin dato,SIN SEQUIA,SIN REDUCCION
Region A - Primeros Quince dias habiles de cada Diciembre,20426,20,426,Santa Maria Penoles,Oaxaca,Pacifico Sur,V,Costa de Oaxaca,11,sin dato,SIN SEQUIA,SIN REDUCCION
Region A - Primeros Quince dias habiles de cada Diciembre,20427,20,427,Santa Maria Petapa,Oaxaca,Golfo Centro,X,Rio Coatzacoalcos,22,sin dato,SIN SEQUIA,SIN REDUCCION
Region A - Primeros Quince dias habiles de cada Diciembre,20428,20,428,Santa Maria Quiegolani,Oaxaca,Pacifico Sur,V,Costa de Oaxaca,11,sin dato,SIN SEQUIA,SIN REDUCCION
Region A - Primeros Quince dias habiles de cada Diciembre,20429,20,429,Santa Maria Sola,Oaxaca,Pacifico Sur,V,Costa de Oaxaca,11,sin dato,SIN SEQUIA,SIN REDUCCION
Region A - Primeros Quince dias habiles de cada Diciembre,20430,20,430,Santa Maria Tataltepec,Oaxaca,Pacifico Sur,V,Costa de Oaxaca,11,sin dato,SIN SEQUIA,SIN REDUCCION
Region A - Primeros Quince dias habiles de cada Diciembre,20431,20,431,Santa Maria Tecomavaca,Oaxaca,Golfo Centro,X,Rio Papaloapan,21,D1,PRE-ALERTA,15%
Region A - Primeros Quince dias habiles de cada Diciembre,20432,20,432,Santa Maria Temaxcalapa,Oaxaca,Golfo Centro,X,Rio Papaloapan,21,sin dato,SIN SEQUIA,SIN REDUCCION
Region A - Primeros Quince dias habiles de cada Diciembre,20433,20,433,Santa Maria Temaxcaltepec,Oaxaca,Pacifico Sur,V,Costa de Oaxaca,11,sin dato,SIN SEQUIA,SIN REDUCCION
Region A - Primeros Quince dias habiles de cada Diciembre,20434,20,434,Santa Maria Teopoxco,Oaxaca,Golfo Centro,X,Rio Papaloapan,21,sin dato,SIN SEQUIA,SIN REDUCCION
Region A - Primeros Quince dias habiles de cada Diciembre,20435,20,435,Santa Maria Tepantlali,Oaxaca,Golfo Centro,X,Costa de Oaxaca,11,sin dato,SIN SEQUIA,SIN REDUCCION
Region A - Primeros Quince dias habiles de cada Diciembre,20436,20,436,Santa Maria Texcatitlan,Oaxaca,Golfo Centro,X,Rio Papaloapan,21,sin dato,SIN SEQUIA,SIN REDUCCION
Region A - Primeros Quince dias habiles de cada Diciembre,20437,20,437,Santa Maria Tlahuitoltepec,Oaxaca,Golfo Centro,X,Rio Papaloapan,21,sin dato,SIN SEQUIA,SIN REDUCCION
Region A - Primeros Quince dias habiles de cada Diciembre,20438,20,438,Santa Maria Tlalixtac,Oaxaca,Golfo Centro,X,Rio Papaloapan,21,sin dato,SIN SEQUIA,SIN REDUCCION
Region A - Primeros Quince dias habiles de cada Diciembre,20439,20,439,Santa Maria Tonameca,Oaxaca,Pacifico Sur,V,Costa de Oaxaca,11,sin dato,SIN SEQUIA,SIN REDUCCION
Region A - Primeros Quince dias habiles de cada Diciembre,20440,20,440,Santa Maria Totolapilla,Oaxaca,Pacifico Sur,V,Costa de Oaxaca,11,sin dato,SIN SEQUIA,SIN REDUCCION
Region A - Primeros Quince dias habiles de cada Diciembre,20441,20,441,Santa Maria Xadani,Oaxaca,Pacifico Sur,V,Costa de Oaxaca,11,sin dato,SIN SEQUIA,SIN REDUCCION
Region A - Primeros Quince dias habiles de cada Diciembre,20442,20,442,Santa Maria Yalina,Oaxaca,Golfo Centro,X,Rio Papaloapan,21,sin dato,SIN SEQUIA,SIN REDUCCION
Region A - Primeros Quince dias habiles de cada Diciembre,20443,20,443,Santa Maria Yavesia,Oaxaca,Golfo Centro,X,Rio Papaloapan,21,sin dato,SIN SEQUIA,SIN REDUCCION
Region A - Primeros Quince dias habiles de cada Diciembre,20444,20,444,Santa Maria Yolotepec,Oaxaca,Pacifico Sur,V,Costa de Oaxaca,11,sin dato,SIN SEQUIA,SIN REDUCCION
Region A - Primeros Quince dias habiles de cada Diciembre,20445,20,445,Santa Maria Yosoyua,Oaxaca,Pacifico Sur,V,Costa de Oaxaca,11,sin dato,SIN SEQUIA,SIN REDUCCION
Region A - Primeros Quince dias habiles de cada Diciembre,20446,20,446,Santa Maria Yucuhiti,Oaxaca,Pacifico Sur,V,Costa de Oaxaca,11,sin dato,SIN SEQUIA,SIN REDUCCION
Region A - Primeros Quince dias habiles de cada Diciembre,20447,20,447,Santa Maria Zacatepec,Oaxaca,Pacifico Sur,V,Costa de Oaxaca,11,sin dato,SIN SEQUIA,SIN REDUCCION
Region A - Primeros Quince dias habiles de cada Diciembre,20448,20,448,Santa Maria Zaniza,Oaxaca,Pacifico Sur,V,Costa de Oaxaca,11,sin dato,SIN SEQUIA,SIN REDUCCION
Region A - Primeros Quince dias habiles de cada Diciembre,20449,20,449,Santa Maria Zoquitlan,Oaxaca,Pacifico Sur,V,Costa de Oaxaca,11,sin dato,SIN SEQUIA,SIN REDUCCION
Region A - Primeros Quince dias habiles de cada Diciembre,20450,20,450,Santiago Amoltepec,Oaxaca,Pacifico Sur,V,Costa de Oaxaca,11,sin dato,SIN SEQUIA,SIN REDUCCION
Region A - Primeros Quince dias habiles de cada Diciembre,20451,20,451,Santiago Apoala,Oaxaca,Golfo Centro,X,Rio Papaloapan,21,sin dato,SIN SEQUIA,SIN REDUCCION
Region A - Primeros Quince dias habiles de cada Diciembre,20452,20,452,Santiago Apostol,Oaxaca,Pacifico Sur,V,Costa de Oaxaca,11,sin dato,SIN SEQUIA,SIN REDUCCION
Region A - Primeros Quince dias habiles de cada Diciembre,20453,20,453,Santiago Astata,Oaxaca,Pacifico Sur,V,Costa de Oaxaca,11,sin dato,SIN SEQUIA,SIN REDUCCION
Region A - Primeros Quince dias habiles de cada Diciembre,20454,20,454,Santiago Atitlan,Oaxaca,Golfo Centro,X,Rio Papaloapan,21,sin dato,SIN SEQUIA,SIN REDUCCION
Region A - Primeros Quince dias habiles de cada Diciembre,20455,20,455,Santiago Ayuquililla,Oaxaca,Balsas,IV,Rio Balsas,9,sin dato,SIN SEQUIA,SIN REDUCCION
Region A - Primeros Quince dias habiles de cada Diciembre,20456,20,456,Santiago Cacaloxtepec,Oaxaca,Balsas,IV,Rio Balsas,9,sin dato,SIN SEQUIA,SIN REDUCCION
Region A - Primeros Quince dias habiles de cada Diciembre,20457,20,457,Santiago Camotlan,Oaxaca,Golfo Centro,X,Rio Papaloapan,21,sin dato,SIN SEQUIA,SIN REDUCCION
Region A - Primeros Quince dias habiles de cada Diciembre,20458,20,458,Santiago Comaltepec,Oaxaca,Golfo Centro,X,Rio Papaloapan,21,sin dato,SIN SEQUIA,SIN REDUCCION
Region A - Primeros Quince dias habiles de cada Diciembre,20459,20,459,Santiago Chazumba,Oaxaca,Balsas,IV,Rio Balsas,9,D0,PRE-ALERTA,10%
Region A - Primeros Quince dias habiles de cada Diciembre,20460,20,460,Santiago Choapam,Oaxaca,Golfo Centro,X,Rio Papaloapan,21,sin dato,SIN SEQUIA,SIN REDUCCION
Region A - Primeros Quince dias habiles de cada Diciembre,20461,20,461,Santiago del Rio,Oaxaca,Balsas,IV,Rio Balsas,9,sin dato,SIN SEQUIA,SIN REDUCCION
Region A - Primeros Quince dias habiles de cada Diciembre,20462,20,462,Santiago Huajolotitlan,Oaxaca,Balsas,IV,Rio Balsas,9,sin dato,SIN SEQUIA,SIN REDUCCION
Region A - Primeros Quince dias habiles de cada Diciembre,20463,20,463,Santiago Huauclilla,Oaxaca,Golfo Centro,X,Rio Papaloapan,21,sin dato,SIN SEQUIA,SIN REDUCCION
Region A - Primeros Quince dias habiles de cada Diciembre,20464,20,464,Santiago Ihuitlan Plumas,Oaxaca,Golfo Centro,X,Rio Papaloapan,21,sin dato,SIN SEQUIA,SIN REDUCCION
Region A - Primeros Quince dias habiles de cada Diciembre,20465,20,465,Santiago Ixcuintepec,Oaxaca,Golfo Centro,X,Rio Coatzacoalcos,22,sin dato,SIN SEQUIA,SIN REDUCCION
Region A - Primeros Quince dias habiles de cada Diciembre,20466,20,466,Santiago Ixtayutla,Oaxaca,Pacifico Sur,V,Costa de Oaxaca,11,sin dato,SIN SEQUIA,SIN REDUCCION
Region A - Primeros Quince dias habiles de cada Diciembre,20467,20,467,Santiago Jamiltepec,Oaxaca,Pacifico Sur,V,Costa de Oaxaca,11,sin dato,SIN SEQUIA,SIN REDUCCION
Region A - Primeros Quince dias habiles de cada Diciembre,20468,20,468,Santiago Jocotepec,Oaxaca,Golfo Centro,X,Rio Papaloapan,21,sin dato,SIN SEQUIA,SIN REDUCCION
Region A - Primeros Quince dias habiles de cada Diciembre,20469,20,469,Santiago Juxtlahuaca,Oaxaca,Pacifico Sur,V,Costa de Oaxaca,11,sin dato,SIN SEQUIA,SIN REDUCCION
Region A - Primeros Quince dias habiles de cada Diciembre,20470,20,470,Santiago Lachiguiri,Oaxaca,Pacifico Sur,V,Costa de Oaxaca,11,sin dato,SIN SEQUIA,SIN REDUCCION
Region A - Primeros Quince dias habiles de cada Diciembre,20471,20,471,Santiago Lalopa,Oaxaca,Golfo Centro,X,Rio Papaloapan,21,sin dato,SIN SEQUIA,SIN REDUCCION
Region A - Primeros Quince dias habiles de cada Diciembre,20472,20,472,Santiago Laollaga,Oaxaca,Pacifico Sur,V,Costa de Oaxaca,11,sin dato,SIN SEQUIA,SIN REDUCCION
Region A - Primeros Quince dias habiles de cada Diciembre,20473,20,473,Santiago Laxopa,Oaxaca,Golfo Centro,X,Rio Papaloapan,21,sin dato,SIN SEQUIA,SIN REDUCCION
Region A - Primeros Quince dias habiles de cada Diciembre,20474,20,474,Santiago Llano Grande,Oaxaca,Pacifico Sur,V,Costa de Oaxaca,11,D0,PRE-ALERTA,10%
Region A - Primeros Quince dias habiles de cada Diciembre,20475,20,475,Santiago Matatlan,Oaxaca,Pacifico Sur,V,Costa de Oaxaca,11,sin dato,SIN SEQUIA,SIN REDUCCION
Region A - Primeros Quince dias habiles de cada Diciembre,20476,20,476,Santiago Miltepec,Oaxaca,Balsas,IV,Rio Balsas,9,D0,PRE-ALERTA,10%
Region A - Primeros Quince dias habiles de cada Diciembre,20477,20,477,Santiago Minas,Oaxaca,Pacifico Sur,V,Costa de Oaxaca,11,sin dato,SIN SEQUIA,SIN REDUCCION
Region A - Primeros Quince dias habiles de cada Diciembre,20478,20,478,Santiago Nacaltepec,Oaxaca,Golfo Centro,X,Rio Papaloapan,21,sin dato,SIN SEQUIA,SIN REDUCCION
Region A - Primeros Quince dias habiles de cada Diciembre,20479,20,479,Santiago Nejapilla,Oaxaca,Pacifico Sur,V,Rio Balsas,9,sin dato,SIN SEQUIA,SIN REDUCCION
Region A - Primeros Quince dias habiles de cada Diciembre,20480,20,480,Santiago Nundiche,Oaxaca,Balsas,IV,Rio Balsas,9,sin dato,SIN SEQUIA,SIN REDUCCION
Region A - Primeros Quince dias habiles de cada Diciembre,20481,20,481,Santiago Nuyoo,Oaxaca,Pacifico Sur,V,Costa de Oaxaca,11,sin dato,SIN SEQUIA,SIN REDUCCION
Region A - Primeros Quince dias habiles de cada Diciembre,20482,20,482,Santiago Pinotepa Nacional,Oaxaca,Pacifico Sur,V,Costa de Oaxaca,11,sin dato,SIN SEQUIA,SIN REDUCCION
Region A - Primeros Quince dias habiles de cada Diciembre,20483,20,483,Santiago Suchilquitongo,Oaxaca,Pacifico Sur,V,Costa de Oaxaca,11,sin dato,SIN SEQUIA,SIN REDUCCION
Region A - Primeros Quince dias habiles de cada Diciembre,20484,20,484,Santiago Tamazola,Oaxaca,Balsas,IV,Rio Balsas,9,sin dato,SIN SEQUIA,SIN REDUCCION
Region A - Primeros Quince dias habiles de cada Diciembre,20485,20,485,Santiago Tapextla,Oaxaca,Pacifico Sur,V,Costa de Oaxaca,11,sin dato,SIN SEQUIA,SIN REDUCCION
Region A - Primeros Quince dias habiles de cada Diciembre,20486,20,486,Villa Tejupam de la Union,Oaxaca,Balsas,IV,Rio Balsas,9,sin dato,SIN SEQUIA,SIN REDUCCION
Region A - Primeros Quince dias habiles de cada Diciembre,20487,20,487,Santiago Tenango,Oaxaca,Pacifico Sur,V,Rio Papaloapan,21,sin dato,SIN SEQUIA,SIN REDUCCION
Region A - Primeros Quince dias habiles de cada Diciembre,20488,20,488,Santiago Tepetlapa,Oaxaca,Golfo Centro,X,Rio Papaloapan,21,D0,PRE-ALERTA,10%
Region A - Primeros Quince dias habiles de cada Diciembre,20489,20,489,Santiago Tetepec,Oaxaca,Pacifico Sur,V,Costa de Oaxaca,11,sin dato,SIN SEQUIA,SIN REDUCCION
Region A - Primeros Quince dias habiles de cada Diciembre,20490,20,490,Santiago Texcalcingo,Oaxaca,Golfo Centro,X,Rio Papaloapan,21,sin dato,SIN SEQUIA,SIN REDUCCION
Region A - Primeros Quince dias habiles de cada Diciembre,20491,20,491,Santiago Textitlan,Oaxaca,Pacifico Sur,V,Costa de Oaxaca,11,sin dato,SIN SEQUIA,SIN REDUCCION
Region A - Primeros Quince dias habiles de cada Diciembre,20492,20,492,Santiago Tilantongo,Oaxaca,Pacifico Sur,V,Costa de Oaxaca,11,sin dato,SIN SEQUIA,SIN REDUCCION
Region A - Primeros Quince dias habiles de cada Diciembre,20493,20,493,Santiago Tillo,Oaxaca,Pacifico Sur,V,Costa de Oaxaca,11,sin dato,SIN SEQUIA,SIN REDUCCION
Region A - Primeros Quince dias habiles de cada Diciembre,20494,20,494,Santiago Tlazoyaltepec,Oaxaca,Pacifico Sur,V,Costa de Oaxaca,11,sin dato,SIN SEQUIA,SIN REDUCCION
Region A - Primeros Quince dias habiles de cada Diciembre,20495,20,495,Santiago Xanica,Oaxaca,Pacifico Sur,V,Costa de Oaxaca,11,sin dato,SIN SEQUIA,SIN REDUCCION
Region A - Primeros Quince dias habiles de cada Diciembre,20496,20,496,Santiago Xiacui,Oaxaca,Golfo Centro,X,Rio Papaloapan,21,sin dato,SIN SEQUIA,SIN REDUCCION
Region A - Primeros Quince dias habiles de cada Diciembre,20497,20,497,Santiago Yaitepec,Oaxaca,Pacifico Sur,V,Costa de Oaxaca,11,sin dato,SIN SEQUIA,SIN REDUCCION
Region A - Primeros Quince dias habiles de cada Diciembre,20498,20,498,Santiago Yaveo,Oaxaca,Golfo Centro,X,Rio Papaloapan,21,sin dato,SIN SEQUIA,SIN REDUCCION
Region A - Primeros Quince dias habiles de cada Diciembre,20499,20,499,Santiago Yolomecatl,Oaxaca,Balsas,IV,Rio Balsas,9,sin dato,SIN SEQUIA,SIN REDUCCION
Region A - Primeros Quince dias habiles de cada Diciembre,20500,20,500,Santiago Yosondua,Oaxaca,Pacifico Sur,V,Costa de Oaxaca,11,sin dato,SIN SEQUIA,SIN REDUCCION
Region A - Primeros Quince dias habiles de cada Diciembre,20501,20,501,Santiago Yucuyachi,Oaxaca,Balsas,IV,Rio Balsas,9,sin dato,SIN SEQUIA,SIN REDUCCION
Region A - Primeros Quince dias habiles de cada Diciembre,20502,20,502,Santiago Zacatepec,Oaxaca,Golfo Centro,X,Rio Papaloapan,21,sin dato,SIN SEQUIA,SIN REDUCCION
Region A - Primeros Quince dias habiles de cada Diciembre,20503,20,503,Santiago Zoochila,Oaxaca,Golfo Centro,X,Rio Papaloapan,21,sin dato,SIN SEQUIA,SIN REDUCCION
Region A - Primeros Quince dias habiles de cada Diciembre,20504,20,504,Nuevo Zoquiapam,Oaxaca,Golfo Centro,X,Rio Papaloapan,21,sin dato,SIN SEQUIA,SIN REDUCCION
Region A - Primeros Quince dias habiles de cada Diciembre,20505,20,505,Santo Domingo Ingenio,Oaxaca,Pacifico Sur,V,Costa de Oaxaca,11,sin dato,SIN SEQUIA,SIN REDUCCION
Region A - Primeros Quince dias habiles de cada Diciembre,20506,20,506,Santo Domingo Albarradas,Oaxaca,Pacifico Sur,V,Rio Papaloapan,21,sin dato,SIN SEQUIA,SIN REDUCCION
Region A - Primeros Quince dias habiles de cada Diciembre,20507,20,507,Santo Domingo Armenta,Oaxaca,Pacifico Sur,V,Costa de Oaxaca,11,sin dato,SIN SEQUIA,SIN REDUCCION
Region A - Primeros Quince dias habiles de cada Diciembre,20508,20,508,Santo Domingo Chihuitan,Oaxaca,Pacifico Sur,V,Costa de Oaxaca,11,sin dato,SIN SEQUIA,SIN REDUCCION
Region A - Primeros Quince dias habiles de cada Diciembre,20509,20,509,Santo Domingo de Morelos,Oaxaca,Pacifico Sur,V,Costa de Oaxaca,11,D0,PRE-ALERTA,10%
Region A - Primeros Quince dias habiles de cada Diciembre,20510,20,510,Santo Domingo Ixcatlan,Oaxaca,Pacifico Sur,V,Costa de Oaxaca,11,sin dato,SIN SEQUIA,SIN REDUCCION
Region A - Primeros Quince dias habiles de cada Diciembre,20511,20,511,Santo Domingo Nuxaa,Oaxaca,Pacifico Sur,V,Costa de Oaxaca,11,sin dato,SIN SEQUIA,SIN REDUCCION
Region A - Primeros Quince dias habiles de cada Diciembre,20512,20,512,Santo Domingo Ozolotepec,Oaxaca,Pacifico Sur,V,Costa de Oaxaca,11,D0,PRE-ALERTA,10%
Region A - Primeros Quince dias habiles de cada Diciembre,20513,20,513,Santo Domingo Petapa,Oaxaca,Golfo Centro,X,Rio Coatzacoalcos,22,sin dato,SIN SEQUIA,SIN REDUCCION
Region A - Primeros Quince dias habiles de cada Diciembre,20514,20,514,Santo Domingo Roayaga,Oaxaca,Golfo Centro,X,Rio Papaloapan,21,sin dato,SIN SEQUIA,SIN REDUCCION
Region A - Primeros Quince dias habiles de cada Diciembre,20515,20,515,Santo Domingo Tehuantepec,Oaxaca,Pacifico Sur,V,Costa de Oaxaca,11,sin dato,SIN SEQUIA,SIN REDUCCION
Region A - Primeros Quince dias habiles de cada Diciembre,20516,20,516,Santo Domingo Teojomulco,Oaxaca,Pacifico Sur,V,Costa de Oaxaca,11,sin dato,SIN SEQUIA,SIN REDUCCION
Region A - Primeros Quince dias habiles de cada Diciembre,20517,20,517,Santo Domingo Tepuxtepec,Oaxaca,Golfo Centro,X,Costa de Oaxaca,11,D1,PRE-ALERTA,15%
Region A - Primeros Quince dias habiles de cada Diciembre,20518,20,518,Santo Domingo Tlatayapam,Oaxaca,Pacifico Sur,V,Costa de Oaxaca,11,sin dato,SIN SEQUIA,SIN REDUCCION
Region A - Primeros Quince dias habiles de cada Diciembre,20519,20,519,Santo Domingo Tomaltepec,Oaxaca,Pacifico Sur,V,Costa de Oaxaca,11,sin dato,SIN SEQUIA,SIN REDUCCION
Region A - Primeros Quince dias habiles de cada Diciembre,20520,20,520,Santo Domingo Tonala,Oaxaca,Balsas,IV,Rio Balsas,9,sin dato,SIN SEQUIA,SIN REDUCCION
Region A - Primeros Quince dias habiles de cada Diciembre,20521,20,521,Santo Domingo Tonaltepec,Oaxaca,Balsas,IV,Costa de Oaxaca,11,sin dato,SIN SEQUIA,SIN REDUCCION
Region A - Primeros Quince dias habiles de cada Diciembre,20522,20,522,Santo Domingo Xagacia,Oaxaca,Golfo Centro,X,Rio Papaloapan,21,sin dato,SIN SEQUIA,SIN REDUCCION
Region A - Primeros Quince dias habiles de cada Diciembre,20523,20,523,Santo Domingo Yanhuitlan,Oaxaca,Pacifico Sur,V,Costa de Oaxaca,11,sin dato,SIN SEQUIA,SIN REDUCCION
Region A - Primeros Quince dias habiles de cada Diciembre,20524,20,524,Santo Domingo Yodohino,Oaxaca,Balsas,IV,Rio Balsas,9,sin dato,SIN SEQUIA,SIN REDUCCION
Region A - Primeros Quince dias habiles de cada Diciembre,20525,20,525,Santo Domingo Zanatepec,Oaxaca,Pacifico Sur,V,Costa de Oaxaca,11,sin dato,SIN SEQUIA,SIN REDUCCION
Region A - Primeros Quince dias habiles de cada Diciembre,20526,20,526,Santos Reyes Nopala,Oaxaca,Pacifico Sur,V,Costa de Oaxaca,11,sin dato,SIN SEQUIA,SIN REDUCCION
Region A - Primeros Quince dias habiles de cada Diciembre,20527,20,527,Santos Reyes Papalo,Oaxaca,Golfo Centro,X,Rio Papaloapan,21,sin dato,SIN SEQUIA,SIN REDUCCION
Region A - Primeros Quince dias habiles de cada Diciembre,20528,20,528,Santos Reyes Tepejillo,Oaxaca,Balsas,IV,Rio Balsas,9,sin dato,SIN SEQUIA,SIN REDUCCION
Region A - Primeros Quince dias habiles de cada Diciembre,20529,20,529,Santos Reyes Yucuna,Oaxaca,Balsas,IV,Rio Balsas,9,sin dato,SIN SEQUIA,SIN REDUCCION
Region A - Primeros Quince dias habiles de cada Diciembre,20530,20,530,Santo Tomas Jalieza,Oaxaca,Pacifico Sur,V,Costa de Oaxaca,11,sin dato,SIN SEQUIA,SIN REDUCCION
Region A - Primeros Quince dias habiles de cada Diciembre,20531,20,531,Santo Tomas Mazaltepec,Oaxaca,Pacifico Sur,V,Costa de Oaxaca,11,sin dato,SIN SEQUIA,SIN REDUCCION
Region A - Primeros Quince dias habiles de cada Diciembre,20532,20,532,Santo Tomas Ocotepec,Oaxaca,Balsas,IV,Rio Balsas,9,sin dato,SIN SEQUIA,SIN REDUCCION
Region A - Primeros Quince dias habiles de cada Diciembre,20533,20,533,Santo Tomas Tamazulapan,Oaxaca,Pacifico Sur,V,Costa de Oaxaca,11,D0,PRE-ALERTA,10%
Region A - Primeros Quince dias habiles de cada Diciembre,20534,20,534,San Vicente Coatlan,Oaxaca,Pacifico Sur,V,Costa de Oaxaca,11,sin dato,SIN SEQUIA,SIN REDUCCION
Region A - Primeros Quince dias habiles de cada Diciembre,20535,20,535,San Vicente Lachixio,Oaxaca,Pacifico Sur,V,Costa de Oaxaca,11,sin dato,SIN SEQUIA,SIN REDUCCION
Region A - Primeros Quince dias habiles de cada Diciembre,20536,20,536,San Vicente Nunu,Oaxaca,Balsas,IV,Rio Balsas,9,sin dato,SIN SEQUIA,SIN REDUCCION
Region A - Primeros Quince dias habiles de cada Diciembre,20537,20,537,Silacayoapam,Oaxaca,Balsas,IV,Rio Balsas,9,sin dato,SIN SEQUIA,SIN REDUCCION
Region A - Primeros Quince dias habiles de cada Diciembre,20538,20,538,Sitio de Xitlapehua,Oaxaca,Pacifico Sur,V,Costa de Oaxaca,11,sin dato,SIN SEQUIA,SIN REDUCCION
Region A - Primeros Quince dias habiles de cada Diciembre,20539,20,539,Soledad Etla,Oaxaca,Pacifico Sur,V,Costa de Oaxaca,11,sin dato,SIN SEQUIA,SIN REDUCCION
Region A - Primeros Quince dias habiles de cada Diciembre,20540,20,540,Villa de Tamazulapam del Progreso,Oaxaca,Balsas,IV,Rio Balsas,9,sin dato,SIN SEQUIA,SIN REDUCCION
Region A - Primeros Quince dias habiles de cada Diciembre,20541,20,541,Tanetze de Zaragoza,Oaxaca,Golfo Centro,X,Rio Papaloapan,21,sin dato,SIN SEQUIA,SIN REDUCCION
Region A - Primeros Quince dias habiles de cada Diciembre,20542,20,542,Taniche,Oaxaca,Pacifico Sur,V,Costa de Oaxaca,11,sin dato,SIN SEQUIA,SIN REDUCCION
Region A - Primeros Quince dias habiles de cada Diciembre,20543,20,543,Tataltepec de Valdes,Oaxaca,Pacifico Sur,V,Costa de Oaxaca,11,sin dato,SIN SEQUIA,SIN REDUCCION
Region A - Primeros Quince dias habiles de cada Diciembre,20544,20,544,Teococuilco de Marcos Perez,Oaxaca,Golfo Centro,X,Rio Papaloapan,21,sin dato,SIN SEQUIA,SIN REDUCCION
Region A - Primeros Quince dias habiles de cada Diciembre,20545,20,545,Teotitlan de Flores Magon,Oaxaca,Golfo Centro,X,Rio Papaloapan,21,sin dato,SIN SEQUIA,SIN REDUCCION
Region A - Primeros Quince dias habiles de cada Diciembre,20546,20,546,Teotitlan del Valle,Oaxaca,Pacifico Sur,V,Costa de Oaxaca,11,sin dato,SIN SEQUIA,SIN REDUCCION
Region A - Primeros Quince dias habiles de cada Diciembre,20547,20,547,Teotongo,Oaxaca,Balsas,IV,Rio Balsas,9,sin dato,SIN SEQUIA,SIN REDUCCION
Region A - Primeros Quince dias habiles de cada Diciembre,20548,20,548,Tepelmeme Villa de Morelos,Oaxaca,Golfo Centro,X,Rio Papaloapan,21,sin dato,SIN SEQUIA,SIN REDUCCION
Region A - Primeros Quince dias habiles de cada Diciembre,20549,20,549,Tezoatlan de Segura y Luna,Oaxaca,Balsas,IV,Rio Balsas,9,sin dato,SIN SEQUIA,SIN REDUCCION
Region A - Primeros Quince dias habiles de cada Diciembre,20550,20,550,San Jeronimo Tlacochahuaya,Oaxaca,Pacifico Sur,V,Costa de Oaxaca,11,sin dato,SIN SEQUIA,SIN REDUCCION
Region A - Primeros Quince dias habiles de cada Diciembre,20551,20,551,Tlacolula de Matamoros,Oaxaca,Pacifico Sur,V,Costa de Oaxaca,11,sin dato,SIN SEQUIA,SIN REDUCCION
Region A - Primeros Quince dias habiles de cada Diciembre,20552,20,552,Tlacotepec Plumas,Oaxaca,Golfo Centro,X,Rio Papaloapan,21,sin dato,SIN SEQUIA,SIN REDUCCION
Region A - Primeros Quince dias habiles de cada Diciembre,20553,20,553,Tlalixtac de Cabrera,Oaxaca,Pacifico Sur,V,Costa de Oaxaca,11,sin dato,SIN SEQUIA,SIN REDUCCION
Region A - Primeros Quince dias habiles de cada Diciembre,20554,20,554,Totontepec Villa de Morelos,Oaxaca,Golfo Centro,X,Rio Papaloapan,21,sin dato,SIN SEQUIA,SIN REDUCCION
Region A - Primeros Quince dias habiles de cada Diciembre,20555,20,555,Trinidad Zaachila,Oaxaca,Pacifico Sur,V,Costa de Oaxaca,11,sin dato,SIN SEQUIA,SIN REDUCCION
Region A - Primeros Quince dias habiles de cada Diciembre,20556,20,556,La Trinidad Vista Hermosa,Oaxaca,Balsas,IV,Rio Balsas,9,sin dato,SIN SEQUIA,SIN REDUCCION
Region A - Primeros Quince dias habiles de cada Diciembre,20557,20,557,Union Hidalgo,Oaxaca,Pacifico Sur,V,Costa de Oaxaca,11,sin dato,SIN SEQUIA,SIN REDUCCION
Region A - Primeros Quince dias habiles de cada Diciembre,20558,20,558,Valerio Trujano,Oaxaca,Golfo Centro,X,Rio Papaloapan,21,sin dato,SIN SEQUIA,SIN REDUCCION
Region A - Primeros Quince dias habiles de cada Diciembre,20559,20,559,San Juan Bautista Valle Nacional,Oaxaca,Golfo Centro,X,Rio Papaloapan,21,sin dato,SIN SEQUIA,SIN REDUCCION
Region A - Primeros Quince dias habiles de cada Diciembre,20560,20,560,Villa Diaz Ordaz,Oaxaca,Pacifico Sur,V,Rio Papaloapan,21,sin dato,SIN SEQUIA,SIN REDUCCION
Region A - Primeros Quince dias habiles de cada Diciembre,20561,20,561,Yaxe,Oaxaca,Pacifico Sur,V,Costa de Oaxaca,11,sin dato,SIN SEQUIA,SIN REDUCCION
Region A - Primeros Quince dias habiles de cada Diciembre,20562,20,562,Magdalena Yodocono de Porfirio Diaz,Oaxaca,Pacifico Sur,V,Costa de Oaxaca,11,sin dato,SIN SEQUIA,SIN REDUCCION
Region A - Primeros Quince dias habiles de cada Diciembre,20563,20,563,Yogana,Oaxaca,Pacifico Sur,V,Costa de Oaxaca,11,sin dato,SIN SEQUIA,SIN REDUCCION
Region A - Primeros Quince dias habiles de cada Diciembre,20564,20,564,Yutanduchi de Guerrero,Oaxaca,Pacifico Sur,V,Costa de Oaxaca,11,sin dato,SIN SEQUIA,SIN REDUCCION
Region A - Primeros Quince dias habiles de cada Diciembre,20565,20,565,Villa de Zaachila,Oaxaca,Pacifico Sur,V,Costa de Oaxaca,11,sin dato,SIN SEQUIA,SIN REDUCCION
Region A - Primeros Quince dias habiles de cada Diciembre,20566,20,566,Zapotitlan del Rio,Oaxaca,Pacifico Sur,V,Costa de Oaxaca,11,sin dato,SIN SEQUIA,SIN REDUCCION
Region A - Primeros Quince dias habiles de cada Diciembre,20567,20,567,Zapotitlan Lagunas,Oaxaca,Balsas,IV,Rio Balsas,9,sin dato,SIN SEQUIA,SIN REDUCCION
Region A - Primeros Quince dias habiles de cada Diciembre,20568,20,568,Zapotitlan Palmas,Oaxaca,Balsas,IV,Rio Balsas,9,sin dato,SIN SEQUIA,SIN REDUCCION
Region A - Primeros Quince dias habiles de cada Diciembre,20569,20,569,Santa Ines de Zaragoza,Oaxaca,Pacifico Sur,V,Costa de Oaxaca,11,sin dato,SIN SEQUIA,SIN REDUCCION
Region A - Primeros Quince dias habiles de cada Diciembre,20570,20,570,Zimatlan de alvarez,Oaxaca,Pacifico Sur,V,Costa de Oaxaca,11,sin dato,SIN SEQUIA,SIN REDUCCION
Region A - Primeros Quince dias habiles de cada Diciembre,21001,21,1,Acajete,Puebla,Balsas,IV,Rio Balsas,9,D0,PRE-ALERTA,10%
Region A - Primeros Quince dias habiles de cada Diciembre,21002,21,2,Acateno,Puebla,Golfo Centro,X,Rios Tuxpan al Jamapa,20,D0,PRE-ALERTA,10%
Region A - Primeros Quince dias habiles de cada Diciembre,21003,21,3,Acatlan,Puebla,Balsas,IV,Rio Balsas,9,sin dato,SIN SEQUIA,SIN REDUCCION
Region A - Primeros Quince dias habiles de cada Diciembre,21004,21,4,Acatzingo,Puebla,Balsas,IV,Rio Balsas,9,sin dato,SIN SEQUIA,SIN REDUCCION
Region A - Primeros Quince dias habiles de cada Diciembre,21005,21,5,Acteopan,Puebla,Balsas,IV,Rio Balsas,9,sin dato,SIN SEQUIA,SIN REDUCCION
Region A - Primeros Quince dias habiles de cada Diciembre,21006,21,6,Ahuacatlan,Puebla,Golfo Centro,X,Rios Tuxpan al Jamapa,20,sin dato,SIN SEQUIA,SIN REDUCCION
Region A - Primeros Quince dias habiles de cada Diciembre,21007,21,7,Ahuatlan,Puebla,Balsas,IV,Rio Balsas,9,D0,PRE-ALERTA,10%
Region A - Primeros Quince dias habiles de cada Diciembre,21008,21,8,Ahuazotepec,Puebla,Golfo Centro,X,Rios Tuxpan al Jamapa,20,sin dato,SIN SEQUIA,SIN REDUCCION
Region A - Primeros Quince dias habiles de cada Diciembre,21009,21,9,Ahuehuetitla,Puebla,Balsas,IV,Rio Balsas,9,sin dato,SIN SEQUIA,SIN REDUCCION
Region A - Primeros Quince dias habiles de cada Diciembre,21010,21,10,Ajalpan,Puebla,Golfo Centro,X,Rio Papaloapan,21,sin dato,SIN SEQUIA,SIN REDUCCION
Region A - Primeros Quince dias habiles de cada Diciembre,21011,21,11,Albino Zertuche,Puebla,Balsas,IV,Rio Balsas,9,sin dato,SIN SEQUIA,SIN REDUCCION
Region A - Primeros Quince dias habiles de cada Diciembre,21012,21,12,Aljojuca,Puebla,Balsas,IV,Rio Balsas,9,sin dato,SIN SEQUIA,SIN REDUCCION
Region A - Primeros Quince dias habiles de cada Diciembre,21013,21,13,Altepexi,Puebla,Golfo Centro,X,Rio Papaloapan,21,D0,PRE-ALERTA,10%
Region A - Primeros Quince dias habiles de cada Diciembre,21014,21,14,Amixtlan,Puebla,Golfo Centro,X,Rios Tuxpan al Jamapa,20,sin dato,SIN SEQUIA,SIN REDUCCION
Region A - Primeros Quince dias habiles de cada Diciembre,21015,21,15,Amozoc,Puebla,Balsas,IV,Rio Balsas,9,D0,PRE-ALERTA,10%
Region A - Primeros Quince dias habiles de cada Diciembre,21016,21,16,Aquixtla,Puebla,Golfo Centro,X,Rios Tuxpan al Jamapa,20,sin dato,SIN SEQUIA,SIN REDUCCION
Region A - Primeros Quince dias habiles de cada Diciembre,21017,21,17,Atempan,Puebla,Golfo Centro,X,Rios Tuxpan al Jamapa,20,sin dato,SIN SEQUIA,SIN REDUCCION
Region A - Primeros Quince dias habiles de cada Diciembre,21018,21,18,Atexcal,Puebla,Balsas,IV,Rio Balsas,9,sin dato,SIN SEQUIA,SIN REDUCCION
Region A - Primeros Quince dias habiles de cada Diciembre,21019,21,19,Atlixco,Puebla,Balsas,IV,Rio Balsas,9,sin dato,SIN SEQUIA,SIN REDUCCION
Region A - Primeros Quince dias habiles de cada Diciembre,21020,21,20,Atoyatempan,Puebla,Balsas,IV,Rio Balsas,9,sin dato,SIN SEQUIA,SIN REDUCCION
Region A - Primeros Quince dias habiles de cada Diciembre,21021,21,21,Atzala,Puebla,Balsas,IV,Rio Balsas,9,sin dato,SIN SEQUIA,SIN REDUCCION
Region A - Primeros Quince dias habiles de cada Diciembre,21022,21,22,Atzitzihuacan,Puebla,Balsas,IV,Rio Balsas,9,sin dato,SIN SEQUIA,SIN REDUCCION
Region A - Primeros Quince dias habiles de cada Diciembre,21023,21,23,Atzitzintla,Puebla,Golfo Centro,X,Rio Papaloapan,21,sin dato,SIN SEQUIA,SIN REDUCCION
Region A - Primeros Quince dias habiles de cada Diciembre,21024,21,24,Axutla,Puebla,Balsas,IV,Rio Balsas,9,sin dato,SIN SEQUIA,SIN REDUCCION
Region A - Primeros Quince dias habiles de cada Diciembre,21025,21,25,Ayotoxco de Guerrero,Puebla,Golfo Centro,X,Rios Tuxpan al Jamapa,20,sin dato,SIN SEQUIA,SIN REDUCCION
Region A - Primeros Quince dias habiles de cada Diciembre,21026,21,26,Calpan,Puebla,Balsas,IV,Rio Balsas,9,sin dato,SIN SEQUIA,SIN REDUCCION
Region A - Primeros Quince dias habiles de cada Diciembre,21027,21,27,Caltepec,Puebla,Golfo Centro,X,Rio Papaloapan,21,sin dato,SIN SEQUIA,SIN REDUCCION
Region A - Primeros Quince dias habiles de cada Diciembre,21028,21,28,Camocuautla,Puebla,Golfo Centro,X,Rios Tuxpan al Jamapa,20,D0,PRE-ALERTA,10%
Region A - Primeros Quince dias habiles de cada Diciembre,21029,21,29,Caxhuacan,Puebla,Golfo Centro,X,Rios Tuxpan al Jamapa,20,sin dato,SIN SEQUIA,SIN REDUCCION
Region A - Primeros Quince dias habiles de cada Diciembre,21030,21,30,Coatepec,Puebla,Golfo Centro,X,Rios Tuxpan al Jamapa,20,sin dato,SIN SEQUIA,SIN REDUCCION
Region A - Primeros Quince dias habiles de cada Diciembre,21031,21,31,Coatzingo,Puebla,Balsas,IV,Rio Balsas,9,sin dato,SIN SEQUIA,SIN REDUCCION
Region A - Primeros Quince dias habiles de cada Diciembre,21032,21,32,Cohetzala,Puebla,Balsas,IV,Rio Balsas,9,sin dato,SIN SEQUIA,SIN REDUCCION
Region A - Primeros Quince dias habiles de cada Diciembre,21033,21,33,Cohuecan,Puebla,Balsas,IV,Rio Balsas,9,sin dato,SIN SEQUIA,SIN REDUCCION
Region A - Primeros Quince dias habiles de cada Diciembre,21034,21,34,Coronango,Puebla,Balsas,IV,Rio Balsas,9,sin dato,SIN SEQUIA,SIN REDUCCION
Region A - Primeros Quince dias habiles de cada Diciembre,21035,21,35,Coxcatlan,Puebla,Golfo Centro,X,Rio Papaloapan,21,sin dato,SIN SEQUIA,SIN REDUCCION
Region A - Primeros Quince dias habiles de cada Diciembre,21036,21,36,Coyomeapan,Puebla,Golfo Centro,X,Rio Papaloapan,21,sin dato,SIN SEQUIA,SIN REDUCCION
Region A - Primeros Quince dias habiles de cada Diciembre,21037,21,37,Coyotepec,Puebla,Balsas,IV,Rio Balsas,9,sin dato,SIN SEQUIA,SIN REDUCCION
Region A - Primeros Quince dias habiles de cada Diciembre,21038,21,38,Cuapiaxtla de Madero,Puebla,Balsas,IV,Rio Balsas,9,sin dato,SIN SEQUIA,SIN REDUCCION
Region A - Primeros Quince dias habiles de cada Diciembre,21039,21,39,Cuautempan,Puebla,Golfo Centro,X,Rios Tuxpan al Jamapa,20,sin dato,SIN SEQUIA,SIN REDUCCION
Region A - Primeros Quince dias habiles de cada Diciembre,21040,21,40,Cuautinchan,Puebla,Balsas,IV,Rio Balsas,9,sin dato,SIN SEQUIA,SIN REDUCCION
Region A - Primeros Quince dias habiles de cada Diciembre,21041,21,41,Cuautlancingo,Puebla,Balsas,IV,Rio Balsas,9,sin dato,SIN SEQUIA,SIN REDUCCION
Region A - Primeros Quince dias habiles de cada Diciembre,21042,21,42,Cuayuca de Andrade,Puebla,Balsas,IV,Rio Balsas,9,sin dato,SIN SEQUIA,SIN REDUCCION
Region A - Primeros Quince dias habiles de cada Diciembre,21043,21,43,Cuetzalan del Progreso,Puebla,Golfo Centro,X,Rios Tuxpan al Jamapa,20,sin dato,SIN SEQUIA,SIN REDUCCION
Region A - Primeros Quince dias habiles de cada Diciembre,21044,21,44,Cuyoaco,Puebla,Balsas,IV,Rio Balsas,9,sin dato,SIN SEQUIA,SIN REDUCCION
Region A - Primeros Quince dias habiles de cada Diciembre,21045,21,45,Chalchicomula de Sesma,Puebla,Balsas,IV,Rio Balsas,9,sin dato,SIN SEQUIA,SIN REDUCCION
Region A - Primeros Quince dias habiles de cada Diciembre,21046,21,46,Chapulco,Puebla,Golfo Centro,X,Rio Papaloapan,21,sin dato,SIN SEQUIA,SIN REDUCCION
Region A - Primeros Quince dias habiles de cada Diciembre,21047,21,47,Chiautla,Puebla,Balsas,IV,Rio Balsas,9,sin dato,SIN SEQUIA,SIN REDUCCION
Region A - Primeros Quince dias habiles de cada Diciembre,21048,21,48,Chiautzingo,Puebla,Balsas,IV,Rio Balsas,9,sin dato,SIN SEQUIA,SIN REDUCCION
Region A - Primeros Quince dias habiles de cada Diciembre,21049,21,49,Chiconcuautla,Puebla,Golfo Centro,X,Rios Tuxpan al Jamapa,20,sin dato,SIN SEQUIA,SIN REDUCCION
Region A - Primeros Quince dias habiles de cada Diciembre,21050,21,50,Chichiquila,Puebla,Golfo Centro,X,Rios Tuxpan al Jamapa,20,sin dato,SIN SEQUIA,SIN REDUCCION
Region A - Primeros Quince dias habiles de cada Diciembre,21051,21,51,Chietla,Puebla,Balsas,IV,Rio Balsas,9,sin dato,SIN SEQUIA,SIN REDUCCION
Region A - Primeros Quince dias habiles de cada Diciembre,21052,21,52,Chigmecatitlan,Puebla,Balsas,IV,Rio Balsas,9,sin dato,SIN SEQUIA,SIN REDUCCION
Region A - Primeros Quince dias habiles de cada Diciembre,21053,21,53,Chignahuapan,Puebla,Golfo Centro,X,Rios Tuxpan al Jamapa,20,sin dato,SIN SEQUIA,SIN REDUCCION
Region A - Primeros Quince dias habiles de cada Diciembre,21054,21,54,Chignautla,Puebla,Golfo Centro,X,Rios Tuxpan al Jamapa,20,sin dato,SIN SEQUIA,SIN REDUCCION
Region A - Primeros Quince dias habiles de cada Diciembre,21055,21,55,Chila,Puebla,Balsas,IV,Rio Balsas,9,sin dato,SIN SEQUIA,SIN REDUCCION
Region A - Primeros Quince dias habiles de cada Diciembre,21056,21,56,Chila de la Sal,Puebla,Balsas,IV,Rio Balsas,9,sin dato,SIN SEQUIA,SIN REDUCCION
Region A - Primeros Quince dias habiles de cada Diciembre,21057,21,57,Honey,Puebla,Golfo Centro,X,Rios Tuxpan al Jamapa,20,sin dato,SIN SEQUIA,SIN REDUCCION
Region A - Primeros Quince dias habiles de cada Diciembre,21058,21,58,Chilchotla,Puebla,Golfo Centro,X,Rios Tuxpan al Jamapa,20,sin dato,SIN SEQUIA,SIN REDUCCION
Region A - Primeros Quince dias habiles de cada Diciembre,21059,21,59,Chinantla,Puebla,Balsas,IV,Rio Balsas,9,D0,PRE-ALERTA,10%
Region A - Primeros Quince dias habiles de cada Diciembre,21060,21,60,Domingo Arenas,Puebla,Balsas,IV,Rio Balsas,9,D0,PRE-ALERTA,10%
Region A - Primeros Quince dias habiles de cada Diciembre,21061,21,61,Eloxochitlan,Puebla,Golfo Centro,X,Rio Papaloapan,21,sin dato,SIN SEQUIA,SIN REDUCCION
Region A - Primeros Quince dias habiles de cada Diciembre,21062,21,62,Epatlan,Puebla,Balsas,IV,Rio Balsas,9,sin dato,SIN SEQUIA,SIN REDUCCION
Region A - Primeros Quince dias habiles de cada Diciembre,21063,21,63,Esperanza,Puebla,Golfo Centro,X,Rio Papaloapan,21,D0,PRE-ALERTA,10%
Region A - Primeros Quince dias habiles de cada Diciembre,21064,21,64,Francisco Z. Mena,Puebla,Golfo Centro,X,Rios Tuxpan al Jamapa,20,sin dato,SIN SEQUIA,SIN REDUCCION
Region A - Primeros Quince dias habiles de cada Diciembre,21065,21,65,General Felipe angeles,Puebla,Balsas,IV,Rio Balsas,9,sin dato,SIN SEQUIA,SIN REDUCCION
Region A - Primeros Quince dias habiles de cada Diciembre,21066,21,66,Guadalupe,Puebla,Balsas,IV,Rio Balsas,9,sin dato,SIN SEQUIA,SIN REDUCCION
Region A - Primeros Quince dias habiles de cada Diciembre,21067,21,67,Guadalupe Victoria,Puebla,Balsas,IV,Rio Balsas,9,sin dato,SIN SEQUIA,SIN REDUCCION
Region A - Primeros Quince dias habiles de cada Diciembre,21068,21,68,Hermenegildo Galeana,Puebla,Golfo Centro,X,Rios Tuxpan al Jamapa,20,sin dato,SIN SEQUIA,SIN REDUCCION
Region A - Primeros Quince dias habiles de cada Diciembre,21069,21,69,Huaquechula,Puebla,Balsas,IV,Rio Balsas,9,sin dato,SIN SEQUIA,SIN REDUCCION
Region A - Primeros Quince dias habiles de cada Diciembre,21070,21,70,Huatlatlauca,Puebla,Balsas,IV,Rio Balsas,9,D0,PRE-ALERTA,10%
Region A - Primeros Quince dias habiles de cada Diciembre,21071,21,71,Huauchinango,Puebla,Golfo Centro,X,Rios Tuxpan al Jamapa,20,sin dato,SIN SEQUIA,SIN REDUCCION
Region A - Primeros Quince dias habiles de cada Diciembre,21072,21,72,Huehuetla,Puebla,Golfo Centro,X,Rios Tuxpan al Jamapa,20,sin dato,SIN SEQUIA,SIN REDUCCION
Region A - Primeros Quince dias habiles de cada Diciembre,21073,21,73,Huehuetlan el Chico,Puebla,Balsas,IV,Rio Balsas,9,sin dato,SIN SEQUIA,SIN REDUCCION
Region A - Primeros Quince dias habiles de cada Diciembre,21074,21,74,Huejotzingo,Puebla,Balsas,IV,Rio Balsas,9,sin dato,SIN SEQUIA,SIN REDUCCION
Region A - Primeros Quince dias habiles de cada Diciembre,21075,21,75,Hueyapan,Puebla,Golfo Centro,X,Rios Tuxpan al Jamapa,20,sin dato,SIN SEQUIA,SIN REDUCCION
Region A - Primeros Quince dias habiles de cada Diciembre,21076,21,76,Hueytamalco,Puebla,Golfo Centro,X,Rios Tuxpan al Jamapa,20,sin dato,SIN SEQUIA,SIN REDUCCION
Region A - Primeros Quince dias habiles de cada Diciembre,21077,21,77,Hueytlalpan,Puebla,Golfo Centro,X,Rios Tuxpan al Jamapa,20,sin dato,SIN SEQUIA,SIN REDUCCION
Region A - Primeros Quince dias habiles de cada Diciembre,21078,21,78,Huitzilan de Serdan,Puebla,Golfo Centro,X,Rios Tuxpan al Jamapa,20,sin dato,SIN SEQUIA,SIN REDUCCION
Region A - Primeros Quince dias habiles de cada Diciembre,21079,21,79,Huitziltepec,Puebla,Balsas,IV,Rio Balsas,9,sin dato,SIN SEQUIA,SIN REDUCCION
Region A - Primeros Quince dias habiles de cada Diciembre,21080,21,80,Atlequizayan,Puebla,Golfo Centro,X,Rios Tuxpan al Jamapa,20,sin dato,SIN SEQUIA,SIN REDUCCION
Region A - Primeros Quince dias habiles de cada Diciembre,21081,21,81,Ixcamilpa de Guerrero,Puebla,Balsas,IV,Rio Balsas,9,sin dato,SIN SEQUIA,SIN REDUCCION
Region A - Primeros Quince dias habiles de cada Diciembre,21082,21,82,Ixcaquixtla,Puebla,Balsas,IV,Rio Balsas,9,sin dato,SIN SEQUIA,SIN REDUCCION
Region A - Primeros Quince dias habiles de cada Diciembre,21083,21,83,Ixtacamaxtitlan,Puebla,Golfo Centro,X,Rios Tuxpan al Jamapa,20,sin dato,SIN SEQUIA,SIN REDUCCION
Region A - Primeros Quince dias habiles de cada Diciembre,21084,21,84,Ixtepec,Puebla,Golfo Centro,X,Rios Tuxpan al Jamapa,20,sin dato,SIN SEQUIA,SIN REDUCCION
Region A - Primeros Quince dias habiles de cada Diciembre,21085,21,85,Izucar de Matamoros,Puebla,Balsas,IV,Rio Balsas,9,sin dato,SIN SEQUIA,SIN REDUCCION
Region A - Primeros Quince dias habiles de cada Diciembre,21086,21,86,Jalpan,Puebla,Golfo Centro,X,Rios Tuxpan al Jamapa,20,sin dato,SIN SEQUIA,SIN REDUCCION
Region A - Primeros Quince dias habiles de cada Diciembre,21087,21,87,Jolalpan,Puebla,Balsas,IV,Rio Balsas,9,sin dato,SIN SEQUIA,SIN REDUCCION
Region A - Primeros Quince dias habiles de cada Diciembre,21088,21,88,Jonotla,Puebla,Golfo Centro,X,Rios Tuxpan al Jamapa,20,sin dato,SIN SEQUIA,SIN REDUCCION
Region A - Primeros Quince dias habiles de cada Diciembre,21089,21,89,Jopala,Puebla,Golfo Centro,X,Rios Tuxpan al Jamapa,20,sin dato,SIN SEQUIA,SIN REDUCCION
Region A - Primeros Quince dias habiles de cada Diciembre,21090,21,90,Juan C. Bonilla,Puebla,Balsas,IV,Rio Balsas,9,sin dato,SIN SEQUIA,SIN REDUCCION
Region A - Primeros Quince dias habiles de cada Diciembre,21091,21,91,Juan Galindo,Puebla,Golfo Centro,X,Rios Tuxpan al Jamapa,20,sin dato,SIN SEQUIA,SIN REDUCCION
Region A - Primeros Quince dias habiles de cada Diciembre,21092,21,92,Juan N. Mendez,Puebla,Balsas,IV,Rio Balsas,9,sin dato,SIN SEQUIA,SIN REDUCCION
Region A - Primeros Quince dias habiles de cada Diciembre,21093,21,93,Lafragua,Puebla,Balsas,IV,Rio Balsas,9,sin dato,SIN SEQUIA,SIN REDUCCION
Region A - Primeros Quince dias habiles de cada Diciembre,21094,21,94,Libres,Puebla,Balsas,IV,Rio Balsas,9,sin dato,SIN SEQUIA,SIN REDUCCION
Region A - Primeros Quince dias habiles de cada Diciembre,21095,21,95,La Magdalena Tlatlauquitepec,Puebla,Balsas,IV,Rio Balsas,9,sin dato,SIN SEQUIA,SIN REDUCCION
Region A - Primeros Quince dias habiles de cada Diciembre,21096,21,96,Mazapiltepec de Juarez,Puebla,Balsas,IV,Rio Balsas,9,sin dato,SIN SEQUIA,SIN REDUCCION
Region A - Primeros Quince dias habiles de cada Diciembre,21097,21,97,Mixtla,Puebla,Balsas,IV,Rio Balsas,9,sin dato,SIN SEQUIA,SIN REDUCCION
Region A - Primeros Quince dias habiles de cada Diciembre,21098,21,98,Molcaxac,Puebla,Balsas,IV,Rio Balsas,9,sin dato,SIN SEQUIA,SIN REDUCCION
Region A - Primeros Quince dias habiles de cada Diciembre,21099,21,99,Canada Morelos,Puebla,Golfo Centro,X,Rio Papaloapan,21,sin dato,SIN SEQUIA,SIN REDUCCION
Region A - Primeros Quince dias habiles de cada Diciembre,21100,21,100,Naupan,Puebla,Golfo Centro,X,Rios Tuxpan al Jamapa,20,sin dato,SIN SEQUIA,SIN REDUCCION
Region A - Primeros Quince dias habiles de cada Diciembre,21101,21,101,Nauzontla,Puebla,Golfo Centro,X,Rios Tuxpan al Jamapa,20,sin dato,SIN SEQUIA,SIN REDUCCION
Region A - Primeros Quince dias habiles de cada Diciembre,21102,21,102,Nealtican,Puebla,Balsas,IV,Rio Balsas,9,sin dato,SIN SEQUIA,SIN REDUCCION
Region A - Primeros Quince dias habiles de cada Diciembre,21103,21,103,Nicolas Bravo,Puebla,Golfo Centro,X,Rio Papaloapan,21,sin dato,SIN SEQUIA,SIN REDUCCION
Region A - Primeros Quince dias habiles de cada Diciembre,21104,21,104,Nopalucan,Puebla,Balsas,IV,Rio Balsas,9,sin dato,SIN SEQUIA,SIN REDUCCION
Region A - Primeros Quince dias habiles de cada Diciembre,21105,21,105,Ocotepec,Puebla,Balsas,IV,Rio Balsas,9,sin dato,SIN SEQUIA,SIN REDUCCION
Region A - Primeros Quince dias habiles de cada Diciembre,21106,21,106,Ocoyucan,Puebla,Balsas,IV,Rio Balsas,9,sin dato,SIN SEQUIA,SIN REDUCCION
Region A - Primeros Quince dias habiles de cada Diciembre,21107,21,107,Olintla,Puebla,Golfo Centro,X,Rios Tuxpan al Jamapa,20,sin dato,SIN SEQUIA,SIN REDUCCION
Region A - Primeros Quince dias habiles de cada Diciembre,21108,21,108,Oriental,Puebla,Balsas,IV,Rio Balsas,9,sin dato,SIN SEQUIA,SIN REDUCCION
Region A - Primeros Quince dias habiles de cada Diciembre,21109,21,109,Pahuatlan,Puebla,Golfo Centro,X,Rios Tuxpan al Jamapa,20,sin dato,SIN SEQUIA,SIN REDUCCION
Region A - Primeros Quince dias habiles de cada Diciembre,21110,21,110,Palmar de Bravo,Puebla,Balsas,IV,Rio Balsas,9,sin dato,SIN SEQUIA,SIN REDUCCION
Region A - Primeros Quince dias habiles de cada Diciembre,21111,21,111,Pantepec,Puebla,Golfo Centro,X,Rios Tuxpan al Jamapa,20,sin dato,SIN SEQUIA,SIN REDUCCION
Region A - Primeros Quince dias habiles de cada Diciembre,21112,21,112,Petlalcingo,Puebla,Balsas,IV,Rio Balsas,9,sin dato,SIN SEQUIA,SIN REDUCCION
Region A - Primeros Quince dias habiles de cada Diciembre,21113,21,113,Piaxtla,Puebla,Balsas,IV,Rio Balsas,9,sin dato,SIN SEQUIA,SIN REDUCCION
Region A - Primeros Quince dias habiles de cada Diciembre,21114,21,114,Puebla,Puebla,Balsas,IV,Rio Balsas,9,sin dato,SIN SEQUIA,SIN REDUCCION
Region A - Primeros Quince dias habiles de cada Diciembre,21115,21,115,Quecholac,Puebla,Balsas,IV,Rio Balsas,9,sin dato,SIN SEQUIA,SIN REDUCCION
Region A - Primeros Quince dias habiles de cada Diciembre,21116,21,116,Quimixtlan,Puebla,Golfo Centro,X,Rios Tuxpan al Jamapa,20,D0,PRE-ALERTA,10%
Region A - Primeros Quince dias habiles de cada Diciembre,21117,21,117,Rafael Lara Grajales,Puebla,Balsas,IV,Rio Balsas,9,D0,PRE-ALERTA,10%
Region A - Primeros Quince dias habiles de cada Diciembre,21118,21,118,Los Reyes de Juarez,Puebla,Balsas,IV,Rio Balsas,9,sin dato,SIN SEQUIA,SIN REDUCCION
Region A - Primeros Quince dias habiles de cada Diciembre,21119,21,119,San Andres Cholula,Puebla,Balsas,IV,Rio Balsas,9,sin dato,SIN SEQUIA,SIN REDUCCION
Region A - Primeros Quince dias habiles de cada Diciembre,21120,21,120,San Antonio Canada,Puebla,Golfo Centro,X,Rio Papaloapan,21,sin dato,SIN SEQUIA,SIN REDUCCION
Region A - Primeros Quince dias habiles de cada Diciembre,21121,21,121,San Diego la Mesa Tochimiltzingo,Puebla,Balsas,IV,Rio Balsas,9,sin dato,SIN SEQUIA,SIN REDUCCION
Region A - Primeros Quince dias habiles de cada Diciembre,21122,21,122,San Felipe Teotlalcingo,Puebla,Balsas,IV,Rio Balsas,9,sin dato,SIN SEQUIA,SIN REDUCCION
Region A - Primeros Quince dias habiles de cada Diciembre,21123,21,123,San Felipe Tepatlan,Puebla,Golfo Centro,X,Rios Tuxpan al Jamapa,20,sin dato,SIN SEQUIA,SIN REDUCCION
Region A - Primeros Quince dias habiles de cada Diciembre,21124,21,124,San Gabriel Chilac,Puebla,Golfo Centro,X,Rio Papaloapan,21,sin dato,SIN SEQUIA,SIN REDUCCION
Region A - Primeros Quince dias habiles de cada Diciembre,21125,21,125,San Gregorio Atzompa,Puebla,Balsas,IV,Rio Balsas,9,sin dato,SIN SEQUIA,SIN REDUCCION
Region A - Primeros Quince dias habiles de cada Diciembre,21126,21,126,San Jeronimo Tecuanipan,Puebla,Balsas,IV,Rio Balsas,9,sin dato,SIN SEQUIA,SIN REDUCCION
Region A - Primeros Quince dias habiles de cada Diciembre,21127,21,127,San Jeronimo Xayacatlan,Puebla,Balsas,IV,Rio Balsas,9,sin dato,SIN SEQUIA,SIN REDUCCION
Region A - Primeros Quince dias habiles de cada Diciembre,21128,21,128,San Jose Chiapa,Puebla,Balsas,IV,Rio Balsas,9,sin dato,SIN SEQUIA,SIN REDUCCION
Region A - Primeros Quince dias habiles de cada Diciembre,21129,21,129,San Jose Miahuatlan,Puebla,Golfo Centro,X,Rio Papaloapan,21,sin dato,SIN SEQUIA,SIN REDUCCION
Region A - Primeros Quince dias habiles de cada Diciembre,21130,21,130,San Juan Atenco,Puebla,Balsas,IV,Rio Balsas,9,sin dato,SIN SEQUIA,SIN REDUCCION
Region A - Primeros Quince dias habiles de cada Diciembre,21131,21,131,San Juan Atzompa,Puebla,Balsas,IV,Rio Balsas,9,D0,PRE-ALERTA,10%
Region A - Primeros Quince dias habiles de cada Diciembre,21132,21,132,San Martin Texmelucan,Puebla,Balsas,IV,Rio Balsas,9,sin dato,SIN SEQUIA,SIN REDUCCION
Region A - Primeros Quince dias habiles de cada Diciembre,21133,21,133,San Martin Totoltepec,Puebla,Balsas,IV,Rio Balsas,9,sin dato,SIN SEQUIA,SIN REDUCCION
Region A - Primeros Quince dias habiles de cada Diciembre,21134,21,134,San Matias Tlalancaleca,Puebla,Balsas,IV,Rio Balsas,9,sin dato,SIN SEQUIA,SIN REDUCCION
Region A - Primeros Quince dias habiles de cada Diciembre,21135,21,135,San Miguel Ixitlan,Puebla,Balsas,IV,Rio Balsas,9,sin dato,SIN SEQUIA,SIN REDUCCION
Region A - Primeros Quince dias habiles de cada Diciembre,21136,21,136,San Miguel Xoxtla,Puebla,Balsas,IV,Rio Balsas,9,sin dato,SIN SEQUIA,SIN REDUCCION
Region A - Primeros Quince dias habiles de cada Diciembre,21137,21,137,San Nicolas Buenos Aires,Puebla,Balsas,IV,Rio Balsas,9,sin dato,SIN SEQUIA,SIN REDUCCION
Region A - Primeros Quince dias habiles de cada Diciembre,21138,21,138,San Nicolas de los Ranchos,Puebla,Balsas,IV,Rio Balsas,9,sin dato,SIN SEQUIA,SIN REDUCCION
Region A - Primeros Quince dias habiles de cada Diciembre,21139,21,139,San Pablo Anicano,Puebla,Balsas,IV,Rio Balsas,9,D0,PRE-ALERTA,10%
Region A - Primeros Quince dias habiles de cada Diciembre,21140,21,140,San Pedro Cholula,Puebla,Balsas,IV,Rio Balsas,9,sin dato,SIN SEQUIA,SIN REDUCCION
Region A - Primeros Quince dias habiles de cada Diciembre,21141,21,141,San Pedro Yeloixtlahuaca,Puebla,Balsas,IV,Rio Balsas,9,sin dato,SIN SEQUIA,SIN REDUCCION
Region A - Primeros Quince dias habiles de cada Diciembre,21142,21,142,San Salvador el Seco,Puebla,Balsas,IV,Rio Balsas,9,sin dato,SIN SEQUIA,SIN REDUCCION
Region A - Primeros Quince dias habiles de cada Diciembre,21143,21,143,San Salvador el Verde,Puebla,Balsas,IV,Rio Balsas,9,D0,PRE-ALERTA,10%
Region A - Primeros Quince dias habiles de cada Diciembre,21144,21,144,San Salvador Huixcolotla,Puebla,Balsas,IV,Rio Balsas,9,sin dato,SIN SEQUIA,SIN REDUCCION
Region A - Primeros Quince dias habiles de cada Diciembre,21145,21,145,San Sebastian Tlacotepec,Puebla,Golfo Centro,X,Rio Papaloapan,21,D0,PRE-ALERTA,10%
Region A - Primeros Quince dias habiles de cada Diciembre,21146,21,146,Santa Catarina Tlaltempan,Puebla,Balsas,IV,Rio Balsas,9,sin dato,SIN SEQUIA,SIN REDUCCION
Region A - Primeros Quince dias habiles de cada Diciembre,21147,21,147,Santa Ines Ahuatempan,Puebla,Balsas,IV,Rio Balsas,9,sin dato,SIN SEQUIA,SIN REDUCCION
Region A - Primeros Quince dias habiles de cada Diciembre,21148,21,148,Santa Isabel Cholula,Puebla,Balsas,IV,Rio Balsas,9,sin dato,SIN SEQUIA,SIN REDUCCION
Region A - Primeros Quince dias habiles de cada Diciembre,21149,21,149,Santiago Miahuatlan,Puebla,Golfo Centro,X,Rio Papaloapan,21,sin dato,SIN SEQUIA,SIN REDUCCION
Region A - Primeros Quince dias habiles de cada Diciembre,21150,21,150,Huehuetlan el Grande,Puebla,Balsas,IV,Rio Balsas,9,sin dato,SIN SEQUIA,SIN REDUCCION
Region A - Primeros Quince dias habiles de cada Diciembre,21151,21,151,Santo Tomas Hueyotlipan,Puebla,Balsas,IV,Rio Balsas,9,sin dato,SIN SEQUIA,SIN REDUCCION
Region A - Primeros Quince dias habiles de cada Diciembre,21152,21,152,Soltepec,Puebla,Balsas,IV,Rio Balsas,9,sin dato,SIN SEQUIA,SIN REDUCCION
Region A - Primeros Quince dias habiles de cada Diciembre,21153,21,153,Tecali de Herrera,Puebla,Balsas,IV,Rio Balsas,9,sin dato,SIN SEQUIA,SIN REDUCCION
Region A - Primeros Quince dias habiles de cada Diciembre,21154,21,154,Tecamachalco,Puebla,Balsas,IV,Rio Balsas,9,sin dato,SIN SEQUIA,SIN REDUCCION
Region A - Primeros Quince dias habiles de cada Diciembre,21155,21,155,Tecomatlan,Puebla,Balsas,IV,Rio Balsas,9,sin dato,SIN SEQUIA,SIN REDUCCION
Region A - Primeros Quince dias habiles de cada Diciembre,21156,21,156,Tehuacan,Puebla,Golfo Centro,X,Rio Papaloapan,21,sin dato,SIN SEQUIA,SIN REDUCCION
Region A - Primeros Quince dias habiles de cada Diciembre,21157,21,157,Tehuitzingo,Puebla,Balsas,IV,Rio Balsas,9,sin dato,SIN SEQUIA,SIN REDUCCION
Region A - Primeros Quince dias habiles de cada Diciembre,21158,21,158,Tenampulco,Puebla,Golfo Centro,X,Rios Tuxpan al Jamapa,20,sin dato,SIN SEQUIA,SIN REDUCCION
Region A - Primeros Quince dias habiles de cada Diciembre,21159,21,159,Teopantlan,Puebla,Balsas,IV,Rio Balsas,9,D0,PRE-ALERTA,10%
Region A - Primeros Quince dias habiles de cada Diciembre,21160,21,160,Teotlalco,Puebla,Balsas,IV,Rio Balsas,9,sin dato,SIN SEQUIA,SIN REDUCCION
Region A - Primeros Quince dias habiles de cada Diciembre,21161,21,161,Tepanco de Lopez,Puebla,Golfo Centro,X,Rio Papaloapan,21,sin dato,SIN SEQUIA,SIN REDUCCION
Region A - Primeros Quince dias habiles de cada Diciembre,21162,21,162,Tepango de Rodriguez,Puebla,Golfo Centro,X,Rios Tuxpan al Jamapa,20,sin dato,SIN SEQUIA,SIN REDUCCION
Region A - Primeros Quince dias habiles de cada Diciembre,21163,21,163,Tepatlaxco de Hidalgo,Puebla,Balsas,IV,Rio Balsas,9,sin dato,SIN SEQUIA,SIN REDUCCION
Region A - Primeros Quince dias habiles de cada Diciembre,21164,21,164,Tepeaca,Puebla,Balsas,IV,Rio Balsas,9,sin dato,SIN SEQUIA,SIN REDUCCION
Region A - Primeros Quince dias habiles de cada Diciembre,21165,21,165,Tepemaxalco,Puebla,Balsas,IV,Rio Balsas,9,sin dato,SIN SEQUIA,SIN REDUCCION
Region A - Primeros Quince dias habiles de cada Diciembre,21166,21,166,Tepeojuma,Puebla,Balsas,IV,Rio Balsas,9,sin dato,SIN SEQUIA,SIN REDUCCION
Region A - Primeros Quince dias habiles de cada Diciembre,21167,21,167,Tepetzintla,Puebla,Golfo Centro,X,Rios Tuxpan al Jamapa,20,sin dato,SIN SEQUIA,SIN REDUCCION
Region A - Primeros Quince dias habiles de cada Diciembre,21168,21,168,Tepexco,Puebla,Balsas,IV,Rio Balsas,9,sin dato,SIN SEQUIA,SIN REDUCCION
Region A - Primeros Quince dias habiles de cada Diciembre,21169,21,169,Tepexi de Rodriguez,Puebla,Balsas,IV,Rio Balsas,9,sin dato,SIN SEQUIA,SIN REDUCCION
Region A - Primeros Quince dias habiles de cada Diciembre,21170,21,170,Tepeyahualco,Puebla,Balsas,IV,Rio Balsas,9,sin dato,SIN SEQUIA,SIN REDUCCION
Region A - Primeros Quince dias habiles de cada Diciembre,21171,21,171,Tepeyahualco de Cuauhtemoc,Puebla,Balsas,IV,Rio Balsas,9,sin dato,SIN SEQUIA,SIN REDUCCION
Region A - Primeros Quince dias habiles de cada Diciembre,21172,21,172,Tetela de Ocampo,Puebla,Golfo Centro,X,Rios Tuxpan al Jamapa,20,sin dato,SIN SEQUIA,SIN REDUCCION
Region A - Primeros Quince dias habiles de cada Diciembre,21173,21,173,Teteles de avila Castillo,Puebla,Golfo Centro,X,Rios Tuxpan al Jamapa,20,sin dato,SIN SEQUIA,SIN REDUCCION
Region A - Primeros Quince dias habiles de cada Diciembre,21174,21,174,Teziutlan,Puebla,Golfo Centro,X,Rios Tuxpan al Jamapa,20,sin dato,SIN SEQUIA,SIN REDUCCION
Region A - Primeros Quince dias habiles de cada Diciembre,21175,21,175,Tianguismanalco,Puebla,Balsas,IV,Rio Balsas,9,sin dato,SIN SEQUIA,SIN REDUCCION
Region A - Primeros Quince dias habiles de cada Diciembre,21176,21,176,Tilapa,Puebla,Balsas,IV,Rio Balsas,9,sin dato,SIN SEQUIA,SIN REDUCCION
Region A - Primeros Quince dias habiles de cada Diciembre,21177,21,177,Tlacotepec de Benito Juarez,Puebla,Golfo Centro,X,Rio Papaloapan,21,sin dato,SIN SEQUIA,SIN REDUCCION
Region A - Primeros Quince dias habiles de cada Diciembre,21178,21,178,Tlacuilotepec,Puebla,Golfo Centro,X,Rios Tuxpan al Jamapa,20,sin dato,SIN SEQUIA,SIN REDUCCION
Region A - Primeros Quince dias habiles de cada Diciembre,21179,21,179,Tlachichuca,Puebla,Balsas,IV,Rio Balsas,9,sin dato,SIN SEQUIA,SIN REDUCCION
Region A - Primeros Quince dias habiles de cada Diciembre,21180,21,180,Tlahuapan,Puebla,Balsas,IV,Rio Balsas,9,sin dato,SIN SEQUIA,SIN REDUCCION
Region A - Primeros Quince dias habiles de cada Diciembre,21181,21,181,Tlaltenango,Puebla,Balsas,IV,Rio Balsas,9,sin dato,SIN SEQUIA,SIN REDUCCION
Region A - Primeros Quince dias habiles de cada Diciembre,21182,21,182,Tlanepantla,Puebla,Balsas,IV,Rio Balsas,9,sin dato,SIN SEQUIA,SIN REDUCCION
Region A - Primeros Quince dias habiles de cada Diciembre,21183,21,183,Tlaola,Puebla,Golfo Centro,X,Rios Tuxpan al Jamapa,20,sin dato,SIN SEQUIA,SIN REDUCCION
Region A - Primeros Quince dias habiles de cada Diciembre,21184,21,184,Tlapacoya,Puebla,Golfo Centro,X,Rios Tuxpan al Jamapa,20,sin dato,SIN SEQUIA,SIN REDUCCION
Region A - Primeros Quince dias habiles de cada Diciembre,21185,21,185,Tlapanala,Puebla,Balsas,IV,Rio Balsas,9,sin dato,SIN SEQUIA,SIN REDUCCION
Region A - Primeros Quince dias habiles de cada Diciembre,21186,21,186,Tlatlauquitepec,Puebla,Golfo Centro,X,Rios Tuxpan al Jamapa,20,sin dato,SIN SEQUIA,SIN REDUCCION
Region A - Primeros Quince dias habiles de cada Diciembre,21187,21,187,Tlaxco,Puebla,Golfo Centro,X,Rios Tuxpan al Jamapa,20,sin dato,SIN SEQUIA,SIN REDUCCION
Region A - Primeros Quince dias habiles de cada Diciembre,21188,21,188,Tochimilco,Puebla,Balsas,IV,Rio Balsas,9,sin dato,SIN SEQUIA,SIN REDUCCION
Region A - Primeros Quince dias habiles de cada Diciembre,21189,21,189,Tochtepec,Puebla,Balsas,IV,Rio Balsas,9,sin dato,SIN SEQUIA,SIN REDUCCION
Region A - Primeros Quince dias habiles de cada Diciembre,21190,21,190,Totoltepec de Guerrero,Puebla,Balsas,IV,Rio Balsas,9,sin dato,SIN SEQUIA,SIN REDUCCION
Region A - Primeros Quince dias habiles de cada Diciembre,21191,21,191,Tulcingo,Puebla,Balsas,IV,Rio Balsas,9,sin dato,SIN SEQUIA,SIN REDUCCION
Region A - Primeros Quince dias habiles de cada Diciembre,21192,21,192,Tuzamapan de Galeana,Puebla,Golfo Centro,X,Rios Tuxpan al Jamapa,20,sin dato,SIN SEQUIA,SIN REDUCCION
Region A - Primeros Quince dias habiles de cada Diciembre,21193,21,193,Tzicatlacoyan,Puebla,Balsas,IV,Rio Balsas,9,sin dato,SIN SEQUIA,SIN REDUCCION
Region A - Primeros Quince dias habiles de cada Diciembre,21194,21,194,Venustiano Carranza,Puebla,Golfo Centro,X,Rios Tuxpan al Jamapa,20,sin dato,SIN SEQUIA,SIN REDUCCION
Region A - Primeros Quince dias habiles de cada Diciembre,21195,21,195,Vicente Guerrero,Puebla,Golfo Centro,X,Rio Papaloapan,21,D0,PRE-ALERTA,10%
Region A - Primeros Quince dias habiles de cada Diciembre,21196,21,196,Xayacatlan de Bravo,Puebla,Balsas,IV,Rio Balsas,9,sin dato,SIN SEQUIA,SIN REDUCCION
Region A - Primeros Quince dias habiles de cada Diciembre,21197,21,197,Xicotepec,Puebla,Golfo Centro,X,Rios Tuxpan al Jamapa,20,sin dato,SIN SEQUIA,SIN REDUCCION
Region A - Primeros Quince dias habiles de cada Diciembre,21198,21,198,Xicotlan,Puebla,Balsas,IV,Rio Balsas,9,sin dato,SIN SEQUIA,SIN REDUCCION
Region A - Primeros Quince dias habiles de cada Diciembre,21199,21,199,Xiutetelco,Puebla,Golfo Centro,X,Rios Tuxpan al Jamapa,20,sin dato,SIN SEQUIA,SIN REDUCCION
Region A - Primeros Quince dias habiles de cada Diciembre,21200,21,200,Xochiapulco,Puebla,Golfo Centro,X,Rios Tuxpan al Jamapa,20,D0,PRE-ALERTA,10%
Region A - Primeros Quince dias habiles de cada Diciembre,21201,21,201,Xochiltepec,Puebla,Balsas,IV,Rio Balsas,9,sin dato,SIN SEQUIA,SIN REDUCCION
Region A - Primeros Quince dias habiles de cada Diciembre,21202,21,202,Xochitlan de Vicente Suarez,Puebla,Golfo Centro,X,Rios Tuxpan al Jamapa,20,sin dato,SIN SEQUIA,SIN REDUCCION
Region A - Primeros Quince dias habiles de cada Diciembre,21203,21,203,Xochitlan Todos Santos,Puebla,Balsas,IV,Rio Balsas,9,sin dato,SIN SEQUIA,SIN REDUCCION
Region A - Primeros Quince dias habiles de cada Diciembre,21204,21,204,Yaonahuac,Puebla,Golfo Centro,X,Rios Tuxpan al Jamapa,20,sin dato,SIN SEQUIA,SIN REDUCCION
Region A - Primeros Quince dias habiles de cada Diciembre,21205,21,205,Yehualtepec,Puebla,Golfo Centro,X,Rio Papaloapan,21,sin dato,SIN SEQUIA,SIN REDUCCION
Region A - Primeros Quince dias habiles de cada Diciembre,21206,21,206,Zacapala,Puebla,Balsas,IV,Rio Balsas,9,sin dato,SIN SEQUIA,SIN REDUCCION
Region A - Primeros Quince dias habiles de cada Diciembre,21207,21,207,Zacapoaxtla,Puebla,Golfo Centro,X,Rios Tuxpan al Jamapa,20,sin dato,SIN SEQUIA,SIN REDUCCION
Region A - Primeros Quince dias habiles de cada Diciembre,21208,21,208,Zacatlan,Puebla,Golfo Centro,X,Rios Tuxpan al Jamapa,20,sin dato,SIN SEQUIA,SIN REDUCCION
Region A - Primeros Quince dias habiles de cada Diciembre,21209,21,209,Zapotitlan,Puebla,Golfo Centro,X,Rio Papaloapan,21,sin dato,SIN SEQUIA,SIN REDUCCION
Region A - Primeros Quince dias habiles de cada Diciembre,21210,21,210,Zapotitlan de Mendez,Puebla,Golfo Centro,X,Rios Tuxpan al Jamapa,20,sin dato,SIN SEQUIA,SIN REDUCCION
Region A - Primeros Quince dias habiles de cada Diciembre,21211,21,211,Zaragoza,Puebla,Golfo Centro,X,Rios Tuxpan al Jamapa,20,sin dato,SIN SEQUIA,SIN REDUCCION
Region A - Primeros Quince dias habiles de cada Diciembre,21212,21,212,Zautla,Puebla,Golfo Centro,X,Rios Tuxpan al Jamapa,20,sin dato,SIN SEQUIA,SIN REDUCCION
Region A - Primeros Quince dias habiles de cada Diciembre,21213,21,213,Zihuateutla,Puebla,Golfo Centro,X,Rios Tuxpan al Jamapa,20,sin dato,SIN SEQUIA,SIN REDUCCION
Region A - Primeros Quince dias habiles de cada Diciembre,21214,21,214,Zinacatepec,Puebla,Golfo Centro,X,Rio Papaloapan,21,sin dato,SIN SEQUIA,SIN REDUCCION
Region A - Primeros Quince dias habiles de cada Diciembre,21215,21,215,Zongozotla,Puebla,Golfo Centro,X,Rios Tuxpan al Jamapa,20,sin dato,SIN SEQUIA,SIN REDUCCION
Region A - Primeros Quince dias habiles de cada Diciembre,21216,21,216,Zoquiapan,Puebla,Golfo Centro,X,Rios Tuxpan al Jamapa,20,sin dato,SIN SEQUIA,SIN REDUCCION
Region A - Primeros Quince dias habiles de cada Diciembre,21217,21,217,Zoquitlan,Puebla,Golfo Centro,X,Rio Papaloapan,21,sin dato,SIN SEQUIA,SIN REDUCCION
Region A - Primeros Quince dias habiles de cada Diciembre,22001,22,1,Amealco de Bonfil,Querétaro,Golfo Norte,IX,Rio Panuco,19,sin dato,SIN SEQUIA,SIN REDUCCION
Region A - Primeros Quince dias habiles de cada Diciembre,22002,22,2,Pinal de Amoles,Querétaro,Golfo Norte,IX,Rio Panuco,19,sin dato,SIN SEQUIA,SIN REDUCCION
Region A - Primeros Quince dias habiles de cada Diciembre,22003,22,3,Arroyo Seco,Querétaro,Golfo Norte,IX,Rio Panuco,19,sin dato,SIN SEQUIA,SIN REDUCCION
Region A - Primeros Quince dias habiles de cada Diciembre,22004,22,4,Cadereyta de Montes,Querétaro,Golfo Norte,IX,Rio Panuco,19,sin dato,SIN SEQUIA,SIN REDUCCION
Region A - Primeros Quince dias habiles de cada Diciembre,22005,22,5,Colon,Querétaro,Golfo Norte,IX,Rio Panuco,19,sin dato,SIN SEQUIA,SIN REDUCCION
Region A - Primeros Quince dias habiles de cada Diciembre,22006,22,6,Corregidora,Querétaro,Lerma Santiago Pacifico,VIII,Lerma - Chapala,15,sin dato,SIN SEQUIA,SIN REDUCCION
Region A - Primeros Quince dias habiles de cada Diciembre,22007,22,7,Ezequiel Montes,Querétaro,Golfo Norte,IX,Rio Panuco,19,sin dato,SIN SEQUIA,SIN REDUCCION
Region A - Primeros Quince dias habiles de cada Diciembre,22008,22,8,Huimilpan,Querétaro,Lerma Santiago Pacifico,VIII,Lerma - Chapala,15,sin dato,SIN SEQUIA,SIN REDUCCION
Region A - Primeros Quince dias habiles de cada Diciembre,22009,22,9,Jalpan de Serra,Querétaro,Golfo Norte,IX,Rio Panuco,19,sin dato,SIN SEQUIA,SIN REDUCCION
Region A - Primeros Quince dias habiles de cada Diciembre,22010,22,10,Landa de Matamoros,Querétaro,Golfo Norte,IX,Rio Panuco,19,sin dato,SIN SEQUIA,SIN REDUCCION
Region A - Primeros Quince dias habiles de cada Diciembre,22011,22,11,El Marques,Querétaro,Lerma Santiago Pacifico,VIII,Lerma - Chapala,15,sin dato,SIN SEQUIA,SIN REDUCCION
Region A - Primeros Quince dias habiles de cada Diciembre,22012,22,12,Pedro Escobedo,Querétaro,Golfo Norte,IX,Rio Panuco,19,sin dato,SIN SEQUIA,SIN REDUCCION
Region A - Primeros Quince dias habiles de cada Diciembre,22013,22,13,Penamiller,Querétaro,Golfo Norte,IX,Rio Panuco,19,sin dato,SIN SEQUIA,SIN REDUCCION
Region A - Primeros Quince dias habiles de cada Diciembre,22014,22,14,Queretaro,Querétaro,Lerma Santiago Pacifico,VIII,Lerma - Chapala,15,sin dato,SIN SEQUIA,SIN REDUCCION
Region A - Primeros Quince dias habiles de cada Diciembre,22015,22,15,San Joaquin,Querétaro,Golfo Norte,IX,Rio Panuco,19,sin dato,SIN SEQUIA,SIN REDUCCION
Region A - Primeros Quince dias habiles de cada Diciembre,22016,22,16,San Juan del Rio,Querétaro,Golfo Norte,IX,Rio Panuco,19,sin dato,SIN SEQUIA,SIN REDUCCION
Region A - Primeros Quince dias habiles de cada Diciembre,22017,22,17,Tequisquiapan,Querétaro,Golfo Norte,IX,Rio Panuco,19,sin dato,SIN SEQUIA,SIN REDUCCION
Region A - Primeros Quince dias habiles de cada Diciembre,22018,22,18,Toliman,Querétaro,Golfo Norte,IX,Rio Panuco,19,sin dato,SIN SEQUIA,SIN REDUCCION
Region A - Primeros Quince dias habiles de cada Diciembre,23001,23,1,Cozumel,Quintana Roo,Peninsula de Yucatan,XII,Peninsula de Yucatan,25,sin dato,SIN SEQUIA,SIN REDUCCION
Region A - Primeros Quince dias habiles de cada Diciembre,23002,23,2,Felipe Carrillo Puerto,Quintana Roo,Peninsula de Yucatan,XII,Peninsula de Yucatan,25,sin dato,SIN SEQUIA,SIN REDUCCION
Region A - Primeros Quince dias habiles de cada Diciembre,23003,23,3,Isla Mujeres,Quintana Roo,Peninsula de Yucatan,XII,Peninsula de Yucatan,25,sin dato,SIN SEQUIA,SIN REDUCCION
Region A - Primeros Quince dias habiles de cada Diciembre,23004,23,4,Othon P. Blanco,Quintana Roo,Peninsula de Yucatan,XII,Peninsula de Yucatan,25,sin dato,SIN SEQUIA,SIN REDUCCION
Region C - Primeros 8 dias habiles de CADA MES,23005,23,5,Benito Juarez,Quintana Roo,Peninsula de Yucatan,XII,Peninsula de Yucatan,25,sin dato,SIN SEQUIA,SIN REDUCCION
Region A - Primeros Quince dias habiles de cada Diciembre,23006,23,6,Jose Maria Morelos,Quintana Roo,Peninsula de Yucatan,XII,Peninsula de Yucatan,25,sin dato,SIN SEQUIA,SIN REDUCCION
Region A - Primeros Quince dias habiles de cada Diciembre,23007,23,7,Lazaro Cardenas,Quintana Roo,Peninsula de Yucatan,XII,Peninsula de Yucatan,25,sin dato,SIN SEQUIA,SIN REDUCCION
Region A - Primeros Quince dias habiles de cada Diciembre,23008,23,8,Solidaridad,Quintana Roo,Peninsula de Yucatan,XII,Peninsula de Yucatan,25,sin dato,SIN SEQUIA,SIN REDUCCION
Region A - Primeros Quince dias habiles de cada Diciembre,23009,23,9,Tulum,Quintana Roo,Peninsula de Yucatan,XII,Peninsula de Yucatan,25,sin dato,SIN SEQUIA,SIN REDUCCION
Region A - Primeros Quince dias habiles de cada Diciembre,23010,23,10,Bacalar,Quintana Roo,Peninsula de Yucatan,XII,Peninsula de Yucatan,25,sin dato,SIN SEQUIA,SIN REDUCCION
Region A - Primeros Quince dias habiles de cada Diciembre,23011,23,11,Puerto Morelos,Quintana Roo,Peninsula de Yucatan,XII,Peninsula de Yucatan,25,D0,PRE-ALERTA,10%
Region A - Primeros Quince dias habiles de cada Diciembre,24001,24,1,Ahualulco,San Luis Potosí,Cuencas Centrales del Norte,VII,Del Altiplano,14,sin dato,SIN SEQUIA,SIN REDUCCION
Region A - Primeros Quince dias habiles de cada Diciembre,24002,24,2,Alaquines,San Luis Potosí,Golfo Norte,IX,Rio Panuco,19,sin dato,SIN SEQUIA,SIN REDUCCION
Region A - Primeros Quince dias habiles de cada Diciembre,24003,24,3,Aquismon,San Luis Potosí,Golfo Norte,IX,Rio Panuco,19,sin dato,SIN SEQUIA,SIN REDUCCION
Region A - Primeros Quince dias habiles de cada Diciembre,24004,24,4,Armadillo de los Infante,San Luis Potosí,Golfo Norte,IX,Rio Panuco,19,sin dato,SIN SEQUIA,SIN REDUCCION
Region A - Primeros Quince dias habiles de cada Diciembre,24005,24,5,Cardenas,San Luis Potosí,Golfo Norte,IX,Rio Panuco,19,sin dato,SIN SEQUIA,SIN REDUCCION
Region A - Primeros Quince dias habiles de cada Diciembre,24006,24,6,Catorce,San Luis Potosí,Cuencas Centrales del Norte,VII,Del Altiplano,14,sin dato,SIN SEQUIA,SIN REDUCCION
Region A - Primeros Quince dias habiles de cada Diciembre,24007,24,7,Cedral,San Luis Potosí,Cuencas Centrales del Norte,VII,Del Altiplano,14,sin dato,SIN SEQUIA,SIN REDUCCION
Region A - Primeros Quince dias habiles de cada Diciembre,24008,24,8,Cerritos,San Luis Potosí,Golfo Norte,IX,Rio Panuco,19,sin dato,SIN SEQUIA,SIN REDUCCION
Region A - Primeros Quince dias habiles de cada Diciembre,24009,24,9,Cerro de San Pedro,San Luis Potosí,Cuencas Centrales del Norte,VII,Del Altiplano,14,sin dato,SIN SEQUIA,SIN REDUCCION
Region A - Primeros Quince dias habiles de cada Diciembre,24010,24,10,Ciudad del Maiz,San Luis Potosí,Golfo Norte,IX,Del Altiplano,14,sin dato,SIN SEQUIA,SIN REDUCCION
Region A - Primeros Quince dias habiles de cada Diciembre,24011,24,11,Ciudad Fernandez,San Luis Potosí,Golfo Norte,IX,Rio Panuco,19,sin dato,SIN SEQUIA,SIN REDUCCION
Region A - Primeros Quince dias habiles de cada Diciembre,24012,24,12,Tancanhuitz,San Luis Potosí,Golfo Norte,IX,Rio Panuco,19,sin dato,SIN SEQUIA,SIN REDUCCION
Region A - Primeros Quince dias habiles de cada Diciembre,24013,24,13,Ciudad Valles,San Luis Potosí,Golfo Norte,IX,Rio Panuco,19,sin dato,SIN SEQUIA,SIN REDUCCION
Region A - Primeros Quince dias habiles de cada Diciembre,24014,24,14,Coxcatlan,San Luis Potosí,Golfo Norte,IX,Rio Panuco,19,sin dato,SIN SEQUIA,SIN REDUCCION
Region A - Primeros Quince dias habiles de cada Diciembre,24015,24,15,Charcas,San Luis Potosí,Cuencas Centrales del Norte,VII,Del Altiplano,14,sin dato,SIN SEQUIA,SIN REDUCCION
Region A - Primeros Quince dias habiles de cada Diciembre,24016,24,16,ebano,San Luis Potosí,Golfo Norte,IX,Rio Panuco,19,sin dato,SIN SEQUIA,SIN REDUCCION
Region A - Primeros Quince dias habiles de cada Diciembre,24017,24,17,Guadalcazar,San Luis Potosí,Cuencas Centrales del Norte,VII,Del Altiplano,14,sin dato,SIN SEQUIA,SIN REDUCCION
Region A - Primeros Quince dias habiles de cada Diciembre,24018,24,18,Huehuetlan,San Luis Potosí,Golfo Norte,IX,Rio Panuco,19,sin dato,SIN SEQUIA,SIN REDUCCION
Region A - Primeros Quince dias habiles de cada Diciembre,24019,24,19,Lagunillas,San Luis Potosí,Golfo Norte,IX,Rio Panuco,19,sin dato,SIN SEQUIA,SIN REDUCCION
Region A - Primeros Quince dias habiles de cada Diciembre,24020,24,20,Matehuala,San Luis Potosí,Cuencas Centrales del Norte,VII,Del Altiplano,14,sin dato,SIN SEQUIA,SIN REDUCCION
Region A - Primeros Quince dias habiles de cada Diciembre,24021,24,21,Mexquitic de Carmona,San Luis Potosí,Cuencas Centrales del Norte,VII,Del Altiplano,14,sin dato,SIN SEQUIA,SIN REDUCCION
Region A - Primeros Quince dias habiles de cada Diciembre,24022,24,22,Moctezuma,San Luis Potosí,Cuencas Centrales del Norte,VII,Del Altiplano,14,sin dato,SIN SEQUIA,SIN REDUCCION
Region A - Primeros Quince dias habiles de cada Diciembre,24023,24,23,Rayon,San Luis Potosí,Golfo Norte,IX,Rio Panuco,19,sin dato,SIN SEQUIA,SIN REDUCCION
Region A - Primeros Quince dias habiles de cada Diciembre,24024,24,24,Rioverde,San Luis Potosí,Golfo Norte,IX,Rio Panuco,19,sin dato,SIN SEQUIA,SIN REDUCCION
Region A - Primeros Quince dias habiles de cada Diciembre,24025,24,25,Salinas,San Luis Potosí,Cuencas Centrales del Norte,VII,Del Altiplano,14,sin dato,SIN SEQUIA,SIN REDUCCION
Region A - Primeros Quince dias habiles de cada Diciembre,24026,24,26,San Antonio,San Luis Potosí,Golfo Norte,IX,Rio Panuco,19,sin dato,SIN SEQUIA,SIN REDUCCION
Region A - Primeros Quince dias habiles de cada Diciembre,24027,24,27,San Ciro de Acosta,San Luis Potosí,Golfo Norte,IX,Rio Panuco,19,sin dato,SIN SEQUIA,SIN REDUCCION
Region A - Primeros Quince dias habiles de cada Diciembre,24028,24,28,San Luis Potosi,San Luis Potosí,Cuencas Centrales del Norte,VII,Del Altiplano,14,sin dato,SIN SEQUIA,SIN REDUCCION
Region A - Primeros Quince dias habiles de cada Diciembre,24029,24,29,San Martin Chalchicuautla,San Luis Potosí,Golfo Norte,IX,Rio Panuco,19,sin dato,SIN SEQUIA,SIN REDUCCION
Region A - Primeros Quince dias habiles de cada Diciembre,24030,24,30,San Nicolas Tolentino,San Luis Potosí,Golfo Norte,IX,Rio Panuco,19,sin dato,SIN SEQUIA,SIN REDUCCION
Region A - Primeros Quince dias habiles de cada Diciembre,24031,24,31,Santa Catarina,San Luis Potosí,Golfo Norte,IX,Rio Panuco,19,sin dato,SIN SEQUIA,SIN REDUCCION
Region A - Primeros Quince dias habiles de cada Diciembre,24032,24,32,Santa Maria del Rio,San Luis Potosí,Golfo Norte,IX,Rio Panuco,19,sin dato,SIN SEQUIA,SIN REDUCCION
Region A - Primeros Quince dias habiles de cada Diciembre,24033,24,33,Santo Domingo,San Luis Potosí,Cuencas Centrales del Norte,VII,Del Altiplano,14,sin dato,SIN SEQUIA,SIN REDUCCION
Region A - Primeros Quince dias habiles de cada Diciembre,24034,24,34,San Vicente Tancuayalab,San Luis Potosí,Golfo Norte,IX,Rio Panuco,19,sin dato,SIN SEQUIA,SIN REDUCCION
Region A - Primeros Quince dias habiles de cada Diciembre,24035,24,35,Soledad de Graciano Sanchez,San Luis Potosí,Cuencas Centrales del Norte,VII,Del Altiplano,14,sin dato,SIN SEQUIA,SIN REDUCCION
Region A - Primeros Quince dias habiles de cada Diciembre,24036,24,36,Tamasopo,San Luis Potosí,Golfo Norte,IX,Rio Panuco,19,sin dato,SIN SEQUIA,SIN REDUCCION
Region A - Primeros Quince dias habiles de cada Diciembre,24037,24,37,Tamazunchale,San Luis Potosí,Golfo Norte,IX,Rio Panuco,19,sin dato,SIN SEQUIA,SIN REDUCCION
Region A - Primeros Quince dias habiles de cada Diciembre,24038,24,38,Tampacan,San Luis Potosí,Golfo Norte,IX,Rio Panuco,19,sin dato,SIN SEQUIA,SIN REDUCCION
Region A - Primeros Quince dias habiles de cada Diciembre,24039,24,39,Tampamolon Corona,San Luis Potosí,Golfo Norte,IX,Rio Panuco,19,sin dato,SIN SEQUIA,SIN REDUCCION
Region A - Primeros Quince dias habiles de cada Diciembre,24040,24,40,Tamuin,San Luis Potosí,Golfo Norte,IX,Rio Panuco,19,sin dato,SIN SEQUIA,SIN REDUCCION
Region A - Primeros Quince dias habiles de cada Diciembre,24041,24,41,Tanlajas,San Luis Potosí,Golfo Norte,IX,Rio Panuco,19,sin dato,SIN SEQUIA,SIN REDUCCION
Region A - Primeros Quince dias habiles de cada Diciembre,24042,24,42,Tanquian de Escobedo,San Luis Potosí,Golfo Norte,IX,Rio Panuco,19,sin dato,SIN SEQUIA,SIN REDUCCION
Region A - Primeros Quince dias habiles de cada Diciembre,24043,24,43,Tierra Nueva,San Luis Potosí,Golfo Norte,IX,Rio Panuco,19,sin dato,SIN SEQUIA,SIN REDUCCION
Region A - Primeros Quince dias habiles de cada Diciembre,24044,24,44,Vanegas,San Luis Potosí,Cuencas Centrales del Norte,VII,Del Altiplano,14,sin dato,SIN SEQUIA,SIN REDUCCION
Region A - Primeros Quince dias habiles de cada Diciembre,24045,24,45,Venado,San Luis Potosí,Cuencas Centrales del Norte,VII,Del Altiplano,14,sin dato,SIN SEQUIA,SIN REDUCCION
Region A - Primeros Quince dias habiles de cada Diciembre,24046,24,46,Villa de Arriaga,San Luis Potosí,Cuencas Centrales del Norte,VII,Del Altiplano,14,sin dato,SIN SEQUIA,SIN REDUCCION
Region A - Primeros Quince dias habiles de cada Diciembre,24047,24,47,Villa de Guadalupe,San Luis Potosí,Cuencas Centrales del Norte,VII,Del Altiplano,14,sin dato,SIN SEQUIA,SIN REDUCCION
Region A - Primeros Quince dias habiles de cada Diciembre,24048,24,48,Villa de la Paz,San Luis Potosí,Cuencas Centrales del Norte,VII,Del Altiplano,14,sin dato,SIN SEQUIA,SIN REDUCCION
Region A - Primeros Quince dias habiles de cada Diciembre,24049,24,49,Villa de Ramos,San Luis Potosí,Cuencas Centrales del Norte,VII,Del Altiplano,14,sin dato,SIN SEQUIA,SIN REDUCCION
Region A - Primeros Quince dias habiles de cada Diciembre,24050,24,50,Villa de Reyes,San Luis Potosí,Cuencas Centrales del Norte,VII,Rio Panuco,19,sin dato,SIN SEQUIA,SIN REDUCCION
Region A - Primeros Quince dias habiles de cada Diciembre,24051,24,51,Villa Hidalgo,San Luis Potosí,Cuencas Centrales del Norte,VII,Del Altiplano,14,sin dato,SIN SEQUIA,SIN REDUCCION
Region A - Primeros Quince dias habiles de cada Diciembre,24052,24,52,Villa Juarez,San Luis Potosí,Golfo Norte,IX,Rio Panuco,19,sin dato,SIN SEQUIA,SIN REDUCCION
Region A - Primeros Quince dias habiles de cada Diciembre,24053,24,53,Axtla de Terrazas,San Luis Potosí,Golfo Norte,IX,Rio Panuco,19,sin dato,SIN SEQUIA,SIN REDUCCION
Region A - Primeros Quince dias habiles de cada Diciembre,24054,24,54,Xilitla,San Luis Potosí,Golfo Norte,IX,Rio Panuco,19,sin dato,SIN SEQUIA,SIN REDUCCION
Region A - Primeros Quince dias habiles de cada Diciembre,24055,24,55,Zaragoza,San Luis Potosí,Golfo Norte,IX,Rio Panuco,19,sin dato,SIN SEQUIA,SIN REDUCCION
Region A - Primeros Quince dias habiles de cada Diciembre,24056,24,56,Villa de Arista,San Luis Potosí,Cuencas Centrales del Norte,VII,Del Altiplano,14,sin dato,SIN SEQUIA,SIN REDUCCION
Region A - Primeros Quince dias habiles de cada Diciembre,24057,24,57,Matlapa,San Luis Potosí,Golfo Norte,IX,Rio Panuco,19,sin dato,SIN SEQUIA,SIN REDUCCION
Region A - Primeros Quince dias habiles de cada Diciembre,24058,24,58,El Naranjo,San Luis Potosí,Golfo Norte,IX,Rio Panuco,19,sin dato,SIN SEQUIA,SIN REDUCCION
Region A - Primeros Quince dias habiles de cada Diciembre,25001,25,1,Ahome,Sinaloa,Pacifico Norte,III,Rios Fuerte y Sinaloa,6,sin dato,SIN SEQUIA,SIN REDUCCION
Region A - Primeros Quince dias habiles de cada Diciembre,25002,25,2,Angostura,Sinaloa,Pacifico Norte,III,Rios Mocorito al Quelite,7,sin dato,SIN SEQUIA,SIN REDUCCION
Region A - Primeros Quince dias habiles de cada Diciembre,25003,25,3,Badiraguato,Sinaloa,Pacifico Norte,III,Rios Mocorito al Quelite,7,sin dato,SIN SEQUIA,SIN REDUCCION
Region A - Primeros Quince dias habiles de cada Diciembre,25004,25,4,Concordia,Sinaloa,Pacifico Norte,III,Rios Presidio al San Pedro,8,sin dato,SIN SEQUIA,SIN REDUCCION
Region A - Primeros Quince dias habiles de cada Diciembre,25005,25,5,Cosala,Sinaloa,Pacifico Norte,III,Rios Mocorito al Quelite,7,sin dato,SIN SEQUIA,SIN REDUCCION
Region A - Primeros Quince dias habiles de cada Diciembre,25006,25,6,Culiacan,Sinaloa,Pacifico Norte,III,Rios Mocorito al Quelite,7,sin dato,SIN SEQUIA,SIN REDUCCION
Region A - Primeros Quince dias habiles de cada Diciembre,25007,25,7,Choix,Sinaloa,Pacifico Norte,III,Rios Fuerte y Sinaloa,6,D1,PRE-ALERTA,15%
Region A - Primeros Quince dias habiles de cada Diciembre,25008,25,8,Elota,Sinaloa,Pacifico Norte,III,Rios Mocorito al Quelite,7,D0,PRE-ALERTA,10%
Region A - Primeros Quince dias habiles de cada Diciembre,25009,25,9,Escuinapa,Sinaloa,Pacifico Norte,III,Rios Presidio al San Pedro,8,sin dato,SIN SEQUIA,SIN REDUCCION
Region A - Primeros Quince dias habiles de cada Diciembre,25010,25,10,El Fuerte,Sinaloa,Pacifico Norte,III,Rios Fuerte y Sinaloa,6,sin dato,SIN SEQUIA,SIN REDUCCION
Region A - Primeros Quince dias habiles de cada Diciembre,25011,25,11,Guasave,Sinaloa,Pacifico Norte,III,Rios Fuerte y Sinaloa,6,D0,PRE-ALERTA,10%
Region A - Primeros Quince dias habiles de cada Diciembre,25012,25,12,Mazatlan,Sinaloa,Pacifico Norte,III,Rios Presidio al San Pedro,8,sin dato,SIN SEQUIA,SIN REDUCCION
Region A - Primeros Quince dias habiles de cada Diciembre,25013,25,13,Mocorito,Sinaloa,Pacifico Norte,III,Rios Mocorito al Quelite,7,sin dato,SIN SEQUIA,SIN REDUCCION
Region A - Primeros Quince dias habiles de cada Diciembre,25014,25,14,Rosario,Sinaloa,Pacifico Norte,III,Rios Presidio al San Pedro,8,sin dato,SIN SEQUIA,SIN REDUCCION
Region A - Primeros Quince dias habiles de cada Diciembre,25015,25,15,Salvador Alvarado,Sinaloa,Pacifico Norte,III,Rios Mocorito al Quelite,7,sin dato,SIN SEQUIA,SIN REDUCCION
Region A - Primeros Quince dias habiles de cada Diciembre,25016,25,16,San Ignacio,Sinaloa,Pacifico Norte,III,Rios Mocorito al Quelite,7,D0,PRE-ALERTA,10%
Region A - Primeros Quince dias habiles de cada Diciembre,25017,25,17,Sinaloa,Sinaloa,Pacifico Norte,III,Rios Fuerte y Sinaloa,6,sin dato,SIN SEQUIA,SIN REDUCCION
Region A - Primeros Quince dias habiles de cada Diciembre,25018,25,18,Navolato,Sinaloa,Pacifico Norte,III,Rios Mocorito al Quelite,7,D1,PRE-ALERTA,15%
Region A - Primeros Quince dias habiles de cada Diciembre,26001,26,1,Aconchi,Sonora,Noroeste,II,Alto Noroeste,3,sin dato,SIN SEQUIA,SIN REDUCCION
Region A - Primeros Quince dias habiles de cada Diciembre,26002,26,2,Agua Prieta,Sonora,Noroeste,II,Rios Yaqui y Matape,4,D1,NARANJA,25%
Region A - Primeros Quince dias habiles de cada Diciembre,26003,26,3,alamos,Sonora,Noroeste,II,Rios Fuerte y Sinaloa,6,sin dato,SIN SEQUIA,SIN REDUCCION
Region A - Primeros Quince dias habiles de cada Diciembre,26004,26,4,Altar,Sonora,Noroeste,II,Alto Noroeste,3,D0,AMARILLO,15%
Region A - Primeros Quince dias habiles de cada Diciembre,26005,26,5,Arivechi,Sonora,Noroeste,II,Rios Yaqui y Matape,4,D1,PRE-ALERTA,15%
Region A - Primeros Quince dias habiles de cada Diciembre,26006,26,6,Arizpe,Sonora,Noroeste,II,Alto Noroeste,3,D0,PRE-ALERTA,10%
Region A - Primeros Quince dias habiles de cada Diciembre,26007,26,7,atil,Sonora,Noroeste,II,Alto Noroeste,3,sin dato,SIN SEQUIA,SIN REDUCCION
Region A - Primeros Quince dias habiles de cada Diciembre,26008,26,8,Bacadehuachi,Sonora,Noroeste,II,Rios Yaqui y Matape,4,sin dato,SIN SEQUIA,SIN REDUCCION
Region A - Primeros Quince dias habiles de cada Diciembre,26009,26,9,Bacanora,Sonora,Noroeste,II,Rios Yaqui y Matape,4,D1,PRE-ALERTA,15%
Region A - Primeros Quince dias habiles de cada Diciembre,26010,26,10,Bacerac,Sonora,Noroeste,II,Rios Yaqui y Matape,4,sin dato,SIN SEQUIA,SIN REDUCCION
Region A - Primeros Quince dias habiles de cada Diciembre,26011,26,11,Bacoachi,Sonora,Noroeste,II,Alto Noroeste,3,D1,PRE-ALERTA,15%
Region A - Primeros Quince dias habiles de cada Diciembre,26012,26,12,Bacum,Sonora,Noroeste,II,Rios Yaqui y Matape,4,sin dato,SIN SEQUIA,SIN REDUCCION
Region A - Primeros Quince dias habiles de cada Diciembre,26013,26,13,Banamichi,Sonora,Noroeste,II,Alto Noroeste,3,sin dato,SIN SEQUIA,SIN REDUCCION
Region A - Primeros Quince dias habiles de cada Diciembre,26014,26,14,Baviacora,Sonora,Noroeste,II,Alto Noroeste,3,sin dato,SIN SEQUIA,SIN REDUCCION
Region A - Primeros Quince dias habiles de cada Diciembre,26015,26,15,Bavispe,Sonora,Noroeste,II,Rios Yaqui y Matape,4,sin dato,SIN SEQUIA,SIN REDUCCION
Region A - Primeros Quince dias habiles de cada Diciembre,26016,26,16,Benjamin Hill,Sonora,Noroeste,II,Alto Noroeste,3,sin dato,SIN SEQUIA,SIN REDUCCION
Region A - Primeros Quince dias habiles de cada Diciembre,26017,26,17,Caborca,Sonora,Noroeste,II,Alto Noroeste,3,sin dato,SIN SEQUIA,SIN REDUCCION
Region A - Primeros Quince dias habiles de cada Diciembre,26018,26,18,Cajeme,Sonora,Noroeste,II,Rios Yaqui y Matape,4,sin dato,SIN SEQUIA,SIN REDUCCION
Region A - Primeros Quince dias habiles de cada Diciembre,26019,26,19,Cananea,Sonora,Noroeste,II,Alto Noroeste,3,sin dato,SIN SEQUIA,SIN REDUCCION
Region A - Primeros Quince dias habiles de cada Diciembre,26020,26,20,Carbo,Sonora,Noroeste,II,Alto Noroeste,3,sin dato,SIN SEQUIA,SIN REDUCCION
Region A - Primeros Quince dias habiles de cada Diciembre,26021,26,21,La Colorada,Sonora,Noroeste,II,Rios Yaqui y Matape,4,sin dato,SIN SEQUIA,SIN REDUCCION
Region A - Primeros Quince dias habiles de cada Diciembre,26022,26,22,Cucurpe,Sonora,Noroeste,II,Alto Noroeste,3,sin dato,SIN SEQUIA,SIN REDUCCION
Region A - Primeros Quince dias habiles de cada Diciembre,26023,26,23,Cumpas,Sonora,Noroeste,II,Rios Yaqui y Matape,4,sin dato,SIN SEQUIA,SIN REDUCCION
Region A - Primeros Quince dias habiles de cada Diciembre,26024,26,24,Divisaderos,Sonora,Noroeste,II,Rios Yaqui y Matape,4,D2,PRE-ALERTA,15%
Region A - Primeros Quince dias habiles de cada Diciembre,26025,26,25,Empalme,Sonora,Noroeste,II,Rios Yaqui y Matape,4,sin dato,SIN SEQUIA,SIN REDUCCION
Region A - Primeros Quince dias habiles de cada Diciembre,26026,26,26,Etchojoa,Sonora,Noroeste,II,Rios Yaqui y Matape,4,sin dato,SIN SEQUIA,SIN REDUCCION
Region A - Primeros Quince dias habiles de cada Diciembre,26027,26,27,Fronteras,Sonora,Noroeste,II,Rios Yaqui y Matape,4,sin dato,SIN SEQUIA,SIN REDUCCION
Region A - Primeros Quince dias habiles de cada Diciembre,26028,26,28,Granados,Sonora,Noroeste,II,Rios Yaqui y Matape,4,sin dato,SIN SEQUIA,SIN REDUCCION
Region A - Primeros Quince dias habiles de cada Diciembre,26029,26,29,Guaymas,Sonora,Noroeste,II,Rios Yaqui y Matape,4,sin dato,SIN SEQUIA,SIN REDUCCION
Region A - Primeros Quince dias habiles de cada Diciembre,26030,26,30,Hermosillo,Sonora,Noroeste,II,Alto Noroeste,3,sin dato,SIN SEQUIA,SIN REDUCCION
Region A - Primeros Quince dias habiles de cada Diciembre,26031,26,31,Huachinera,Sonora,Noroeste,II,Rios Yaqui y Matape,4,sin dato,SIN SEQUIA,SIN REDUCCION
Region A - Primeros Quince dias habiles de cada Diciembre,26032,26,32,Huasabas,Sonora,Noroeste,II,Rios Yaqui y Matape,4,sin dato,SIN SEQUIA,SIN REDUCCION
Region A - Primeros Quince dias habiles de cada Diciembre,26033,26,33,Huatabampo,Sonora,Noroeste,II,Rio Mayo,5,sin dato,SIN SEQUIA,SIN REDUCCION
Region A - Primeros Quince dias habiles de cada Diciembre,26034,26,34,Huepac,Sonora,Noroeste,II,Alto Noroeste,3,sin dato,SIN SEQUIA,SIN REDUCCION
Region A - Primeros Quince dias habiles de cada Diciembre,26035,26,35,imuris,Sonora,Noroeste,II,Alto Noroeste,3,sin dato,SIN SEQUIA,SIN REDUCCION
Region A - Primeros Quince dias habiles de cada Diciembre,26036,26,36,Magdalena,Sonora,Noroeste,II,Alto Noroeste,3,sin dato,SIN SEQUIA,SIN REDUCCION
Region A - Primeros Quince dias habiles de cada Diciembre,26037,26,37,Mazatan,Sonora,Noroeste,II,Alto Noroeste,3,sin dato,SIN SEQUIA,SIN REDUCCION
Region A - Primeros Quince dias habiles de cada Diciembre,26038,26,38,Moctezuma,Sonora,Noroeste,II,Rios Yaqui y Matape,4,sin dato,SIN SEQUIA,SIN REDUCCION
Region A - Primeros Quince dias habiles de cada Diciembre,26039,26,39,Naco,Sonora,Noroeste,II,Rios Yaqui y Matape,4,sin dato,SIN SEQUIA,SIN REDUCCION
Region A - Primeros Quince dias habiles de cada Diciembre,26040,26,40,Nacori Chico,Sonora,Noroeste,II,Rios Yaqui y Matape,4,sin dato,SIN SEQUIA,SIN REDUCCION
Region A - Primeros Quince dias habiles de cada Diciembre,26041,26,41,Nacozari de Garcia,Sonora,Noroeste,II,Rios Yaqui y Matape,4,sin dato,SIN SEQUIA,SIN REDUCCION
Region A - Primeros Quince dias habiles de cada Diciembre,26042,26,42,Navojoa,Sonora,Noroeste,II,Rio Mayo,5,sin dato,SIN SEQUIA,SIN REDUCCION
Region A - Primeros Quince dias habiles de cada Diciembre,26043,26,43,Nogales,Sonora,Noroeste,II,Alto Noroeste,3,sin dato,SIN SEQUIA,SIN REDUCCION
Region A - Primeros Quince dias habiles de cada Diciembre,26044,26,44,onavas,Sonora,Noroeste,II,Rios Yaqui y Matape,4,sin dato,SIN SEQUIA,SIN REDUCCION
Region A - Primeros Quince dias habiles de cada Diciembre,26045,26,45,Opodepe,Sonora,Noroeste,II,Alto Noroeste,3,sin dato,SIN SEQUIA,SIN REDUCCION
Region A - Primeros Quince dias habiles de cada Diciembre,26046,26,46,Oquitoa,Sonora,Noroeste,II,Alto Noroeste,3,sin dato,SIN SEQUIA,SIN REDUCCION
Region A - Primeros Quince dias habiles de cada Diciembre,26047,26,47,Pitiquito,Sonora,Noroeste,II,Alto Noroeste,3,sin dato,SIN SEQUIA,SIN REDUCCION
Region B - Primeros 8 dias habiles de abril,26048,26,48,Puerto Penasco,Sonora,Noroeste,II,Alto Noroeste,3,sin dato,SIN SEQUIA,SIN REDUCCION
Region A - Primeros Quince dias habiles de cada Diciembre,26049,26,49,Quiriego,Sonora,Noroeste,II,Rios Yaqui y Matape,4,sin dato,SIN SEQUIA,SIN REDUCCION
Region A - Primeros Quince dias habiles de cada Diciembre,26050,26,50,Rayon,Sonora,Noroeste,II,Alto Noroeste,3,D0,PRE-ALERTA,10%
Region A - Primeros Quince dias habiles de cada Diciembre,26051,26,51,Rosario,Sonora,Noroeste,II,Rios Yaqui y Matape,4,sin dato,SIN SEQUIA,SIN REDUCCION
Region A - Primeros Quince dias habiles de cada Diciembre,26052,26,52,Sahuaripa,Sonora,Noroeste,II,Rios Yaqui y Matape,4,sin dato,SIN SEQUIA,SIN REDUCCION
Region A - Primeros Quince dias habiles de cada Diciembre,26053,26,53,San Felipe de Jesus,Sonora,Noroeste,II,Alto Noroeste,3,sin dato,SIN SEQUIA,SIN REDUCCION
Region A - Primeros Quince dias habiles de cada Diciembre,26054,26,54,San Javier,Sonora,Noroeste,II,Rios Yaqui y Matape,4,sin dato,SIN SEQUIA,SIN REDUCCION
Region B - Primeros 8 dias habiles de abril,26055,26,55,San Luis Rio Colorado,Sonora,Noroeste,II,Alto Noroeste,3,D1,NARANJA,25%
Region A - Primeros Quince dias habiles de cada Diciembre,26056,26,56,San Miguel de Horcasitas,Sonora,Noroeste,II,Alto Noroeste,3,sin dato,SIN SEQUIA,SIN REDUCCION
Region A - Primeros Quince dias habiles de cada Diciembre,26057,26,57,San Pedro de la Cueva,Sonora,Noroeste,II,Rios Yaqui y Matape,4,sin dato,SIN SEQUIA,SIN REDUCCION
Region A - Primeros Quince dias habiles de cada Diciembre,26058,26,58,Santa Ana,Sonora,Noroeste,II,Alto Noroeste,3,sin dato,SIN SEQUIA,SIN REDUCCION
Region A - Primeros Quince dias habiles de cada Diciembre,26059,26,59,Santa Cruz,Sonora,Noroeste,II,Alto Noroeste,3,sin dato,SIN SEQUIA,SIN REDUCCION
Region A - Primeros Quince dias habiles de cada Diciembre,26060,26,60,Saric,Sonora,Noroeste,II,Alto Noroeste,3,sin dato,SIN SEQUIA,SIN REDUCCION
Region A - Primeros Quince dias habiles de cada Diciembre,26061,26,61,Soyopa,Sonora,Noroeste,II,Rios Yaqui y Matape,4,sin dato,SIN SEQUIA,SIN REDUCCION
Region A - Primeros Quince dias habiles de cada Diciembre,26062,26,62,Suaqui Grande,Sonora,Noroeste,II,Rios Yaqui y Matape,4,sin dato,SIN SEQUIA,SIN REDUCCION
Region A - Primeros Quince dias habiles de cada Diciembre,26063,26,63,Tepache,Sonora,Noroeste,II,Rios Yaqui y Matape,4,sin dato,SIN SEQUIA,SIN REDUCCION
Region A - Primeros Quince dias habiles de cada Diciembre,26064,26,64,Trincheras,Sonora,Noroeste,II,Alto Noroeste,3,sin dato,SIN SEQUIA,SIN REDUCCION
Region A - Primeros Quince dias habiles de cada Diciembre,26065,26,65,Tubutama,Sonora,Noroeste,II,Alto Noroeste,3,sin dato,SIN SEQUIA,SIN REDUCCION
Region A - Primeros Quince dias habiles de cada Diciembre,26066,26,66,Ures,Sonora,Noroeste,II,Alto Noroeste,3,sin dato,SIN SEQUIA,SIN REDUCCION
Region A - Primeros Quince dias habiles de cada Diciembre,26067,26,67,Villa Hidalgo,Sonora,Noroeste,II,Rios Yaqui y Matape,4,D1,PRE-ALERTA,15%
Region A - Primeros Quince dias habiles de cada Diciembre,26068,26,68,Villa Pesqueira,Sonora,Noroeste,II,Rios Yaqui y Matape,4,sin dato,SIN SEQUIA,SIN REDUCCION
Region A - Primeros Quince dias habiles de cada Diciembre,26069,26,69,Yecora,Sonora,Noroeste,II,Rios Yaqui y Matape,4,sin dato,SIN SEQUIA,SIN REDUCCION
Region A - Primeros Quince dias habiles de cada Diciembre,26070,26,70,General Plutarco Elias Calles,Sonora,Noroeste,II,Alto Noroeste,3,sin dato,SIN SEQUIA,SIN REDUCCION
Region A - Primeros Quince dias habiles de cada Diciembre,26071,26,71,Benito Juarez,Sonora,Noroeste,II,Rios Yaqui y Matape,4,sin dato,SIN SEQUIA,SIN REDUCCION
Region A - Primeros Quince dias habiles de cada Diciembre,26072,26,72,San Ignacio Rio Muerto,Sonora,Noroeste,II,Rios Yaqui y Matape,4,D0,PRE-ALERTA,10%
Region C - Primeros 8 dias habiles de CADA MES,27001,27,1,Balancan,Tabasco,Frontera Sur,XI,Rios Grijalva y Usumacinta,24,sin dato,SIN SEQUIA,SIN REDUCCION
Region C - Primeros 8 dias habiles de CADA MES,27002,27,2,Cardenas,Tabasco,Frontera Sur,XI,Rios Grijalva y Usumacinta,24,sin dato,SIN SEQUIA,SIN REDUCCION
Region C - Primeros 8 dias habiles de CADA MES,27003,27,3,Centla,Tabasco,Frontera Sur,XI,Rios Grijalva y Usumacinta,24,sin dato,SIN SEQUIA,SIN REDUCCION
Region C - Primeros 8 dias habiles de CADA MES,27004,27,4,Centro,Tabasco,Frontera Sur,XI,Rios Grijalva y Usumacinta,24,sin dato,SIN SEQUIA,SIN REDUCCION
Region C - Primeros 8 dias habiles de CADA MES,27005,27,5,Comalcalco,Tabasco,Frontera Sur,XI,Rios Grijalva y Usumacinta,24,D2,ROJO,30%
Region C - Primeros 8 dias habiles de CADA MES,27006,27,6,Cunduacan,Tabasco,Frontera Sur,XI,Rios Grijalva y Usumacinta,24,sin dato,SIN SEQUIA,SIN REDUCCION
Region C - Primeros 8 dias habiles de CADA MES,27007,27,7,Emiliano Zapata,Tabasco,Frontera Sur,XI,Rios Grijalva y Usumacinta,24,sin dato,SIN SEQUIA,SIN REDUCCION
Region C - Primeros 8 dias habiles de CADA MES,27008,27,8,Huimanguillo,Tabasco,Frontera Sur,XI,Rios Grijalva y Usumacinta,24,D0,PRE-ALERTA,10%
Region C - Primeros 8 dias habiles de CADA MES,27009,27,9,Jalapa,Tabasco,Frontera Sur,XI,Rios Grijalva y Usumacinta,24,sin dato,SIN SEQUIA,SIN REDUCCION
Region C - Primeros 8 dias habiles de CADA MES,27010,27,10,Jalpa de Mendez,Tabasco,Frontera Sur,XI,Rios Grijalva y Usumacinta,24,D0,AMARILLO,15%
Region C - Primeros 8 dias habiles de CADA MES,27011,27,11,Jonuta,Tabasco,Frontera Sur,XI,Rios Grijalva y Usumacinta,24,sin dato,SIN SEQUIA,SIN REDUCCION
Region C - Primeros 8 dias habiles de CADA MES,27012,27,12,Macuspana,Tabasco,Frontera Sur,XI,Rios Grijalva y Usumacinta,24,sin dato,SIN SEQUIA,SIN REDUCCION
Region C - Primeros 8 dias habiles de CADA MES,27013,27,13,Nacajuca,Tabasco,Frontera Sur,XI,Rios Grijalva y Usumacinta,24,sin dato,SIN SEQUIA,SIN REDUCCION
Region C - Primeros 8 dias habiles de CADA MES,27014,27,14,Paraiso,Tabasco,Frontera Sur,XI,Rios Grijalva y Usumacinta,24,sin dato,SIN SEQUIA,SIN REDUCCION
Region C - Primeros 8 dias habiles de CADA MES,27015,27,15,Tacotalpa,Tabasco,Frontera Sur,XI,Rios Grijalva y Usumacinta,24,sin dato,SIN SEQUIA,SIN REDUCCION
Region C - Primeros 8 dias habiles de CADA MES,27016,27,16,Teapa,Tabasco,Frontera Sur,XI,Rios Grijalva y Usumacinta,24,sin dato,SIN SEQUIA,SIN REDUCCION
Region C - Primeros 8 dias habiles de CADA MES,27017,27,17,Tenosique,Tabasco,Frontera Sur,XI,Rios Grijalva y Usumacinta,24,sin dato,SIN SEQUIA,SIN REDUCCION
Region C - Primeros 8 dias habiles de CADA MES,28001,28,1,Abasolo,Tamaulipas,Golfo Norte,IX,Rios San Fernando-Soto la Marina,18,D0,PRE-ALERTA,10%
Region A - Primeros Quince dias habiles de cada Diciembre,28002,28,2,Aldama,Tamaulipas,Golfo Norte,IX,Rios San Fernando-Soto la Marina,18,sin dato,SIN SEQUIA,SIN REDUCCION
Region A - Primeros Quince dias habiles de cada Diciembre,28003,28,3,Altamira,Tamaulipas,Golfo Norte,IX,Rios San Fernando-Soto la Marina,18,sin dato,SIN SEQUIA,SIN REDUCCION
Region A - Primeros Quince dias habiles de cada Diciembre,28004,28,4,Antiguo Morelos,Tamaulipas,Golfo Norte,IX,Rio Panuco,19,sin dato,SIN SEQUIA,SIN REDUCCION
Region C - Primeros 8 dias habiles de CADA MES,28005,28,5,Burgos,Tamaulipas,Golfo Norte,IX,Rios San Fernando-Soto la Marina,18,sin dato,SIN SEQUIA,SIN REDUCCION
Region A - Primeros Quince dias habiles de cada Diciembre,28006,28,6,Bustamante,Tamaulipas,Cuencas Centrales del Norte,VII,Del Altiplano,14,sin dato,SIN SEQUIA,SIN REDUCCION
Region C - Primeros 8 dias habiles de CADA MES,28007,28,7,Camargo,Tamaulipas,Rio Bravo,VI,Rio Bravo,12,D1,VERDE,15%
Region A - Primeros Quince dias habiles de cada Diciembre,28008,28,8,Casas,Tamaulipas,Golfo Norte,IX,Rios San Fernando-Soto la Marina,18,D1,PRE-ALERTA,15%
Region A - Primeros Quince dias habiles de cada Diciembre,28009,28,9,Ciudad Madero,Tamaulipas,Golfo Norte,IX,Rio Panuco,19,sin dato,SIN SEQUIA,SIN REDUCCION
Region C - Primeros 8 dias habiles de CADA MES,28010,28,10,Cruillas,Tamaulipas,Golfo Norte,IX,Rios San Fernando-Soto la Marina,18,sin dato,SIN SEQUIA,SIN REDUCCION
Region A - Primeros Quince dias habiles de cada Diciembre,28011,28,11,Gomez Farias,Tamaulipas,Golfo Norte,IX,Rio Panuco,19,sin dato,SIN SEQUIA,SIN REDUCCION
Region A - Primeros Quince dias habiles de cada Diciembre,28012,28,12,Gonzalez,Tamaulipas,Golfo Norte,IX,Rio Panuco,19,D1,PRE-ALERTA,15%
Region A - Primeros Quince dias habiles de cada Diciembre,28013,28,13,Güemez,Tamaulipas,Golfo Norte,IX,Rios San Fernando-Soto la Marina,18,sin dato,SIN SEQUIA,SIN REDUCCION
Region C - Primeros 8 dias habiles de CADA MES,28014,28,14,Guerrero,Tamaulipas,Rio Bravo,VI,Rio Bravo,12,D3,ROJO,40%
Region C - Primeros 8 dias habiles de CADA MES,28015,28,15,Gustavo Diaz Ordaz,Tamaulipas,Rio Bravo,VI,Rio Bravo,12,D1,VERDE,15%
Region A - Primeros Quince dias habiles de cada Diciembre,28016,28,16,Hidalgo,Tamaulipas,Golfo Norte,IX,Rios San Fernando-Soto la Marina,18,sin dato,SIN SEQUIA,SIN REDUCCION
Region A - Primeros Quince dias habiles de cada Diciembre,28017,28,17,Jaumave,Tamaulipas,Golfo Norte,IX,Rio Panuco,19,D1,PRE-ALERTA,15%
Region A - Primeros Quince dias habiles de cada Diciembre,28018,28,18,Jimenez,Tamaulipas,Golfo Norte,IX,Rios San Fernando-Soto la Marina,18,sin dato,SIN SEQUIA,SIN REDUCCION
Region A - Primeros Quince dias habiles de cada Diciembre,28019,28,19,Llera,Tamaulipas,Golfo Norte,IX,Rio Panuco,19,sin dato,SIN SEQUIA,SIN REDUCCION
Region A - Primeros Quince dias habiles de cada Diciembre,28020,28,20,Mainero,Tamaulipas,Golfo Norte,IX,Rios San Fernando-Soto la Marina,18,D0,PRE-ALERTA,10%
Region A - Primeros Quince dias habiles de cada Diciembre,28021,28,21,El Mante,Tamaulipas,Golfo Norte,IX,Rio Panuco,19,D3,PRE-ALERTA,15%
Region A - Primeros Quince dias habiles de cada Diciembre,28022,28,22,Matamoros,Tamaulipas,Rio Bravo,VI,Rio Bravo,12,D3,PRE-ALERTA,15%
Region A - Primeros Quince dias habiles de cada Diciembre,28023,28,23,Mendez,Tamaulipas,Golfo Norte,IX,Rios San Fernando-Soto la Marina,18,sin dato,SIN SEQUIA,SIN REDUCCION
Region A - Primeros Quince dias habiles de cada Diciembre,28024,28,24,Mier,Tamaulipas,Rio Bravo,VI,Rio Bravo,12,sin dato,SIN SEQUIA,SIN REDUCCION
Region A - Primeros Quince dias habiles de cada Diciembre,28025,28,25,Miguel Aleman,Tamaulipas,Rio Bravo,VI,Rio Bravo,12,D1,VERDE,15%
Region C - Primeros 8 dias habiles de CADA MES,28026,28,26,Miquihuana,Tamaulipas,Cuencas Centrales del Norte,VII,Del Altiplano,14,sin dato,SIN SEQUIA,SIN REDUCCION
Region C - Primeros 8 dias habiles de CADA MES,28027,28,27,Nuevo Laredo,Tamaulipas,Rio Bravo,VI,Rio Bravo,12,sin dato,SIN SEQUIA,SIN REDUCCION
Region A - Primeros Quince dias habiles de cada Diciembre,28028,28,28,Nuevo Morelos,Tamaulipas,Golfo Norte,IX,Rio Panuco,19,sin dato,SIN SEQUIA,SIN REDUCCION
Region A - Primeros Quince dias habiles de cada Diciembre,28029,28,29,Ocampo,Tamaulipas,Golfo Norte,IX,Rio Panuco,19,D1,PRE-ALERTA,15%
Region C - Primeros 8 dias habiles de CADA MES,28030,28,30,Padilla,Tamaulipas,Golfo Norte,IX,Rios San Fernando-Soto la Marina,18,D0,PRE-ALERTA,10%
Region A - Primeros Quince dias habiles de cada Diciembre,28031,28,31,Palmillas,Tamaulipas,Golfo Norte,IX,Rio Panuco,19,D3,PRE-ALERTA,15%
Region C - Primeros 8 dias habiles de CADA MES,28032,28,32,Reynosa,Tamaulipas,Rio Bravo,VI,Rio Bravo,12,D3,VERDE,15%
Region C - Primeros 8 dias habiles de CADA MES,28033,28,33,Rio Bravo,Tamaulipas,Rio Bravo,VI,Rio Bravo,12,sin dato,SIN SEQUIA,SIN REDUCCION
Region C - Primeros 8 dias habiles de CADA MES,28034,28,34,San Carlos,Tamaulipas,Golfo Norte,IX,Rios San Fernando-Soto la Marina,18,D3,PRE-ALERTA,15%
Region C - Primeros 8 dias habiles de CADA MES,28035,28,35,San Fernando,Tamaulipas,Golfo Norte,IX,Rios San Fernando-Soto la Marina,18,sin dato,SIN SEQUIA,SIN REDUCCION
Region C - Primeros 8 dias habiles de CADA MES,28036,28,36,San Nicolas,Tamaulipas,Golfo Norte,IX,Rios San Fernando-Soto la Marina,18,sin dato,SIN SEQUIA,SIN REDUCCION
Region A - Primeros Quince dias habiles de cada Diciembre,28037,28,37,Soto la Marina,Tamaulipas,Golfo Norte,IX,Rios San Fernando-Soto la Marina,18,D1,PRE-ALERTA,15%
Region A - Primeros Quince dias habiles de cada Diciembre,28038,28,38,Tampico,Tamaulipas,Golfo Norte,IX,Rio Panuco,19,sin dato,SIN SEQUIA,SIN REDUCCION
Region A - Primeros Quince dias habiles de cada Diciembre,28039,28,39,Tula,Tamaulipas,Cuencas Centrales del Norte,VII,Del Altiplano,14,D2,PRE-ALERTA,15%
Region A - Primeros Quince dias habiles de cada Diciembre,28040,28,40,Valle Hermoso,Tamaulipas,Rio Bravo,VI,Rio Bravo,12,D1,PRE-ALERTA,15%
Region A - Primeros Quince dias habiles de cada Diciembre,28041,28,41,Victoria,Tamaulipas,Golfo Norte,IX,Rios San Fernando-Soto la Marina,18,D1,PRE-ALERTA,15%
Region A - Primeros Quince dias habiles de cada Diciembre,28042,28,42,Villagran,Tamaulipas,Golfo Norte,IX,Rios San Fernando-Soto la Marina,18,D0,PRE-ALERTA,10%
Region A - Primeros Quince dias habiles de cada Diciembre,28043,28,43,Xicotencatl,Tamaulipas,Golfo Norte,IX,Rio Panuco,19,D1,PRE-ALERTA,15%
Region A - Primeros Quince dias habiles de cada Diciembre,29001,29,1,Amaxac de Guerrero,Tlaxcala,Balsas,IV,Rio Balsas,9,D1,PRE-ALERTA,15%
Region A - Primeros Quince dias habiles de cada Diciembre,29002,29,2,Apetatitlan de Antonio Carvajal,Tlaxcala,Balsas,IV,Rio Balsas,9,sin dato,SIN SEQUIA,SIN REDUCCION
Region A - Primeros Quince dias habiles de cada Diciembre,29003,29,3,Atlangatepec,Tlaxcala,Balsas,IV,Rio Balsas,9,sin dato,SIN SEQUIA,SIN REDUCCION
Region A - Primeros Quince dias habiles de cada Diciembre,29004,29,4,Altzayanca,Tlaxcala,Balsas,IV,Rio Balsas,9,D0,PRE-ALERTA,10%
Region A - Primeros Quince dias habiles de cada Diciembre,29005,29,5,Apizaco,Tlaxcala,Balsas,IV,Rio Balsas,9,sin dato,SIN SEQUIA,SIN REDUCCION
Region A - Primeros Quince dias habiles de cada Diciembre,29006,29,6,Calpulalpan,Tlaxcala,Aguas del Valle de Mexico,XIII,Valle de Mexico,26,sin dato,SIN SEQUIA,SIN REDUCCION
Region A - Primeros Quince dias habiles de cada Diciembre,29007,29,7,El Carmen Tequexquitla,Tlaxcala,Balsas,IV,Rio Balsas,9,sin dato,SIN SEQUIA,SIN REDUCCION
Region A - Primeros Quince dias habiles de cada Diciembre,29008,29,8,Cuapiaxtla,Tlaxcala,Balsas,IV,Rio Balsas,9,sin dato,SIN SEQUIA,SIN REDUCCION
Region A - Primeros Quince dias habiles de cada Diciembre,29009,29,9,Cuaxomulco,Tlaxcala,Balsas,IV,Rio Balsas,9,sin dato,SIN SEQUIA,SIN REDUCCION
Region A - Primeros Quince dias habiles de cada Diciembre,29010,29,10,Chiautempan,Tlaxcala,Balsas,IV,Rio Balsas,9,sin dato,SIN SEQUIA,SIN REDUCCION
Region A - Primeros Quince dias habiles de cada Diciembre,29011,29,11,Munoz de Domingo Arenas,Tlaxcala,Balsas,IV,Rio Balsas,9,sin dato,SIN SEQUIA,SIN REDUCCION
Region A - Primeros Quince dias habiles de cada Diciembre,29012,29,12,Espanita,Tlaxcala,Balsas,IV,Rio Balsas,9,sin dato,SIN SEQUIA,SIN REDUCCION
Region A - Primeros Quince dias habiles de cada Diciembre,29013,29,13,Huamantla,Tlaxcala,Balsas,IV,Rio Balsas,9,sin dato,SIN SEQUIA,SIN REDUCCION
Region A - Primeros Quince dias habiles de cada Diciembre,29014,29,14,Hueyotlipan,Tlaxcala,Balsas,IV,Valle de Mexico,26,sin dato,SIN SEQUIA,SIN REDUCCION
Region A - Primeros Quince dias habiles de cada Diciembre,29015,29,15,Ixtacuixtla de Mariano Matamoros,Tlaxcala,Balsas,IV,Rio Balsas,9,sin dato,SIN SEQUIA,SIN REDUCCION
Region A - Primeros Quince dias habiles de cada Diciembre,29016,29,16,Ixtenco,Tlaxcala,Balsas,IV,Rio Balsas,9,sin dato,SIN SEQUIA,SIN REDUCCION
Region A - Primeros Quince dias habiles de cada Diciembre,29017,29,17,Mazatecochco de Jose Maria Morelos,Tlaxcala,Balsas,IV,Rio Balsas,9,sin dato,SIN SEQUIA,SIN REDUCCION
Region A - Primeros Quince dias habiles de cada Diciembre,29018,29,18,Contla de Juan Cuamatzi,Tlaxcala,Balsas,IV,Rio Balsas,9,sin dato,SIN SEQUIA,SIN REDUCCION
Region A - Primeros Quince dias habiles de cada Diciembre,29019,29,19,Tepetitla de Lardizabal,Tlaxcala,Balsas,IV,Rio Balsas,9,sin dato,SIN SEQUIA,SIN REDUCCION
Region A - Primeros Quince dias habiles de cada Diciembre,29020,29,20,Sanctorum de Lazaro Cardenas,Tlaxcala,Aguas del Valle de Mexico,XIII,Valle de Mexico,26,sin dato,SIN SEQUIA,SIN REDUCCION
Region A - Primeros Quince dias habiles de cada Diciembre,29021,29,21,Nanacamilpa de Mariano Arista,Tlaxcala,Aguas del Valle de Mexico,XIII,Valle de Mexico,26,sin dato,SIN SEQUIA,SIN REDUCCION
Region A - Primeros Quince dias habiles de cada Diciembre,29022,29,22,Acuamanala de Miguel Hidalgo,Tlaxcala,Balsas,IV,Rio Balsas,9,sin dato,SIN SEQUIA,SIN REDUCCION
Region A - Primeros Quince dias habiles de cada Diciembre,29023,29,23,Nativitas,Tlaxcala,Balsas,IV,Rio Balsas,9,sin dato,SIN SEQUIA,SIN REDUCCION
Region A - Primeros Quince dias habiles de cada Diciembre,29024,29,24,Panotla,Tlaxcala,Balsas,IV,Rio Balsas,9,sin dato,SIN SEQUIA,SIN REDUCCION
Region A - Primeros Quince dias habiles de cada Diciembre,29025,29,25,San Pablo del Monte,Tlaxcala,Balsas,IV,Rio Balsas,9,sin dato,SIN SEQUIA,SIN REDUCCION
Region A - Primeros Quince dias habiles de cada Diciembre,29026,29,26,Santa Cruz Tlaxcala,Tlaxcala,Balsas,IV,Rio Balsas,9,sin dato,SIN SEQUIA,SIN REDUCCION
Region A - Primeros Quince dias habiles de cada Diciembre,29027,29,27,Tenancingo,Tlaxcala,Balsas,IV,Rio Balsas,9,sin dato,SIN SEQUIA,SIN REDUCCION
Region A - Primeros Quince dias habiles de cada Diciembre,29028,29,28,Teolocholco,Tlaxcala,Balsas,IV,Rio Balsas,9,sin dato,SIN SEQUIA,SIN REDUCCION
Region A - Primeros Quince dias habiles de cada Diciembre,29029,29,29,Tepeyanco,Tlaxcala,Balsas,IV,Rio Balsas,9,sin dato,SIN SEQUIA,SIN REDUCCION
Region A - Primeros Quince dias habiles de cada Diciembre,29030,29,30,Terrenate,Tlaxcala,Balsas,IV,Rios Tuxpan al Jamapa,20,sin dato,SIN SEQUIA,SIN REDUCCION
Region A - Primeros Quince dias habiles de cada Diciembre,29031,29,31,Tetla de la Solidaridad,Tlaxcala,Balsas,IV,Rio Balsas,9,sin dato,SIN SEQUIA,SIN REDUCCION
Region A - Primeros Quince dias habiles de cada Diciembre,29032,29,32,Tetlatlahuca,Tlaxcala,Balsas,IV,Rio Balsas,9,sin dato,SIN SEQUIA,SIN REDUCCION
Region A - Primeros Quince dias habiles de cada Diciembre,29033,29,33,Tlaxcala,Tlaxcala,Balsas,IV,Rio Balsas,9,sin dato,SIN SEQUIA,SIN REDUCCION
Region A - Primeros Quince dias habiles de cada Diciembre,29034,29,34,Tlaxco,Tlaxcala,Balsas,IV,Rio Balsas,9,sin dato,SIN SEQUIA,SIN REDUCCION
Region A - Primeros Quince dias habiles de cada Diciembre,29035,29,35,Tocatlan,Tlaxcala,Balsas,IV,Rio Balsas,9,sin dato,SIN SEQUIA,SIN REDUCCION
Region A - Primeros Quince dias habiles de cada Diciembre,29036,29,36,Totolac,Tlaxcala,Balsas,IV,Rio Balsas,9,sin dato,SIN SEQUIA,SIN REDUCCION
Region A - Primeros Quince dias habiles de cada Diciembre,29037,29,37,Zitlaltepec de Trinidad Sanchez Santos,Tlaxcala,Balsas,IV,Rio Balsas,9,sin dato,SIN SEQUIA,SIN REDUCCION
Region A - Primeros Quince dias habiles de cada Diciembre,29038,29,38,Tzompantepec,Tlaxcala,Balsas,IV,Rio Balsas,9,sin dato,SIN SEQUIA,SIN REDUCCION
Region A - Primeros Quince dias habiles de cada Diciembre,29039,29,39,Xaloztoc,Tlaxcala,Balsas,IV,Rio Balsas,9,sin dato,SIN SEQUIA,SIN REDUCCION
Region A - Primeros Quince dias habiles de cada Diciembre,29040,29,40,Xaltocan,Tlaxcala,Balsas,IV,Rio Balsas,9,sin dato,SIN SEQUIA,SIN REDUCCION
Region A - Primeros Quince dias habiles de cada Diciembre,29041,29,41,Papalotla de Xicohtencatl,Tlaxcala,Balsas,IV,Rio Balsas,9,sin dato,SIN SEQUIA,SIN REDUCCION
Region A - Primeros Quince dias habiles de cada Diciembre,29042,29,42,Xicohtzinco,Tlaxcala,Balsas,IV,Rio Balsas,9,sin dato,SIN SEQUIA,SIN REDUCCION
Region A - Primeros Quince dias habiles de cada Diciembre,29043,29,43,Yauhquemecan,Tlaxcala,Balsas,IV,Rio Balsas,9,sin dato,SIN SEQUIA,SIN REDUCCION
Region A - Primeros Quince dias habiles de cada Diciembre,29044,29,44,Zacatelco,Tlaxcala,Balsas,IV,Rio Balsas,9,sin dato,SIN SEQUIA,SIN REDUCCION
Region A - Primeros Quince dias habiles de cada Diciembre,29045,29,45,Benito Juarez,Tlaxcala,Aguas del Valle de Mexico,XIII,Valle de Mexico,26,sin dato,SIN SEQUIA,SIN REDUCCION
Region A - Primeros Quince dias habiles de cada Diciembre,29046,29,46,Emiliano Zapata,Tlaxcala,Balsas,IV,Rios Tuxpan al Jamapa,20,sin dato,SIN SEQUIA,SIN REDUCCION
Region A - Primeros Quince dias habiles de cada Diciembre,29047,29,47,Lazaro Cardenas,Tlaxcala,Balsas,IV,Rios Tuxpan al Jamapa,20,sin dato,SIN SEQUIA,SIN REDUCCION
Region A - Primeros Quince dias habiles de cada Diciembre,29048,29,48,La Magdalena Tlaltelulco,Tlaxcala,Balsas,IV,Rio Balsas,9,sin dato,SIN SEQUIA,SIN REDUCCION
Region A - Primeros Quince dias habiles de cada Diciembre,29049,29,49,San Damian Texoloc,Tlaxcala,Balsas,IV,Rio Balsas,9,sin dato,SIN SEQUIA,SIN REDUCCION
Region A - Primeros Quince dias habiles de cada Diciembre,29050,29,50,San Francisco Tetlanohcan,Tlaxcala,Balsas,IV,Rio Balsas,9,sin dato,SIN SEQUIA,SIN REDUCCION
Region A - Primeros Quince dias habiles de cada Diciembre,29051,29,51,San Jeronimo Zacualpan,Tlaxcala,Balsas,IV,Rio Balsas,9,sin dato,SIN SEQUIA,SIN REDUCCION
Region A - Primeros Quince dias habiles de cada Diciembre,29052,29,52,San Jose Teacalco,Tlaxcala,Balsas,IV,Rio Balsas,9,sin dato,SIN SEQUIA,SIN REDUCCION
Region A - Primeros Quince dias habiles de cada Diciembre,29053,29,53,San Juan Huactzinco,Tlaxcala,Balsas,IV,Rio Balsas,9,sin dato,SIN SEQUIA,SIN REDUCCION
Region A - Primeros Quince dias habiles de cada Diciembre,29054,29,54,San Lorenzo Axocomanitla,Tlaxcala,Balsas,IV,Rio Balsas,9,sin dato,SIN SEQUIA,SIN REDUCCION
Region A - Primeros Quince dias habiles de cada Diciembre,29055,29,55,San Lucas Tecopilco,Tlaxcala,Balsas,IV,Rio Balsas,9,sin dato,SIN SEQUIA,SIN REDUCCION
Region A - Primeros Quince dias habiles de cada Diciembre,29056,29,56,Santa Ana Nopalucan,Tlaxcala,Balsas,IV,Rio Balsas,9,sin dato,SIN SEQUIA,SIN REDUCCION
Region A - Primeros Quince dias habiles de cada Diciembre,29057,29,57,Santa Apolonia Teacalco,Tlaxcala,Balsas,IV,Rio Balsas,9,sin dato,SIN SEQUIA,SIN REDUCCION
Region A - Primeros Quince dias habiles de cada Diciembre,29058,29,58,Santa Catarina Ayometla,Tlaxcala,Balsas,IV,Rio Balsas,9,sin dato,SIN SEQUIA,SIN REDUCCION
Region A - Primeros Quince dias habiles de cada Diciembre,29059,29,59,Santa Cruz Quilehtla,Tlaxcala,Balsas,IV,Rio Balsas,9,sin dato,SIN SEQUIA,SIN REDUCCION
Region A - Primeros Quince dias habiles de cada Diciembre,29060,29,60,Santa Isabel Xiloxoxtla,Tlaxcala,Balsas,IV,Rio Balsas,9,sin dato,SIN SEQUIA,SIN REDUCCION
Region A - Primeros Quince dias habiles de cada Diciembre,30001,30,1,Acajete,Veracruz,Golfo Centro,X,Rios Tuxpan al Jamapa,20,sin dato,SIN SEQUIA,SIN REDUCCION
Region A - Primeros Quince dias habiles de cada Diciembre,30002,30,2,Acatlan,Veracruz,Golfo Centro,X,Rios Tuxpan al Jamapa,20,sin dato,SIN SEQUIA,SIN REDUCCION
Region A - Primeros Quince dias habiles de cada Diciembre,30003,30,3,Acayucan,Veracruz,Golfo Centro,X,Rio Papaloapan,21,sin dato,SIN SEQUIA,SIN REDUCCION
Region A - Primeros Quince dias habiles de cada Diciembre,30004,30,4,Actopan,Veracruz,Golfo Centro,X,Rios Tuxpan al Jamapa,20,sin dato,SIN SEQUIA,SIN REDUCCION
Region A - Primeros Quince dias habiles de cada Diciembre,30005,30,5,Acula,Veracruz,Golfo Centro,X,Rio Papaloapan,21,sin dato,SIN SEQUIA,SIN REDUCCION
Region A - Primeros Quince dias habiles de cada Diciembre,30006,30,6,Acultzingo,Veracruz,Golfo Centro,X,Rio Papaloapan,21,sin dato,SIN SEQUIA,SIN REDUCCION
Region A - Primeros Quince dias habiles de cada Diciembre,30007,30,7,Camaron de Tejeda,Veracruz,Golfo Centro,X,Rios Tuxpan al Jamapa,20,sin dato,SIN SEQUIA,SIN REDUCCION
Region A - Primeros Quince dias habiles de cada Diciembre,30008,30,8,Alpatlahuac,Veracruz,Golfo Centro,X,Rios Tuxpan al Jamapa,20,sin dato,SIN SEQUIA,SIN REDUCCION
Region A - Primeros Quince dias habiles de cada Diciembre,30009,30,9,Alto Lucero de Gutierrez Barrios,Veracruz,Golfo Centro,X,Rios Tuxpan al Jamapa,20,sin dato,SIN SEQUIA,SIN REDUCCION
Region A - Primeros Quince dias habiles de cada Diciembre,30010,30,10,Altotonga,Veracruz,Golfo Centro,X,Rios Tuxpan al Jamapa,20,sin dato,SIN SEQUIA,SIN REDUCCION
Region A - Primeros Quince dias habiles de cada Diciembre,30011,30,11,Alvarado,Veracruz,Golfo Centro,X,Rio Papaloapan,21,sin dato,SIN SEQUIA,SIN REDUCCION
Region A - Primeros Quince dias habiles de cada Diciembre,30012,30,12,Amatitlan,Veracruz,Golfo Centro,X,Rio Papaloapan,21,sin dato,SIN SEQUIA,SIN REDUCCION
Region A - Primeros Quince dias habiles de cada Diciembre,30013,30,13,Naranjos Amatlan,Veracruz,Golfo Norte,IX,Rio Panuco,19,sin dato,SIN SEQUIA,SIN REDUCCION
Region A - Primeros Quince dias habiles de cada Diciembre,30014,30,14,Amatlan de los Reyes,Veracruz,Golfo Centro,X,Rio Papaloapan,21,sin dato,SIN SEQUIA,SIN REDUCCION
Region A - Primeros Quince dias habiles de cada Diciembre,30015,30,15,angel R. Cabada,Veracruz,Golfo Centro,X,Rio Papaloapan,21,sin dato,SIN SEQUIA,SIN REDUCCION
Region A - Primeros Quince dias habiles de cada Diciembre,30016,30,16,La Antigua,Veracruz,Golfo Centro,X,Rios Tuxpan al Jamapa,20,sin dato,SIN SEQUIA,SIN REDUCCION
Region A - Primeros Quince dias habiles de cada Diciembre,30017,30,17,Apazapan,Veracruz,Golfo Centro,X,Rios Tuxpan al Jamapa,20,sin dato,SIN SEQUIA,SIN REDUCCION
Region A - Primeros Quince dias habiles de cada Diciembre,30018,30,18,Aquila,Veracruz,Golfo Centro,X,Rio Papaloapan,21,sin dato,SIN SEQUIA,SIN REDUCCION
Region A - Primeros Quince dias habiles de cada Diciembre,30019,30,19,Astacinga,Veracruz,Golfo Centro,X,Rio Papaloapan,21,sin dato,SIN SEQUIA,SIN REDUCCION
Region A - Primeros Quince dias habiles de cada Diciembre,30020,30,20,Atlahuilco,Veracruz,Golfo Centro,X,Rio Papaloapan,21,sin dato,SIN SEQUIA,SIN REDUCCION
Region A - Primeros Quince dias habiles de cada Diciembre,30021,30,21,Atoyac,Veracruz,Golfo Centro,X,Rios Tuxpan al Jamapa,20,sin dato,SIN SEQUIA,SIN REDUCCION
Region A - Primeros Quince dias habiles de cada Diciembre,30022,30,22,Atzacan,Veracruz,Golfo Centro,X,Rio Papaloapan,21,sin dato,SIN SEQUIA,SIN REDUCCION
Region A - Primeros Quince dias habiles de cada Diciembre,30023,30,23,Atzalan,Veracruz,Golfo Centro,X,Rios Tuxpan al Jamapa,20,sin dato,SIN SEQUIA,SIN REDUCCION
Region A - Primeros Quince dias habiles de cada Diciembre,30024,30,24,Tlaltetela,Veracruz,Golfo Centro,X,Rios Tuxpan al Jamapa,20,sin dato,SIN SEQUIA,SIN REDUCCION
Region A - Primeros Quince dias habiles de cada Diciembre,30025,30,25,Ayahualulco,Veracruz,Golfo Centro,X,Rios Tuxpan al Jamapa,20,sin dato,SIN SEQUIA,SIN REDUCCION
Region A - Primeros Quince dias habiles de cada Diciembre,30026,30,26,Banderilla,Veracruz,Golfo Centro,X,Rios Tuxpan al Jamapa,20,sin dato,SIN SEQUIA,SIN REDUCCION
Region A - Primeros Quince dias habiles de cada Diciembre,30027,30,27,Benito Juarez,Veracruz,Golfo Norte,IX,Rio Panuco,19,sin dato,SIN SEQUIA,SIN REDUCCION
Region A - Primeros Quince dias habiles de cada Diciembre,30028,30,28,Boca del Rio,Veracruz,Golfo Centro,X,Rios Tuxpan al Jamapa,20,sin dato,SIN SEQUIA,SIN REDUCCION
Region A - Primeros Quince dias habiles de cada Diciembre,30029,30,29,Calcahualco,Veracruz,Golfo Centro,X,Rios Tuxpan al Jamapa,20,sin dato,SIN SEQUIA,SIN REDUCCION
Region A - Primeros Quince dias habiles de cada Diciembre,30030,30,30,Camerino Z. Mendoza,Veracruz,Golfo Centro,X,Rio Papaloapan,21,sin dato,SIN SEQUIA,SIN REDUCCION
Region A - Primeros Quince dias habiles de cada Diciembre,30031,30,31,Carrillo Puerto,Veracruz,Golfo Centro,X,Rio Papaloapan,21,sin dato,SIN SEQUIA,SIN REDUCCION
Region A - Primeros Quince dias habiles de cada Diciembre,30032,30,32,Catemaco,Veracruz,Golfo Centro,X,Rio Papaloapan,21,sin dato,SIN SEQUIA,SIN REDUCCION
Region A - Primeros Quince dias habiles de cada Diciembre,30033,30,33,Cazones,Veracruz,Golfo Centro,X,Rios Tuxpan al Jamapa,20,sin dato,SIN SEQUIA,SIN REDUCCION
Region A - Primeros Quince dias habiles de cada Diciembre,30034,30,34,Cerro Azul,Veracruz,Golfo Centro,X,Rios Tuxpan al Jamapa,20,sin dato,SIN SEQUIA,SIN REDUCCION
Region A - Primeros Quince dias habiles de cada Diciembre,30035,30,35,Citlaltepetl,Veracruz,Golfo Norte,IX,Rio Panuco,19,sin dato,SIN SEQUIA,SIN REDUCCION
Region A - Primeros Quince dias habiles de cada Diciembre,30036,30,36,Coacoatzintla,Veracruz,Golfo Centro,X,Rios Tuxpan al Jamapa,20,sin dato,SIN SEQUIA,SIN REDUCCION
Region A - Primeros Quince dias habiles de cada Diciembre,30037,30,37,Coahuitlan,Veracruz,Golfo Centro,X,Rios Tuxpan al Jamapa,20,sin dato,SIN SEQUIA,SIN REDUCCION
Region A - Primeros Quince dias habiles de cada Diciembre,30038,30,38,Coatepec,Veracruz,Golfo Centro,X,Rios Tuxpan al Jamapa,20,sin dato,SIN SEQUIA,SIN REDUCCION
Region A - Primeros Quince dias habiles de cada Diciembre,30039,30,39,Coatzacoalcos,Veracruz,Golfo Centro,X,Rio Coatzacoalcos,22,sin dato,SIN SEQUIA,SIN REDUCCION
Region A - Primeros Quince dias habiles de cada Diciembre,30040,30,40,Coatzintla,Veracruz,Golfo Centro,X,Rios Tuxpan al Jamapa,20,sin dato,SIN SEQUIA,SIN REDUCCION
Region A - Primeros Quince dias habiles de cada Diciembre,30041,30,41,Coetzala,Veracruz,Golfo Centro,X,Rio Papaloapan,21,sin dato,SIN SEQUIA,SIN REDUCCION
Region A - Primeros Quince dias habiles de cada Diciembre,30042,30,42,Colipa,Veracruz,Golfo Centro,X,Rios Tuxpan al Jamapa,20,sin dato,SIN SEQUIA,SIN REDUCCION
Region A - Primeros Quince dias habiles de cada Diciembre,30043,30,43,Comapa,Veracruz,Golfo Centro,X,Rios Tuxpan al Jamapa,20,sin dato,SIN SEQUIA,SIN REDUCCION
Region A - Primeros Quince dias habiles de cada Diciembre,30044,30,44,Cordoba,Veracruz,Golfo Centro,X,Rios Tuxpan al Jamapa,20,sin dato,SIN SEQUIA,SIN REDUCCION
Region A - Primeros Quince dias habiles de cada Diciembre,30045,30,45,Cosamaloapan de Carpio,Veracruz,Golfo Centro,X,Rio Papaloapan,21,sin dato,SIN SEQUIA,SIN REDUCCION
Region A - Primeros Quince dias habiles de cada Diciembre,30046,30,46,Cosautlan de Carvajal,Veracruz,Golfo Centro,X,Rios Tuxpan al Jamapa,20,sin dato,SIN SEQUIA,SIN REDUCCION
Region A - Primeros Quince dias habiles de cada Diciembre,30047,30,47,Coscomatepec,Veracruz,Golfo Centro,X,Rios Tuxpan al Jamapa,20,sin dato,SIN SEQUIA,SIN REDUCCION
Region A - Primeros Quince dias habiles de cada Diciembre,30048,30,48,Cosoleacaque,Veracruz,Golfo Centro,X,Rio Coatzacoalcos,22,sin dato,SIN SEQUIA,SIN REDUCCION
Region A - Primeros Quince dias habiles de cada Diciembre,30049,30,49,Cotaxtla,Veracruz,Golfo Centro,X,Rio Papaloapan,21,sin dato,SIN SEQUIA,SIN REDUCCION
Region A - Primeros Quince dias habiles de cada Diciembre,30050,30,50,Coxquihui,Veracruz,Golfo Centro,X,Rios Tuxpan al Jamapa,20,sin dato,SIN SEQUIA,SIN REDUCCION
Region A - Primeros Quince dias habiles de cada Diciembre,30051,30,51,Coyutla,Veracruz,Golfo Centro,X,Rios Tuxpan al Jamapa,20,sin dato,SIN SEQUIA,SIN REDUCCION
Region A - Primeros Quince dias habiles de cada Diciembre,30052,30,52,Cuichapa,Veracruz,Golfo Centro,X,Rio Papaloapan,21,sin dato,SIN SEQUIA,SIN REDUCCION
Region A - Primeros Quince dias habiles de cada Diciembre,30053,30,53,Cuitlahuac,Veracruz,Golfo Centro,X,Rio Papaloapan,21,sin dato,SIN SEQUIA,SIN REDUCCION
Region A - Primeros Quince dias habiles de cada Diciembre,30054,30,54,Chacaltianguis,Veracruz,Golfo Centro,X,Rio Papaloapan,21,sin dato,SIN SEQUIA,SIN REDUCCION
Region A - Primeros Quince dias habiles de cada Diciembre,30055,30,55,Chalma,Veracruz,Golfo Norte,IX,Rio Panuco,19,sin dato,SIN SEQUIA,SIN REDUCCION
Region A - Primeros Quince dias habiles de cada Diciembre,30056,30,56,Chiconamel,Veracruz,Golfo Norte,IX,Rio Panuco,19,sin dato,SIN SEQUIA,SIN REDUCCION
Region C - Primeros 8 dias habiles de CADA MES,30057,30,57,Chiconquiaco,Veracruz,Golfo Centro,X,Rios Tuxpan al Jamapa,20,sin dato,SIN SEQUIA,SIN REDUCCION
Region C - Primeros 8 dias habiles de CADA MES,30058,30,58,Chicontepec,Veracruz,Golfo Norte,IX,Rio Panuco,19,sin dato,SIN SEQUIA,SIN REDUCCION
Region A - Primeros Quince dias habiles de cada Diciembre,30059,30,59,Chinameca,Veracruz,Golfo Centro,X,Rio Coatzacoalcos,22,sin dato,SIN SEQUIA,SIN REDUCCION
Region A - Primeros Quince dias habiles de cada Diciembre,30060,30,60,Chinampa de Gorostiza,Veracruz,Golfo Norte,IX,Rio Panuco,19,sin dato,SIN SEQUIA,SIN REDUCCION
Region C - Primeros 8 dias habiles de CADA MES,30061,30,61,Las Choapas,Veracruz,Golfo Centro,X,Rio Coatzacoalcos,22,sin dato,SIN SEQUIA,SIN REDUCCION
Region A - Primeros Quince dias habiles de cada Diciembre,30062,30,62,Chocaman,Veracruz,Golfo Centro,X,Rios Tuxpan al Jamapa,20,sin dato,SIN SEQUIA,SIN REDUCCION
Region A - Primeros Quince dias habiles de cada Diciembre,30063,30,63,Chontla,Veracruz,Golfo Norte,IX,Rio Panuco,19,sin dato,SIN SEQUIA,SIN REDUCCION
Region A - Primeros Quince dias habiles de cada Diciembre,30064,30,64,Chumatlan,Veracruz,Golfo Centro,X,Rios Tuxpan al Jamapa,20,sin dato,SIN SEQUIA,SIN REDUCCION
Region A - Primeros Quince dias habiles de cada Diciembre,30065,30,65,Emiliano Zapata,Veracruz,Golfo Centro,X,Rios Tuxpan al Jamapa,20,sin dato,SIN SEQUIA,SIN REDUCCION
Region C - Primeros 8 dias habiles de CADA MES,30066,30,66,Espinal,Veracruz,Golfo Centro,X,Rios Tuxpan al Jamapa,20,sin dato,SIN SEQUIA,SIN REDUCCION
Region A - Primeros Quince dias habiles de cada Diciembre,30067,30,67,Filomeno Mata,Veracruz,Golfo Centro,X,Rios Tuxpan al Jamapa,20,sin dato,SIN SEQUIA,SIN REDUCCION
Region A - Primeros Quince dias habiles de cada Diciembre,30068,30,68,Fortin,Veracruz,Golfo Centro,X,Rio Papaloapan,21,sin dato,SIN SEQUIA,SIN REDUCCION
Region A - Primeros Quince dias habiles de cada Diciembre,30069,30,69,Gutierrez Zamora,Veracruz,Golfo Centro,X,Rios Tuxpan al Jamapa,20,sin dato,SIN SEQUIA,SIN REDUCCION
Region C - Primeros 8 dias habiles de CADA MES,30070,30,70,Hidalgotitlan,Veracruz,Golfo Centro,X,Rio Coatzacoalcos,22,sin dato,SIN SEQUIA,SIN REDUCCION
Region A - Primeros Quince dias habiles de cada Diciembre,30071,30,71,Huatusco,Veracruz,Golfo Centro,X,Rios Tuxpan al Jamapa,20,sin dato,SIN SEQUIA,SIN REDUCCION
Region A - Primeros Quince dias habiles de cada Diciembre,30072,30,72,Huayacocotla,Veracruz,Golfo Centro,X,Rios Tuxpan al Jamapa,19,sin dato,SIN SEQUIA,SIN REDUCCION
Region A - Primeros Quince dias habiles de cada Diciembre,30073,30,73,Hueyapan de Ocampo,Veracruz,Golfo Centro,X,Rio Papaloapan,21,sin dato,SIN SEQUIA,SIN REDUCCION
Region A - Primeros Quince dias habiles de cada Diciembre,30074,30,74,Huiloapan,Veracruz,Golfo Centro,X,Rio Papaloapan,21,sin dato,SIN SEQUIA,SIN REDUCCION
Region A - Primeros Quince dias habiles de cada Diciembre,30075,30,75,Ignacio de la Llave,Veracruz,Golfo Centro,X,Rio Papaloapan,21,sin dato,SIN SEQUIA,SIN REDUCCION
Region A - Primeros Quince dias habiles de cada Diciembre,30076,30,76,Ilamatlan,Veracruz,Golfo Norte,IX,Rio Panuco,19,sin dato,SIN SEQUIA,SIN REDUCCION
Region A - Primeros Quince dias habiles de cada Diciembre,30077,30,77,Isla,Veracruz,Golfo Centro,X,Rio Papaloapan,21,D0,PRE-ALERTA,10%
Region A - Primeros Quince dias habiles de cada Diciembre,30078,30,78,Ixcatepec,Veracruz,Golfo Norte,IX,Rio Panuco,19,sin dato,SIN SEQUIA,SIN REDUCCION
Region A - Primeros Quince dias habiles de cada Diciembre,30079,30,79,Ixhuacan de los Reyes,Veracruz,Golfo Centro,X,Rios Tuxpan al Jamapa,20,sin dato,SIN SEQUIA,SIN REDUCCION
Region A - Primeros Quince dias habiles de cada Diciembre,30080,30,80,Ixhuatlan del Cafe,Veracruz,Golfo Centro,X,Rios Tuxpan al Jamapa,20,sin dato,SIN SEQUIA,SIN REDUCCION
Region A - Primeros Quince dias habiles de cada Diciembre,30081,30,81,Ixhuatlancillo,Veracruz,Golfo Centro,X,Rio Papaloapan,21,sin dato,SIN SEQUIA,SIN REDUCCION
Region C - Primeros 8 dias habiles de CADA MES,30082,30,82,Ixhuatlan del Sureste,Veracruz,Golfo Centro,X,Rio Coatzacoalcos,22,sin dato,SIN SEQUIA,SIN REDUCCION
Region A - Primeros Quince dias habiles de cada Diciembre,30083,30,83,Ixhuatlan de Madero,Veracruz,Golfo Centro,X,Rios Tuxpan al Jamapa,20,sin dato,SIN SEQUIA,SIN REDUCCION
Region A - Primeros Quince dias habiles de cada Diciembre,30084,30,84,Ixmatlahuacan,Veracruz,Golfo Centro,X,Rio Papaloapan,21,sin dato,SIN SEQUIA,SIN REDUCCION
Region A - Primeros Quince dias habiles de cada Diciembre,30085,30,85,Ixtaczoquitlan,Veracruz,Golfo Centro,X,Rio Papaloapan,21,sin dato,SIN SEQUIA,SIN REDUCCION
Region A - Primeros Quince dias habiles de cada Diciembre,30086,30,86,Jalacingo,Veracruz,Golfo Centro,X,Rios Tuxpan al Jamapa,20,sin dato,SIN SEQUIA,SIN REDUCCION
Region A - Primeros Quince dias habiles de cada Diciembre,30087,30,87,Xalapa,Veracruz,Golfo Centro,X,Rios Tuxpan al Jamapa,20,sin dato,SIN SEQUIA,SIN REDUCCION
Region A - Primeros Quince dias habiles de cada Diciembre,30088,30,88,Jalcomulco,Veracruz,Golfo Centro,X,Rios Tuxpan al Jamapa,20,sin dato,SIN SEQUIA,SIN REDUCCION
Region A - Primeros Quince dias habiles de cada Diciembre,30089,30,89,Jaltipan,Veracruz,Golfo Centro,X,Rio Coatzacoalcos,22,sin dato,SIN SEQUIA,SIN REDUCCION
Region A - Primeros Quince dias habiles de cada Diciembre,30090,30,90,Jamapa,Veracruz,Golfo Centro,X,Rio Papaloapan,21,sin dato,SIN SEQUIA,SIN REDUCCION
Region A - Primeros Quince dias habiles de cada Diciembre,30091,30,91,Jesus Carranza,Veracruz,Golfo Centro,X,Rio Coatzacoalcos,22,sin dato,SIN SEQUIA,SIN REDUCCION
Region A - Primeros Quince dias habiles de cada Diciembre,30092,30,92,Xico,Veracruz,Golfo Centro,X,Rios Tuxpan al Jamapa,20,sin dato,SIN SEQUIA,SIN REDUCCION
Region A - Primeros Quince dias habiles de cada Diciembre,30093,30,93,Jilotepec,Veracruz,Golfo Centro,X,Rios Tuxpan al Jamapa,20,sin dato,SIN SEQUIA,SIN REDUCCION
Region A - Primeros Quince dias habiles de cada Diciembre,30094,30,94,Juan Rodriguez Clara,Veracruz,Golfo Centro,X,Rio Papaloapan,21,sin dato,SIN SEQUIA,SIN REDUCCION
Region A - Primeros Quince dias habiles de cada Diciembre,30095,30,95,Juchique de Ferrer,Veracruz,Golfo Centro,X,Rios Tuxpan al Jamapa,20,sin dato,SIN SEQUIA,SIN REDUCCION
Region A - Primeros Quince dias habiles de cada Diciembre,30096,30,96,Landero y Coss,Veracruz,Golfo Centro,X,Rios Tuxpan al Jamapa,20,sin dato,SIN SEQUIA,SIN REDUCCION
Region A - Primeros Quince dias habiles de cada Diciembre,30097,30,97,Lerdo de Tejada,Veracruz,Golfo Centro,X,Rio Papaloapan,21,sin dato,SIN SEQUIA,SIN REDUCCION
Region A - Primeros Quince dias habiles de cada Diciembre,30098,30,98,Magdalena,Veracruz,Golfo Centro,X,Rio Papaloapan,21,D1,PRE-ALERTA,15%
Region A - Primeros Quince dias habiles de cada Diciembre,30099,30,99,Maltrata,Veracruz,Golfo Centro,X,Rio Papaloapan,21,sin dato,SIN SEQUIA,SIN REDUCCION
Region A - Primeros Quince dias habiles de cada Diciembre,30100,30,100,Manlio Fabio Altamirano,Veracruz,Golfo Centro,X,Rios Tuxpan al Jamapa,20,sin dato,SIN SEQUIA,SIN REDUCCION
Region A - Primeros Quince dias habiles de cada Diciembre,30101,30,101,Mariano Escobedo,Veracruz,Golfo Centro,X,Rio Papaloapan,21,sin dato,SIN SEQUIA,SIN REDUCCION
Region C - Primeros 8 dias habiles de CADA MES,30102,30,102,Martinez de la Torre,Veracruz,Golfo Centro,X,Rios Tuxpan al Jamapa,20,sin dato,SIN SEQUIA,SIN REDUCCION
Region A - Primeros Quince dias habiles de cada Diciembre,30103,30,103,Mecatlan,Veracruz,Golfo Centro,X,Rios Tuxpan al Jamapa,20,sin dato,SIN SEQUIA,SIN REDUCCION
Region A - Primeros Quince dias habiles de cada Diciembre,30104,30,104,Mecayapan,Veracruz,Golfo Centro,X,Rio Coatzacoalcos,22,sin dato,SIN SEQUIA,SIN REDUCCION
Region A - Primeros Quince dias habiles de cada Diciembre,30105,30,105,Medellin,Veracruz,Golfo Centro,X,Rio Papaloapan,21,sin dato,SIN SEQUIA,SIN REDUCCION
Region A - Primeros Quince dias habiles de cada Diciembre,30106,30,106,Miahuatlan,Veracruz,Golfo Centro,X,Rios Tuxpan al Jamapa,20,sin dato,SIN SEQUIA,SIN REDUCCION
Region A - Primeros Quince dias habiles de cada Diciembre,30107,30,107,Las Minas,Veracruz,Golfo Centro,X,Rios Tuxpan al Jamapa,20,sin dato,SIN SEQUIA,SIN REDUCCION
Region A - Primeros Quince dias habiles de cada Diciembre,30108,30,108,Minatitlan,Veracruz,Golfo Centro,X,Rio Coatzacoalcos,22,sin dato,SIN SEQUIA,SIN REDUCCION
Region C - Primeros 8 dias habiles de CADA MES,30109,30,109,Misantla,Veracruz,Golfo Centro,X,Rios Tuxpan al Jamapa,20,sin dato,SIN SEQUIA,SIN REDUCCION
Region A - Primeros Quince dias habiles de cada Diciembre,30110,30,110,Mixtla de Altamirano,Veracruz,Golfo Centro,X,Rio Papaloapan,21,sin dato,SIN SEQUIA,SIN REDUCCION
Region A - Primeros Quince dias habiles de cada Diciembre,30111,30,111,Moloacan,Veracruz,Golfo Centro,X,Rio Coatzacoalcos,22,sin dato,SIN SEQUIA,SIN REDUCCION
Region A - Primeros Quince dias habiles de cada Diciembre,30112,30,112,Naolinco,Veracruz,Golfo Centro,X,Rios Tuxpan al Jamapa,20,sin dato,SIN SEQUIA,SIN REDUCCION
Region A - Primeros Quince dias habiles de cada Diciembre,30113,30,113,Naranjal,Veracruz,Golfo Centro,X,Rio Papaloapan,21,sin dato,SIN SEQUIA,SIN REDUCCION
Region C - Primeros 8 dias habiles de CADA MES,30114,30,114,Nautla,Veracruz,Golfo Centro,X,Rios Tuxpan al Jamapa,20,sin dato,SIN SEQUIA,SIN REDUCCION
Region A - Primeros Quince dias habiles de cada Diciembre,30115,30,115,Nogales,Veracruz,Golfo Centro,X,Rio Papaloapan,21,sin dato,SIN SEQUIA,SIN REDUCCION
Region A - Primeros Quince dias habiles de cada Diciembre,30116,30,116,Oluta,Veracruz,Golfo Centro,X,Rio Coatzacoalcos,22,sin dato,SIN SEQUIA,SIN REDUCCION
Region A - Primeros Quince dias habiles de cada Diciembre,30117,30,117,Omealca,Veracruz,Golfo Centro,X,Rio Papaloapan,21,sin dato,SIN SEQUIA,SIN REDUCCION
Region A - Primeros Quince dias habiles de cada Diciembre,30118,30,118,Orizaba,Veracruz,Golfo Centro,X,Rio Papaloapan,21,sin dato,SIN SEQUIA,SIN REDUCCION
Region A - Primeros Quince dias habiles de cada Diciembre,30119,30,119,Otatitlan,Veracruz,Golfo Centro,X,Rio Papaloapan,21,sin dato,SIN SEQUIA,SIN REDUCCION
Region A - Primeros Quince dias habiles de cada Diciembre,30120,30,120,Oteapan,Veracruz,Golfo Centro,X,Rio Coatzacoalcos,22,sin dato,SIN SEQUIA,SIN REDUCCION
Region A - Primeros Quince dias habiles de cada Diciembre,30121,30,121,Ozuluama de Mascarenas,Veracruz,Golfo Norte,IX,Rio Panuco,19,sin dato,SIN SEQUIA,SIN REDUCCION
Region A - Primeros Quince dias habiles de cada Diciembre,30122,30,122,Pajapan,Veracruz,Golfo Centro,X,Rio Coatzacoalcos,22,sin dato,SIN SEQUIA,SIN REDUCCION
Region A - Primeros Quince dias habiles de cada Diciembre,30123,30,123,Panuco,Veracruz,Golfo Norte,IX,Rio Panuco,19,sin dato,SIN SEQUIA,SIN REDUCCION
Region C - Primeros 8 dias habiles de CADA MES,30124,30,124,Papantla,Veracruz,Golfo Centro,X,Rios Tuxpan al Jamapa,20,sin dato,SIN SEQUIA,SIN REDUCCION
Region A - Primeros Quince dias habiles de cada Diciembre,30125,30,125,Paso del Macho,Veracruz,Golfo Centro,X,Rios Tuxpan al Jamapa,20,sin dato,SIN SEQUIA,SIN REDUCCION
Region A - Primeros Quince dias habiles de cada Diciembre,30126,30,126,Paso de Ovejas,Veracruz,Golfo Centro,X,Rios Tuxpan al Jamapa,20,sin dato,SIN SEQUIA,SIN REDUCCION
Region A - Primeros Quince dias habiles de cada Diciembre,30127,30,127,La Perla,Veracruz,Golfo Centro,X,Rio Papaloapan,21,sin dato,SIN SEQUIA,SIN REDUCCION
Region A - Primeros Quince dias habiles de cada Diciembre,30128,30,128,Perote,Veracruz,Golfo Centro,X,Rio Balsas,9,sin dato,SIN SEQUIA,SIN REDUCCION
Region A - Primeros Quince dias habiles de cada Diciembre,30129,30,129,Platon Sanchez,Veracruz,Golfo Norte,IX,Rio Panuco,19,sin dato,SIN SEQUIA,SIN REDUCCION
Region A - Primeros Quince dias habiles de cada Diciembre,30130,30,130,Playa Vicente,Veracruz,Golfo Centro,X,Rio Papaloapan,21,sin dato,SIN SEQUIA,SIN REDUCCION
Region A - Primeros Quince dias habiles de cada Diciembre,30131,30,131,Poza Rica de Hidalgo,Veracruz,Golfo Centro,X,Rios Tuxpan al Jamapa,20,sin dato,SIN SEQUIA,SIN REDUCCION
Region A - Primeros Quince dias habiles de cada Diciembre,30132,30,132,Las Vigas de Ramirez,Veracruz,Golfo Centro,X,Rios Tuxpan al Jamapa,20,sin dato,SIN SEQUIA,SIN REDUCCION
Region A - Primeros Quince dias habiles de cada Diciembre,30133,30,133,Pueblo Viejo,Veracruz,Golfo Norte,IX,Rio Panuco,19,sin dato,SIN SEQUIA,SIN REDUCCION
Region A - Primeros Quince dias habiles de cada Diciembre,30134,30,134,Puente Nacional,Veracruz,Golfo Centro,X,Rios Tuxpan al Jamapa,20,sin dato,SIN SEQUIA,SIN REDUCCION
Region A - Primeros Quince dias habiles de cada Diciembre,30135,30,135,Rafael Delgado,Veracruz,Golfo Centro,X,Rio Papaloapan,21,sin dato,SIN SEQUIA,SIN REDUCCION
Region A - Primeros Quince dias habiles de cada Diciembre,30136,30,136,Rafael Lucio,Veracruz,Golfo Centro,X,Rios Tuxpan al Jamapa,20,sin dato,SIN SEQUIA,SIN REDUCCION
Region A - Primeros Quince dias habiles de cada Diciembre,30137,30,137,Los Reyes,Veracruz,Golfo Centro,X,Rio Papaloapan,21,sin dato,SIN SEQUIA,SIN REDUCCION
Region A - Primeros Quince dias habiles de cada Diciembre,30138,30,138,Rio Blanco,Veracruz,Golfo Centro,X,Rio Papaloapan,21,sin dato,SIN SEQUIA,SIN REDUCCION
Region A - Primeros Quince dias habiles de cada Diciembre,30139,30,139,Saltabarranca,Veracruz,Golfo Centro,X,Rio Papaloapan,21,sin dato,SIN SEQUIA,SIN REDUCCION
Region A - Primeros Quince dias habiles de cada Diciembre,30140,30,140,San Andres Tenejapan,Veracruz,Golfo Centro,X,Rio Papaloapan,21,sin dato,SIN SEQUIA,SIN REDUCCION
Region A - Primeros Quince dias habiles de cada Diciembre,30141,30,141,San Andres Tuxtla,Veracruz,Golfo Centro,X,Rio Papaloapan,21,sin dato,SIN SEQUIA,SIN REDUCCION
Region A - Primeros Quince dias habiles de cada Diciembre,30142,30,142,San Juan Evangelista,Veracruz,Golfo Centro,X,Rio Papaloapan,21,sin dato,SIN SEQUIA,SIN REDUCCION
Region A - Primeros Quince dias habiles de cada Diciembre,30143,30,143,Santiago Tuxtla,Veracruz,Golfo Centro,X,Rio Papaloapan,21,sin dato,SIN SEQUIA,SIN REDUCCION
Region A - Primeros Quince dias habiles de cada Diciembre,30144,30,144,Sayula de Aleman,Veracruz,Golfo Centro,X,Rio Coatzacoalcos,22,sin dato,SIN SEQUIA,SIN REDUCCION
Region A - Primeros Quince dias habiles de cada Diciembre,30145,30,145,Soconusco,Veracruz,Golfo Centro,X,Rio Coatzacoalcos,22,sin dato,SIN SEQUIA,SIN REDUCCION
Region A - Primeros Quince dias habiles de cada Diciembre,30146,30,146,Sochiapa,Veracruz,Golfo Centro,X,Rios Tuxpan al Jamapa,20,sin dato,SIN SEQUIA,SIN REDUCCION
Region A - Primeros Quince dias habiles de cada Diciembre,30147,30,147,Soledad Atzompa,Veracruz,Golfo Centro,X,Rio Papaloapan,21,sin dato,SIN SEQUIA,SIN REDUCCION
Region A - Primeros Quince dias habiles de cada Diciembre,30148,30,148,Soledad de Doblado,Veracruz,Golfo Centro,X,Rios Tuxpan al Jamapa,20,sin dato,SIN SEQUIA,SIN REDUCCION
Region A - Primeros Quince dias habiles de cada Diciembre,30149,30,149,Soteapan,Veracruz,Golfo Centro,X,Rio Coatzacoalcos,22,sin dato,SIN SEQUIA,SIN REDUCCION
Region A - Primeros Quince dias habiles de cada Diciembre,30150,30,150,Tamalin,Veracruz,Golfo Norte,IX,Rio Panuco,19,sin dato,SIN SEQUIA,SIN REDUCCION
Region A - Primeros Quince dias habiles de cada Diciembre,30151,30,151,Tamiahua,Veracruz,Golfo Norte,IX,Rio Panuco,19,sin dato,SIN SEQUIA,SIN REDUCCION
Region A - Primeros Quince dias habiles de cada Diciembre,30152,30,152,Tampico Alto,Veracruz,Golfo Norte,IX,Rio Panuco,19,sin dato,SIN SEQUIA,SIN REDUCCION
Region A - Primeros Quince dias habiles de cada Diciembre,30153,30,153,Tancoco,Veracruz,Golfo Norte,IX,Rio Panuco,19,sin dato,SIN SEQUIA,SIN REDUCCION
Region A - Primeros Quince dias habiles de cada Diciembre,30154,30,154,Tantima,Veracruz,Golfo Norte,IX,Rio Panuco,19,sin dato,SIN SEQUIA,SIN REDUCCION
Region A - Primeros Quince dias habiles de cada Diciembre,30155,30,155,Tantoyuca,Veracruz,Golfo Norte,IX,Rio Panuco,19,sin dato,SIN SEQUIA,SIN REDUCCION
Region A - Primeros Quince dias habiles de cada Diciembre,30156,30,156,Tatatila,Veracruz,Golfo Centro,X,Rios Tuxpan al Jamapa,20,sin dato,SIN SEQUIA,SIN REDUCCION
Region A - Primeros Quince dias habiles de cada Diciembre,30157,30,157,Castillo de Teayo,Veracruz,Golfo Centro,X,Rios Tuxpan al Jamapa,20,sin dato,SIN SEQUIA,SIN REDUCCION
Region C - Primeros 8 dias habiles de CADA MES,30158,30,158,Tecolutla,Veracruz,Golfo Centro,X,Rios Tuxpan al Jamapa,20,sin dato,SIN SEQUIA,SIN REDUCCION
Region A - Primeros Quince dias habiles de cada Diciembre,30159,30,159,Tehuipango,Veracruz,Golfo Centro,X,Rio Papaloapan,21,sin dato,SIN SEQUIA,SIN REDUCCION
Region A - Primeros Quince dias habiles de cada Diciembre,30160,30,160,Temapache,Veracruz,Golfo Centro,X,Rios Tuxpan al Jamapa,20,sin dato,SIN SEQUIA,SIN REDUCCION
Region A - Primeros Quince dias habiles de cada Diciembre,30161,30,161,Tempoal,Veracruz,Golfo Norte,IX,Rio Panuco,19,sin dato,SIN SEQUIA,SIN REDUCCION
Region A - Primeros Quince dias habiles de cada Diciembre,30162,30,162,Tenampa,Veracruz,Golfo Centro,X,Rios Tuxpan al Jamapa,20,sin dato,SIN SEQUIA,SIN REDUCCION
Region A - Primeros Quince dias habiles de cada Diciembre,30163,30,163,Tenochtitlan,Veracruz,Golfo Centro,X,Rios Tuxpan al Jamapa,20,sin dato,SIN SEQUIA,SIN REDUCCION
Region A - Primeros Quince dias habiles de cada Diciembre,30164,30,164,Teocelo,Veracruz,Golfo Centro,X,Rios Tuxpan al Jamapa,20,sin dato,SIN SEQUIA,SIN REDUCCION
Region A - Primeros Quince dias habiles de cada Diciembre,30165,30,165,Tepatlaxco,Veracruz,Golfo Centro,X,Rios Tuxpan al Jamapa,20,sin dato,SIN SEQUIA,SIN REDUCCION
Region A - Primeros Quince dias habiles de cada Diciembre,30166,30,166,Tepetlan,Veracruz,Golfo Centro,X,Rios Tuxpan al Jamapa,20,sin dato,SIN SEQUIA,SIN REDUCCION
Region A - Primeros Quince dias habiles de cada Diciembre,30167,30,167,Tepetzintla,Veracruz,Golfo Centro,X,Rios Tuxpan al Jamapa,20,sin dato,SIN SEQUIA,SIN REDUCCION
Region A - Primeros Quince dias habiles de cada Diciembre,30168,30,168,Tequila,Veracruz,Golfo Centro,X,Rio Papaloapan,21,sin dato,SIN SEQUIA,SIN REDUCCION
Region A - Primeros Quince dias habiles de cada Diciembre,30169,30,169,Jose Azueta,Veracruz,Golfo Centro,X,Rio Papaloapan,21,sin dato,SIN SEQUIA,SIN REDUCCION
Region A - Primeros Quince dias habiles de cada Diciembre,30170,30,170,Texcatepec,Veracruz,Golfo Centro,X,Rios Tuxpan al Jamapa,20,sin dato,SIN SEQUIA,SIN REDUCCION
Region A - Primeros Quince dias habiles de cada Diciembre,30171,30,171,Texhuacan,Veracruz,Golfo Centro,X,Rio Papaloapan,21,sin dato,SIN SEQUIA,SIN REDUCCION
Region A - Primeros Quince dias habiles de cada Diciembre,30172,30,172,Texistepec,Veracruz,Golfo Centro,X,Rio Coatzacoalcos,22,sin dato,SIN SEQUIA,SIN REDUCCION
Region A - Primeros Quince dias habiles de cada Diciembre,30173,30,173,Tezonapa,Veracruz,Golfo Centro,X,Rio Papaloapan,21,sin dato,SIN SEQUIA,SIN REDUCCION
Region A - Primeros Quince dias habiles de cada Diciembre,30174,30,174,Tierra Blanca,Veracruz,Golfo Centro,X,Rio Papaloapan,21,sin dato,SIN SEQUIA,SIN REDUCCION
Region C - Primeros 8 dias habiles de CADA MES,30175,30,175,Tihuatlan,Veracruz,Golfo Centro,X,Rios Tuxpan al Jamapa,20,sin dato,SIN SEQUIA,SIN REDUCCION
Region A - Primeros Quince dias habiles de cada Diciembre,30176,30,176,Tlacojalpan,Veracruz,Golfo Centro,X,Rio Papaloapan,21,sin dato,SIN SEQUIA,SIN REDUCCION
Region A - Primeros Quince dias habiles de cada Diciembre,30177,30,177,Tlacolulan,Veracruz,Golfo Centro,X,Rios Tuxpan al Jamapa,20,sin dato,SIN SEQUIA,SIN REDUCCION
Region A - Primeros Quince dias habiles de cada Diciembre,30178,30,178,Tlacotalpan,Veracruz,Golfo Centro,X,Rio Papaloapan,21,sin dato,SIN SEQUIA,SIN REDUCCION
Region A - Primeros Quince dias habiles de cada Diciembre,30179,30,179,Tlacotepec de Mejia,Veracruz,Golfo Centro,X,Rios Tuxpan al Jamapa,20,sin dato,SIN SEQUIA,SIN REDUCCION
Region A - Primeros Quince dias habiles de cada Diciembre,30180,30,180,Tlachichilco,Veracruz,Golfo Centro,X,Rios Tuxpan al Jamapa,20,sin dato,SIN SEQUIA,SIN REDUCCION
Region A - Primeros Quince dias habiles de cada Diciembre,30181,30,181,Tlalixcoyan,Veracruz,Golfo Centro,X,Rio Papaloapan,21,sin dato,SIN SEQUIA,SIN REDUCCION
Region A - Primeros Quince dias habiles de cada Diciembre,30182,30,182,Tlalnelhuayocan,Veracruz,Golfo Centro,X,Rios Tuxpan al Jamapa,20,sin dato,SIN SEQUIA,SIN REDUCCION
Region A - Primeros Quince dias habiles de cada Diciembre,30183,30,183,Tlapacoyan,Veracruz,Golfo Centro,X,Rios Tuxpan al Jamapa,20,sin dato,SIN SEQUIA,SIN REDUCCION
Region A - Primeros Quince dias habiles de cada Diciembre,30184,30,184,Tlaquilpa,Veracruz,Golfo Centro,X,Rio Papaloapan,21,sin dato,SIN SEQUIA,SIN REDUCCION
Region A - Primeros Quince dias habiles de cada Diciembre,30185,30,185,Tlilapan,Veracruz,Golfo Centro,X,Rio Papaloapan,21,sin dato,SIN SEQUIA,SIN REDUCCION
Region A - Primeros Quince dias habiles de cada Diciembre,30186,30,186,Tomatlan,Veracruz,Golfo Centro,X,Rios Tuxpan al Jamapa,20,sin dato,SIN SEQUIA,SIN REDUCCION
Region A - Primeros Quince dias habiles de cada Diciembre,30187,30,187,Tonayan,Veracruz,Golfo Centro,X,Rios Tuxpan al Jamapa,20,sin dato,SIN SEQUIA,SIN REDUCCION
Region A - Primeros Quince dias habiles de cada Diciembre,30188,30,188,Totutla,Veracruz,Golfo Centro,X,Rios Tuxpan al Jamapa,20,sin dato,SIN SEQUIA,SIN REDUCCION
Region A - Primeros Quince dias habiles de cada Diciembre,30189,30,189,Tuxpam,Veracruz,Golfo Centro,X,Rios Tuxpan al Jamapa,20,sin dato,SIN SEQUIA,SIN REDUCCION
Region A - Primeros Quince dias habiles de cada Diciembre,30190,30,190,Tuxtilla,Veracruz,Golfo Centro,X,Rio Papaloapan,21,sin dato,SIN SEQUIA,SIN REDUCCION
Region A - Primeros Quince dias habiles de cada Diciembre,30191,30,191,ursulo Galvan,Veracruz,Golfo Centro,X,Rios Tuxpan al Jamapa,20,sin dato,SIN SEQUIA,SIN REDUCCION
Region C - Primeros 8 dias habiles de CADA MES,30192,30,192,Vega de Alatorre,Veracruz,Golfo Centro,X,Rios Tuxpan al Jamapa,20,sin dato,SIN SEQUIA,SIN REDUCCION
Region A - Primeros Quince dias habiles de cada Diciembre,30193,30,193,Veracruz,Veracruz,Golfo Centro,X,Rios Tuxpan al Jamapa,20,sin dato,SIN SEQUIA,SIN REDUCCION
Region A - Primeros Quince dias habiles de cada Diciembre,30194,30,194,Villa Aldama,Veracruz,Golfo Centro,X,Rios Tuxpan al Jamapa,20,sin dato,SIN SEQUIA,SIN REDUCCION
Region A - Primeros Quince dias habiles de cada Diciembre,30195,30,195,Xoxocotla,Veracruz,Golfo Centro,X,Rio Papaloapan,21,sin dato,SIN SEQUIA,SIN REDUCCION
Region A - Primeros Quince dias habiles de cada Diciembre,30196,30,196,Yanga,Veracruz,Golfo Centro,X,Rio Papaloapan,21,sin dato,SIN SEQUIA,SIN REDUCCION
Region A - Primeros Quince dias habiles de cada Diciembre,30197,30,197,Yecuatla,Veracruz,Golfo Centro,X,Rios Tuxpan al Jamapa,20,sin dato,SIN SEQUIA,SIN REDUCCION
Region A - Primeros Quince dias habiles de cada Diciembre,30198,30,198,Zacualpan,Veracruz,Golfo Centro,X,Rios Tuxpan al Jamapa,20,sin dato,SIN SEQUIA,SIN REDUCCION
Region A - Primeros Quince dias habiles de cada Diciembre,30199,30,199,Zaragoza,Veracruz,Golfo Centro,X,Rio Coatzacoalcos,22,sin dato,SIN SEQUIA,SIN REDUCCION
Region A - Primeros Quince dias habiles de cada Diciembre,30200,30,200,Zentla,Veracruz,Golfo Centro,X,Rios Tuxpan al Jamapa,20,sin dato,SIN SEQUIA,SIN REDUCCION
Region A - Primeros Quince dias habiles de cada Diciembre,30201,30,201,Zongolica,Veracruz,Golfo Centro,X,Rio Papaloapan,21,sin dato,SIN SEQUIA,SIN REDUCCION
Region A - Primeros Quince dias habiles de cada Diciembre,30202,30,202,Zontecomatlan de Lopez y Fuentes,Veracruz,Golfo Norte,IX,Rio Panuco,19,sin dato,SIN SEQUIA,SIN REDUCCION
Region C - Primeros 8 dias habiles de CADA MES,30203,30,203,Zozocolco de Hidalgo,Veracruz,Golfo Centro,X,Rios Tuxpan al Jamapa,20,sin dato,SIN SEQUIA,SIN REDUCCION
Region A - Primeros Quince dias habiles de cada Diciembre,30204,30,204,Agua Dulce,Veracruz,Golfo Centro,X,Rio Coatzacoalcos,22,sin dato,SIN SEQUIA,SIN REDUCCION
Region A - Primeros Quince dias habiles de cada Diciembre,30205,30,205,El Higo,Veracruz,Golfo Norte,IX,Rio Panuco,19,sin dato,SIN SEQUIA,SIN REDUCCION
Region A - Primeros Quince dias habiles de cada Diciembre,30206,30,206,Nanchital de Lazaro Cardenas del Rio,Veracruz,Golfo Centro,X,Rio Coatzacoalcos,22,sin dato,SIN SEQUIA,SIN REDUCCION
Region A - Primeros Quince dias habiles de cada Diciembre,30207,30,207,Tres Valles,Veracruz,Golfo Centro,X,Rio Papaloapan,21,sin dato,SIN SEQUIA,SIN REDUCCION
Region A - Primeros Quince dias habiles de cada Diciembre,30208,30,208,Carlos A. Carrillo,Veracruz,Golfo Centro,X,Rio Papaloapan,21,sin dato,SIN SEQUIA,SIN REDUCCION
Region A - Primeros Quince dias habiles de cada Diciembre,30209,30,209,Tatahuicapan de Juarez,Veracruz,Golfo Centro,X,Rio Papaloapan,21,sin dato,SIN SEQUIA,SIN REDUCCION
Region A - Primeros Quince dias habiles de cada Diciembre,30210,30,210,Uxpanapa,Veracruz,Golfo Centro,X,Rio Coatzacoalcos,22,sin dato,SIN SEQUIA,SIN REDUCCION
Region A - Primeros Quince dias habiles de cada Diciembre,30211,30,211,San Rafael,Veracruz,Golfo Centro,X,Rios Tuxpan al Jamapa,20,sin dato,SIN SEQUIA,SIN REDUCCION
Region A - Primeros Quince dias habiles de cada Diciembre,30212,30,212,Santiago Sochiapan,Veracruz,Golfo Centro,X,Rio Papaloapan,21,sin dato,SIN SEQUIA,SIN REDUCCION
Region A - Primeros Quince dias habiles de cada Diciembre,31001,31,1,Abala,Yucatán,Peninsula de Yucatan,XII,Peninsula de Yucatan,25,sin dato,SIN SEQUIA,SIN REDUCCION
Region A - Primeros Quince dias habiles de cada Diciembre,31002,31,2,Acanceh,Yucatán,Peninsula de Yucatan,XII,Peninsula de Yucatan,25,sin dato,SIN SEQUIA,SIN REDUCCION
Region A - Primeros Quince dias habiles de cada Diciembre,31003,31,3,Akil,Yucatán,Peninsula de Yucatan,XII,Peninsula de Yucatan,25,sin dato,SIN SEQUIA,SIN REDUCCION
Region A - Primeros Quince dias habiles de cada Diciembre,31004,31,4,Baca,Yucatán,Peninsula de Yucatan,XII,Peninsula de Yucatan,25,sin dato,SIN SEQUIA,SIN REDUCCION
Region A - Primeros Quince dias habiles de cada Diciembre,31005,31,5,Bokoba,Yucatán,Peninsula de Yucatan,XII,Peninsula de Yucatan,25,D0,PRE-ALERTA,10%
Region A - Primeros Quince dias habiles de cada Diciembre,31006,31,6,Buctzotz,Yucatán,Peninsula de Yucatan,XII,Peninsula de Yucatan,25,sin dato,SIN SEQUIA,SIN REDUCCION
Region A - Primeros Quince dias habiles de cada Diciembre,31007,31,7,Cacalchen,Yucatán,Peninsula de Yucatan,XII,Peninsula de Yucatan,25,sin dato,SIN SEQUIA,SIN REDUCCION
Region A - Primeros Quince dias habiles de cada Diciembre,31008,31,8,Calotmul,Yucatán,Peninsula de Yucatan,XII,Peninsula de Yucatan,25,sin dato,SIN SEQUIA,SIN REDUCCION
Region A - Primeros Quince dias habiles de cada Diciembre,31009,31,9,Cansahcab,Yucatán,Peninsula de Yucatan,XII,Peninsula de Yucatan,25,sin dato,SIN SEQUIA,SIN REDUCCION
Region A - Primeros Quince dias habiles de cada Diciembre,31010,31,10,Cantamayec,Yucatán,Peninsula de Yucatan,XII,Peninsula de Yucatan,25,sin dato,SIN SEQUIA,SIN REDUCCION
Region A - Primeros Quince dias habiles de cada Diciembre,31011,31,11,Celestun,Yucatán,Peninsula de Yucatan,XII,Peninsula de Yucatan,25,sin dato,SIN SEQUIA,SIN REDUCCION
Region A - Primeros Quince dias habiles de cada Diciembre,31012,31,12,Cenotillo,Yucatán,Peninsula de Yucatan,XII,Peninsula de Yucatan,25,sin dato,SIN SEQUIA,SIN REDUCCION
Region A - Primeros Quince dias habiles de cada Diciembre,31013,31,13,Conkal,Yucatán,Peninsula de Yucatan,XII,Peninsula de Yucatan,25,sin dato,SIN SEQUIA,SIN REDUCCION
Region A - Primeros Quince dias habiles de cada Diciembre,31014,31,14,Cuncunul,Yucatán,Peninsula de Yucatan,XII,Peninsula de Yucatan,25,sin dato,SIN SEQUIA,SIN REDUCCION
Region A - Primeros Quince dias habiles de cada Diciembre,31015,31,15,Cuzama,Yucatán,Peninsula de Yucatan,XII,Peninsula de Yucatan,25,sin dato,SIN SEQUIA,SIN REDUCCION
Region A - Primeros Quince dias habiles de cada Diciembre,31016,31,16,Chacsinkin,Yucatán,Peninsula de Yucatan,XII,Peninsula de Yucatan,25,sin dato,SIN SEQUIA,SIN REDUCCION
Region A - Primeros Quince dias habiles de cada Diciembre,31017,31,17,Chankom,Yucatán,Peninsula de Yucatan,XII,Peninsula de Yucatan,25,sin dato,SIN SEQUIA,SIN REDUCCION
Region A - Primeros Quince dias habiles de cada Diciembre,31018,31,18,Chapab,Yucatán,Peninsula de Yucatan,XII,Peninsula de Yucatan,25,sin dato,SIN SEQUIA,SIN REDUCCION
Region A - Primeros Quince dias habiles de cada Diciembre,31019,31,19,Chemax,Yucatán,Peninsula de Yucatan,XII,Peninsula de Yucatan,25,sin dato,SIN SEQUIA,SIN REDUCCION
Region A - Primeros Quince dias habiles de cada Diciembre,31020,31,20,Chicxulub Pueblo,Yucatán,Peninsula de Yucatan,XII,Peninsula de Yucatan,25,sin dato,SIN SEQUIA,SIN REDUCCION
Region A - Primeros Quince dias habiles de cada Diciembre,31021,31,21,Chichimila,Yucatán,Peninsula de Yucatan,XII,Peninsula de Yucatan,25,sin dato,SIN SEQUIA,SIN REDUCCION
Region A - Primeros Quince dias habiles de cada Diciembre,31022,31,22,Chikindzonot,Yucatán,Peninsula de Yucatan,XII,Peninsula de Yucatan,25,sin dato,SIN SEQUIA,SIN REDUCCION
Region A - Primeros Quince dias habiles de cada Diciembre,31023,31,23,Chochola,Yucatán,Peninsula de Yucatan,XII,Peninsula de Yucatan,25,sin dato,SIN SEQUIA,SIN REDUCCION
Region A - Primeros Quince dias habiles de cada Diciembre,31024,31,24,Chumayel,Yucatán,Peninsula de Yucatan,XII,Peninsula de Yucatan,25,sin dato,SIN SEQUIA,SIN REDUCCION
Region A - Primeros Quince dias habiles de cada Diciembre,31025,31,25,Dzan,Yucatán,Peninsula de Yucatan,XII,Peninsula de Yucatan,25,sin dato,SIN SEQUIA,SIN REDUCCION
Region A - Primeros Quince dias habiles de cada Diciembre,31026,31,26,Dzemul,Yucatán,Peninsula de Yucatan,XII,Peninsula de Yucatan,25,sin dato,SIN SEQUIA,SIN REDUCCION
Region A - Primeros Quince dias habiles de cada Diciembre,31027,31,27,Dzidzantun,Yucatán,Peninsula de Yucatan,XII,Peninsula de Yucatan,25,sin dato,SIN SEQUIA,SIN REDUCCION
Region C - Primeros 8 dias habiles de CADA MES,31028,31,28,Dzilam de Bravo,Yucatán,Peninsula de Yucatan,XII,Peninsula de Yucatan,25,sin dato,SIN SEQUIA,SIN REDUCCION
Region A - Primeros Quince dias habiles de cada Diciembre,31029,31,29,Dzilam Gonzalez,Yucatán,Peninsula de Yucatan,XII,Peninsula de Yucatan,25,sin dato,SIN SEQUIA,SIN REDUCCION
Region A - Primeros Quince dias habiles de cada Diciembre,31030,31,30,Dzitas,Yucatán,Peninsula de Yucatan,XII,Peninsula de Yucatan,25,sin dato,SIN SEQUIA,SIN REDUCCION
Region A - Primeros Quince dias habiles de cada Diciembre,31031,31,31,Dzoncauich,Yucatán,Peninsula de Yucatan,XII,Peninsula de Yucatan,25,sin dato,SIN SEQUIA,SIN REDUCCION
Region A - Primeros Quince dias habiles de cada Diciembre,31032,31,32,Espita,Yucatán,Peninsula de Yucatan,XII,Peninsula de Yucatan,25,sin dato,SIN SEQUIA,SIN REDUCCION
Region A - Primeros Quince dias habiles de cada Diciembre,31033,31,33,Halacho,Yucatán,Peninsula de Yucatan,XII,Peninsula de Yucatan,25,sin dato,SIN SEQUIA,SIN REDUCCION
Region A - Primeros Quince dias habiles de cada Diciembre,31034,31,34,Hocaba,Yucatán,Peninsula de Yucatan,XII,Peninsula de Yucatan,25,sin dato,SIN SEQUIA,SIN REDUCCION
Region A - Primeros Quince dias habiles de cada Diciembre,31035,31,35,Hoctun,Yucatán,Peninsula de Yucatan,XII,Peninsula de Yucatan,25,D1,PRE-ALERTA,15%
Region A - Primeros Quince dias habiles de cada Diciembre,31036,31,36,Homun,Yucatán,Peninsula de Yucatan,XII,Peninsula de Yucatan,25,D0,PRE-ALERTA,10%
Region A - Primeros Quince dias habiles de cada Diciembre,31037,31,37,Huhi,Yucatán,Peninsula de Yucatan,XII,Peninsula de Yucatan,25,sin dato,SIN SEQUIA,SIN REDUCCION
Region A - Primeros Quince dias habiles de cada Diciembre,31038,31,38,Hunucma,Yucatán,Peninsula de Yucatan,XII,Peninsula de Yucatan,25,sin dato,SIN SEQUIA,SIN REDUCCION
Region A - Primeros Quince dias habiles de cada Diciembre,31039,31,39,Ixil,Yucatán,Peninsula de Yucatan,XII,Peninsula de Yucatan,25,sin dato,SIN SEQUIA,SIN REDUCCION
Region A - Primeros Quince dias habiles de cada Diciembre,31040,31,40,Izamal,Yucatán,Peninsula de Yucatan,XII,Peninsula de Yucatan,25,sin dato,SIN SEQUIA,SIN REDUCCION
Region A - Primeros Quince dias habiles de cada Diciembre,31041,31,41,Kanasin,Yucatán,Peninsula de Yucatan,XII,Peninsula de Yucatan,25,sin dato,SIN SEQUIA,SIN REDUCCION
Region A - Primeros Quince dias habiles de cada Diciembre,31042,31,42,Kantunil,Yucatán,Peninsula de Yucatan,XII,Peninsula de Yucatan,25,sin dato,SIN SEQUIA,SIN REDUCCION
Region A - Primeros Quince dias habiles de cada Diciembre,31043,31,43,Kaua,Yucatán,Peninsula de Yucatan,XII,Peninsula de Yucatan,25,sin dato,SIN SEQUIA,SIN REDUCCION
Region A - Primeros Quince dias habiles de cada Diciembre,31044,31,44,Kinchil,Yucatán,Peninsula de Yucatan,XII,Peninsula de Yucatan,25,sin dato,SIN SEQUIA,SIN REDUCCION
Region A - Primeros Quince dias habiles de cada Diciembre,31045,31,45,Kopoma,Yucatán,Peninsula de Yucatan,XII,Peninsula de Yucatan,25,sin dato,SIN SEQUIA,SIN REDUCCION
Region A - Primeros Quince dias habiles de cada Diciembre,31046,31,46,Mama,Yucatán,Peninsula de Yucatan,XII,Peninsula de Yucatan,25,sin dato,SIN SEQUIA,SIN REDUCCION
Region A - Primeros Quince dias habiles de cada Diciembre,31047,31,47,Mani,Yucatán,Peninsula de Yucatan,XII,Peninsula de Yucatan,25,sin dato,SIN SEQUIA,SIN REDUCCION
Region A - Primeros Quince dias habiles de cada Diciembre,31048,31,48,Maxcanu,Yucatán,Peninsula de Yucatan,XII,Peninsula de Yucatan,25,sin dato,SIN SEQUIA,SIN REDUCCION
Region A - Primeros Quince dias habiles de cada Diciembre,31049,31,49,Mayapan,Yucatán,Peninsula de Yucatan,XII,Peninsula de Yucatan,25,sin dato,SIN SEQUIA,SIN REDUCCION
Region A - Primeros Quince dias habiles de cada Diciembre,31050,31,50,Merida,Yucatán,Peninsula de Yucatan,XII,Peninsula de Yucatan,25,sin dato,SIN SEQUIA,SIN REDUCCION
Region A - Primeros Quince dias habiles de cada Diciembre,31051,31,51,Mococha,Yucatán,Peninsula de Yucatan,XII,Peninsula de Yucatan,25,sin dato,SIN SEQUIA,SIN REDUCCION
Region A - Primeros Quince dias habiles de cada Diciembre,31052,31,52,Motul,Yucatán,Peninsula de Yucatan,XII,Peninsula de Yucatan,25,sin dato,SIN SEQUIA,SIN REDUCCION
Region A - Primeros Quince dias habiles de cada Diciembre,31053,31,53,Muna,Yucatán,Peninsula de Yucatan,XII,Peninsula de Yucatan,25,sin dato,SIN SEQUIA,SIN REDUCCION
Region A - Primeros Quince dias habiles de cada Diciembre,31054,31,54,Muxupip,Yucatán,Peninsula de Yucatan,XII,Peninsula de Yucatan,25,sin dato,SIN SEQUIA,SIN REDUCCION
Region A - Primeros Quince dias habiles de cada Diciembre,31055,31,55,Opichen,Yucatán,Peninsula de Yucatan,XII,Peninsula de Yucatan,25,sin dato,SIN SEQUIA,SIN REDUCCION
Region A - Primeros Quince dias habiles de cada Diciembre,31056,31,56,Oxkutzcab,Yucatán,Peninsula de Yucatan,XII,Peninsula de Yucatan,25,sin dato,SIN SEQUIA,SIN REDUCCION
Region A - Primeros Quince dias habiles de cada Diciembre,31057,31,57,Panaba,Yucatán,Peninsula de Yucatan,XII,Peninsula de Yucatan,25,sin dato,SIN SEQUIA,SIN REDUCCION
Region A - Primeros Quince dias habiles de cada Diciembre,31058,31,58,Peto,Yucatán,Peninsula de Yucatan,XII,Peninsula de Yucatan,25,sin dato,SIN SEQUIA,SIN REDUCCION
Region C - Primeros 8 dias habiles de CADA MES,31059,31,59,Progreso,Yucatán,Peninsula de Yucatan,XII,Peninsula de Yucatan,25,sin dato,SIN SEQUIA,SIN REDUCCION
Region A - Primeros Quince dias habiles de cada Diciembre,31060,31,60,Quintana Roo,Yucatán,Peninsula de Yucatan,XII,Peninsula de Yucatan,25,sin dato,SIN SEQUIA,SIN REDUCCION
Region C - Primeros 8 dias habiles de CADA MES,31061,31,61,Rio Lagartos,Yucatán,Peninsula de Yucatan,XII,Peninsula de Yucatan,25,sin dato,SIN SEQUIA,SIN REDUCCION
Region A - Primeros Quince dias habiles de cada Diciembre,31062,31,62,Sacalum,Yucatán,Peninsula de Yucatan,XII,Peninsula de Yucatan,25,sin dato,SIN SEQUIA,SIN REDUCCION
Region A - Primeros Quince dias habiles de cada Diciembre,31063,31,63,Samahil,Yucatán,Peninsula de Yucatan,XII,Peninsula de Yucatan,25,sin dato,SIN SEQUIA,SIN REDUCCION
Region A - Primeros Quince dias habiles de cada Diciembre,31064,31,64,Sanahcat,Yucatán,Peninsula de Yucatan,XII,Peninsula de Yucatan,25,D1,PRE-ALERTA,15%
Region A - Primeros Quince dias habiles de cada Diciembre,31065,31,65,San Felipe,Yucatán,Peninsula de Yucatan,XII,Peninsula de Yucatan,25,sin dato,SIN SEQUIA,SIN REDUCCION
Region A - Primeros Quince dias habiles de cada Diciembre,31066,31,66,Santa Elena,Yucatán,Peninsula de Yucatan,XII,Peninsula de Yucatan,25,sin dato,SIN SEQUIA,SIN REDUCCION
Region A - Primeros Quince dias habiles de cada Diciembre,31067,31,67,Seye,Yucatán,Peninsula de Yucatan,XII,Peninsula de Yucatan,25,sin dato,SIN SEQUIA,SIN REDUCCION
Region A - Primeros Quince dias habiles de cada Diciembre,31068,31,68,Sinanche,Yucatán,Peninsula de Yucatan,XII,Peninsula de Yucatan,25,D2,PRE-ALERTA,15%
Region A - Primeros Quince dias habiles de cada Diciembre,31069,31,69,Sotuta,Yucatán,Peninsula de Yucatan,XII,Peninsula de Yucatan,25,sin dato,SIN SEQUIA,SIN REDUCCION
Region A - Primeros Quince dias habiles de cada Diciembre,31070,31,70,Sucila,Yucatán,Peninsula de Yucatan,XII,Peninsula de Yucatan,25,sin dato,SIN SEQUIA,SIN REDUCCION
Region A - Primeros Quince dias habiles de cada Diciembre,31071,31,71,Sudzal,Yucatán,Peninsula de Yucatan,XII,Peninsula de Yucatan,25,sin dato,SIN SEQUIA,SIN REDUCCION
Region A - Primeros Quince dias habiles de cada Diciembre,31072,31,72,Suma,Yucatán,Peninsula de Yucatan,XII,Peninsula de Yucatan,25,D2,PRE-ALERTA,15%
Region A - Primeros Quince dias habiles de cada Diciembre,31073,31,73,Tahdziu,Yucatán,Peninsula de Yucatan,XII,Peninsula de Yucatan,25,sin dato,SIN SEQUIA,SIN REDUCCION
Region A - Primeros Quince dias habiles de cada Diciembre,31074,31,74,Tahmek,Yucatán,Peninsula de Yucatan,XII,Peninsula de Yucatan,25,sin dato,SIN SEQUIA,SIN REDUCCION
Region A - Primeros Quince dias habiles de cada Diciembre,31075,31,75,Teabo,Yucatán,Peninsula de Yucatan,XII,Peninsula de Yucatan,25,sin dato,SIN SEQUIA,SIN REDUCCION
Region A - Primeros Quince dias habiles de cada Diciembre,31076,31,76,Tecoh,Yucatán,Peninsula de Yucatan,XII,Peninsula de Yucatan,25,sin dato,SIN SEQUIA,SIN REDUCCION
Region A - Primeros Quince dias habiles de cada Diciembre,31077,31,77,Tekal de Venegas,Yucatán,Peninsula de Yucatan,XII,Peninsula de Yucatan,25,D0,PRE-ALERTA,10%
Region A - Primeros Quince dias habiles de cada Diciembre,31078,31,78,Tekanto,Yucatán,Peninsula de Yucatan,XII,Peninsula de Yucatan,25,sin dato,SIN SEQUIA,SIN REDUCCION
Region A - Primeros Quince dias habiles de cada Diciembre,31079,31,79,Tekax,Yucatán,Peninsula de Yucatan,XII,Peninsula de Yucatan,25,sin dato,SIN SEQUIA,SIN REDUCCION
Region A - Primeros Quince dias habiles de cada Diciembre,31080,31,80,Tekit,Yucatán,Peninsula de Yucatan,XII,Peninsula de Yucatan,25,sin dato,SIN SEQUIA,SIN REDUCCION
Region A - Primeros Quince dias habiles de cada Diciembre,31081,31,81,Tekom,Yucatán,Peninsula de Yucatan,XII,Peninsula de Yucatan,25,sin dato,SIN SEQUIA,SIN REDUCCION
Region A - Primeros Quince dias habiles de cada Diciembre,31082,31,82,Telchac Pueblo,Yucatán,Peninsula de Yucatan,XII,Peninsula de Yucatan,25,sin dato,SIN SEQUIA,SIN REDUCCION
Region A - Primeros Quince dias habiles de cada Diciembre,31083,31,83,Telchac Puerto,Yucatán,Peninsula de Yucatan,XII,Peninsula de Yucatan,25,sin dato,SIN SEQUIA,SIN REDUCCION
Region A - Primeros Quince dias habiles de cada Diciembre,31084,31,84,Temax,Yucatán,Peninsula de Yucatan,XII,Peninsula de Yucatan,25,sin dato,SIN SEQUIA,SIN REDUCCION
Region A - Primeros Quince dias habiles de cada Diciembre,31085,31,85,Temozon,Yucatán,Peninsula de Yucatan,XII,Peninsula de Yucatan,25,sin dato,SIN SEQUIA,SIN REDUCCION
Region A - Primeros Quince dias habiles de cada Diciembre,31086,31,86,Tepakan,Yucatán,Peninsula de Yucatan,XII,Peninsula de Yucatan,25,sin dato,SIN SEQUIA,SIN REDUCCION
Region A - Primeros Quince dias habiles de cada Diciembre,31087,31,87,Tetiz,Yucatán,Peninsula de Yucatan,XII,Peninsula de Yucatan,25,sin dato,SIN SEQUIA,SIN REDUCCION
Region A - Primeros Quince dias habiles de cada Diciembre,31088,31,88,Teya,Yucatán,Peninsula de Yucatan,XII,Peninsula de Yucatan,25,sin dato,SIN SEQUIA,SIN REDUCCION
Region A - Primeros Quince dias habiles de cada Diciembre,31089,31,89,Ticul,Yucatán,Peninsula de Yucatan,XII,Peninsula de Yucatan,25,sin dato,SIN SEQUIA,SIN REDUCCION
Region A - Primeros Quince dias habiles de cada Diciembre,31090,31,90,Timucuy,Yucatán,Peninsula de Yucatan,XII,Peninsula de Yucatan,25,sin dato,SIN SEQUIA,SIN REDUCCION
Region A - Primeros Quince dias habiles de cada Diciembre,31091,31,91,Tinum,Yucatán,Peninsula de Yucatan,XII,Peninsula de Yucatan,25,sin dato,SIN SEQUIA,SIN REDUCCION
Region A - Primeros Quince dias habiles de cada Diciembre,31092,31,92,Tixcacalcupul,Yucatán,Peninsula de Yucatan,XII,Peninsula de Yucatan,25,sin dato,SIN SEQUIA,SIN REDUCCION
Region A - Primeros Quince dias habiles de cada Diciembre,31093,31,93,Tixkokob,Yucatán,Peninsula de Yucatan,XII,Peninsula de Yucatan,25,sin dato,SIN SEQUIA,SIN REDUCCION
Region A - Primeros Quince dias habiles de cada Diciembre,31094,31,94,Tixmehuac,Yucatán,Peninsula de Yucatan,XII,Peninsula de Yucatan,25,sin dato,SIN SEQUIA,SIN REDUCCION
Region A - Primeros Quince dias habiles de cada Diciembre,31095,31,95,Tixpehual,Yucatán,Peninsula de Yucatan,XII,Peninsula de Yucatan,25,sin dato,SIN SEQUIA,SIN REDUCCION
Region A - Primeros Quince dias habiles de cada Diciembre,31096,31,96,Tizimin,Yucatán,Peninsula de Yucatan,XII,Peninsula de Yucatan,25,sin dato,SIN SEQUIA,SIN REDUCCION
Region A - Primeros Quince dias habiles de cada Diciembre,31097,31,97,Tunkas,Yucatán,Peninsula de Yucatan,XII,Peninsula de Yucatan,25,sin dato,SIN SEQUIA,SIN REDUCCION
Region A - Primeros Quince dias habiles de cada Diciembre,31098,31,98,Tzucacab,Yucatán,Peninsula de Yucatan,XII,Peninsula de Yucatan,25,sin dato,SIN SEQUIA,SIN REDUCCION
Region A - Primeros Quince dias habiles de cada Diciembre,31099,31,99,Uayma,Yucatán,Peninsula de Yucatan,XII,Peninsula de Yucatan,25,sin dato,SIN SEQUIA,SIN REDUCCION
Region A - Primeros Quince dias habiles de cada Diciembre,31100,31,100,Ucu,Yucatán,Peninsula de Yucatan,XII,Peninsula de Yucatan,25,sin dato,SIN SEQUIA,SIN REDUCCION
Region A - Primeros Quince dias habiles de cada Diciembre,31101,31,101,Uman,Yucatán,Peninsula de Yucatan,XII,Peninsula de Yucatan,25,sin dato,SIN SEQUIA,SIN REDUCCION
Region A - Primeros Quince dias habiles de cada Diciembre,31102,31,102,Valladolid,Yucatán,Peninsula de Yucatan,XII,Peninsula de Yucatan,25,sin dato,SIN SEQUIA,SIN REDUCCION
Region A - Primeros Quince dias habiles de cada Diciembre,31103,31,103,Xocchel,Yucatán,Peninsula de Yucatan,XII,Peninsula de Yucatan,25,D2,PRE-ALERTA,15%
Region A - Primeros Quince dias habiles de cada Diciembre,31104,31,104,Yaxcaba,Yucatán,Peninsula de Yucatan,XII,Peninsula de Yucatan,25,sin dato,SIN SEQUIA,SIN REDUCCION
Region A - Primeros Quince dias habiles de cada Diciembre,31105,31,105,Yaxkukul,Yucatán,Peninsula de Yucatan,XII,Peninsula de Yucatan,25,sin dato,SIN SEQUIA,SIN REDUCCION
Region A - Primeros Quince dias habiles de cada Diciembre,31106,31,106,Yobain,Yucatán,Peninsula de Yucatan,XII,Peninsula de Yucatan,25,sin dato,SIN SEQUIA,SIN REDUCCION
Region A - Primeros Quince dias habiles de cada Diciembre,32001,32,1,Apozol,Zacatecas,Lerma Santiago Pacifico,VIII,Rio Santiago,16,sin dato,SIN SEQUIA,SIN REDUCCION
Region A - Primeros Quince dias habiles de cada Diciembre,32002,32,2,Apulco,Zacatecas,Lerma Santiago Pacifico,VIII,Rio Santiago,16,sin dato,SIN SEQUIA,SIN REDUCCION
Region A - Primeros Quince dias habiles de cada Diciembre,32003,32,3,Atolinga,Zacatecas,Lerma Santiago Pacifico,VIII,Rio Santiago,16,sin dato,SIN SEQUIA,SIN REDUCCION
Region A - Primeros Quince dias habiles de cada Diciembre,32004,32,4,Benito Juarez,Zacatecas,Lerma Santiago Pacifico,VIII,Rio Santiago,16,sin dato,SIN SEQUIA,SIN REDUCCION
Region A - Primeros Quince dias habiles de cada Diciembre,32005,32,5,Calera,Zacatecas,Cuencas Centrales del Norte,VII,Del Altiplano,14,sin dato,SIN SEQUIA,SIN REDUCCION
Region A - Primeros Quince dias habiles de cada Diciembre,32006,32,6,Canitas de Felipe Pescador,Zacatecas,Cuencas Centrales del Norte,VII,Del Altiplano,14,sin dato,SIN SEQUIA,SIN REDUCCION
Region A - Primeros Quince dias habiles de cada Diciembre,32007,32,7,Concepcion del Oro,Zacatecas,Cuencas Centrales del Norte,VII,Del Altiplano,14,sin dato,SIN SEQUIA,SIN REDUCCION
Region A - Primeros Quince dias habiles de cada Diciembre,32008,32,8,Cuauhtemoc,Zacatecas,Lerma Santiago Pacifico,VIII,Rio Santiago,16,sin dato,SIN SEQUIA,SIN REDUCCION
Region A - Primeros Quince dias habiles de cada Diciembre,32009,32,9,Chalchihuites,Zacatecas,Pacifico Norte,III,Rios Presidio al San Pedro,8,sin dato,SIN SEQUIA,SIN REDUCCION
Region A - Primeros Quince dias habiles de cada Diciembre,32010,32,10,Fresnillo,Zacatecas,Cuencas Centrales del Norte,VII,Nazas-Aguanaval,13,sin dato,SIN SEQUIA,SIN REDUCCION
Region A - Primeros Quince dias habiles de cada Diciembre,32011,32,11,Trinidad Garcia de la Cadena,Zacatecas,Lerma Santiago Pacifico,VIII,Rio Santiago,16,sin dato,SIN SEQUIA,SIN REDUCCION
Region A - Primeros Quince dias habiles de cada Diciembre,32012,32,12,Genaro Codina,Zacatecas,Lerma Santiago Pacifico,VIII,Rio Santiago,16,sin dato,SIN SEQUIA,SIN REDUCCION
Region A - Primeros Quince dias habiles de cada Diciembre,32013,32,13,General Enrique Estrada,Zacatecas,Cuencas Centrales del Norte,VII,Del Altiplano,14,sin dato,SIN SEQUIA,SIN REDUCCION
Region A - Primeros Quince dias habiles de cada Diciembre,32014,32,14,General Francisco R. Murguia,Zacatecas,Cuencas Centrales del Norte,VII,Nazas-Aguanaval,13,sin dato,SIN SEQUIA,SIN REDUCCION
Region A - Primeros Quince dias habiles de cada Diciembre,32015,32,15,El Plateado de Joaquin Amaro,Zacatecas,Lerma Santiago Pacifico,VIII,Rio Santiago,16,sin dato,SIN SEQUIA,SIN REDUCCION
Region A - Primeros Quince dias habiles de cada Diciembre,32016,32,16,General Panfilo Natera,Zacatecas,Cuencas Centrales del Norte,VII,Del Altiplano,14,sin dato,SIN SEQUIA,SIN REDUCCION
Region A - Primeros Quince dias habiles de cada Diciembre,32017,32,17,Guadalupe,Zacatecas,Cuencas Centrales del Norte,VII,Del Altiplano,14,sin dato,SIN SEQUIA,SIN REDUCCION
Region A - Primeros Quince dias habiles de cada Diciembre,32018,32,18,Huanusco,Zacatecas,Lerma Santiago Pacifico,VIII,Rio Santiago,16,sin dato,SIN SEQUIA,SIN REDUCCION
Region A - Primeros Quince dias habiles de cada Diciembre,32019,32,19,Jalpa,Zacatecas,Lerma Santiago Pacifico,VIII,Rio Santiago,16,sin dato,SIN SEQUIA,SIN REDUCCION
Region A - Primeros Quince dias habiles de cada Diciembre,32020,32,20,Jerez,Zacatecas,Lerma Santiago Pacifico,VIII,Rio Santiago,16,sin dato,SIN SEQUIA,SIN REDUCCION
Region A - Primeros Quince dias habiles de cada Diciembre,32021,32,21,Jimenez del Teul,Zacatecas,Lerma Santiago Pacifico,VIII,Rio Santiago,16,sin dato,SIN SEQUIA,SIN REDUCCION
Region A - Primeros Quince dias habiles de cada Diciembre,32022,32,22,Juan Aldama,Zacatecas,Cuencas Centrales del Norte,VII,Nazas-Aguanaval,13,sin dato,SIN SEQUIA,SIN REDUCCION
Region A - Primeros Quince dias habiles de cada Diciembre,32023,32,23,Juchipila,Zacatecas,Lerma Santiago Pacifico,VIII,Rio Santiago,16,sin dato,SIN SEQUIA,SIN REDUCCION
Region A - Primeros Quince dias habiles de cada Diciembre,32024,32,24,Loreto,Zacatecas,Cuencas Centrales del Norte,VII,Rio Santiago,16,sin dato,SIN SEQUIA,SIN REDUCCION
Region A - Primeros Quince dias habiles de cada Diciembre,32025,32,25,Luis Moya,Zacatecas,Lerma Santiago Pacifico,VIII,Rio Santiago,16,sin dato,SIN SEQUIA,SIN REDUCCION
Region A - Primeros Quince dias habiles de cada Diciembre,32026,32,26,Mazapil,Zacatecas,Cuencas Centrales del Norte,VII,Del Altiplano,14,sin dato,SIN SEQUIA,SIN REDUCCION
Region A - Primeros Quince dias habiles de cada Diciembre,32027,32,27,Melchor Ocampo,Zacatecas,Cuencas Centrales del Norte,VII,Nazas-Aguanaval,13,sin dato,SIN SEQUIA,SIN REDUCCION
Region A - Primeros Quince dias habiles de cada Diciembre,32028,32,28,Mezquital del Oro,Zacatecas,Lerma Santiago Pacifico,VIII,Rio Santiago,16,sin dato,SIN SEQUIA,SIN REDUCCION
Region A - Primeros Quince dias habiles de cada Diciembre,32029,32,29,Miguel Auza,Zacatecas,Cuencas Centrales del Norte,VII,Nazas-Aguanaval,13,sin dato,SIN SEQUIA,SIN REDUCCION
Region A - Primeros Quince dias habiles de cada Diciembre,32030,32,30,Momax,Zacatecas,Lerma Santiago Pacifico,VIII,Rio Santiago,16,sin dato,SIN SEQUIA,SIN REDUCCION
Region A - Primeros Quince dias habiles de cada Diciembre,32031,32,31,Monte Escobedo,Zacatecas,Lerma Santiago Pacifico,VIII,Rio Santiago,16,sin dato,SIN SEQUIA,SIN REDUCCION
Region A - Primeros Quince dias habiles de cada Diciembre,32032,32,32,Morelos,Zacatecas,Cuencas Centrales del Norte,VII,Del Altiplano,14,sin dato,SIN SEQUIA,SIN REDUCCION
Region A - Primeros Quince dias habiles de cada Diciembre,32033,32,33,Moyahua de Estrada,Zacatecas,Lerma Santiago Pacifico,VIII,Rio Santiago,16,sin dato,SIN SEQUIA,SIN REDUCCION
Region A - Primeros Quince dias habiles de cada Diciembre,32034,32,34,Nochistlan de Mejia,Zacatecas,Lerma Santiago Pacifico,VIII,Rio Santiago,16,sin dato,SIN SEQUIA,SIN REDUCCION
Region A - Primeros Quince dias habiles de cada Diciembre,32035,32,35,Noria de angeles,Zacatecas,Cuencas Centrales del Norte,VII,Del Altiplano,14,sin dato,SIN SEQUIA,SIN REDUCCION
Region A - Primeros Quince dias habiles de cada Diciembre,32036,32,36,Ojocaliente,Zacatecas,Lerma Santiago Pacifico,VIII,Rio Santiago,16,sin dato,SIN SEQUIA,SIN REDUCCION
Region A - Primeros Quince dias habiles de cada Diciembre,32037,32,37,Panuco,Zacatecas,Cuencas Centrales del Norte,VII,Del Altiplano,14,sin dato,SIN SEQUIA,SIN REDUCCION
Region A - Primeros Quince dias habiles de cada Diciembre,32038,32,38,Pinos,Zacatecas,Cuencas Centrales del Norte,VII,Del Altiplano,14,sin dato,SIN SEQUIA,SIN REDUCCION
Region A - Primeros Quince dias habiles de cada Diciembre,32039,32,39,Rio Grande,Zacatecas,Cuencas Centrales del Norte,VII,Nazas-Aguanaval,13,sin dato,SIN SEQUIA,SIN REDUCCION
Region A - Primeros Quince dias habiles de cada Diciembre,32040,32,40,Sain Alto,Zacatecas,Cuencas Centrales del Norte,VII,Nazas-Aguanaval,13,sin dato,SIN SEQUIA,SIN REDUCCION
Region A - Primeros Quince dias habiles de cada Diciembre,32041,32,41,El Salvador,Zacatecas,Cuencas Centrales del Norte,VII,Del Altiplano,14,sin dato,SIN SEQUIA,SIN REDUCCION
Region A - Primeros Quince dias habiles de cada Diciembre,32042,32,42,Sombrerete,Zacatecas,Pacifico Norte,III,Rios Presidio al San Pedro,8,sin dato,SIN SEQUIA,SIN REDUCCION
Region A - Primeros Quince dias habiles de cada Diciembre,32043,32,43,Susticacan,Zacatecas,Lerma Santiago Pacifico,VIII,Rio Santiago,16,sin dato,SIN SEQUIA,SIN REDUCCION
Region A - Primeros Quince dias habiles de cada Diciembre,32044,32,44,Tabasco,Zacatecas,Lerma Santiago Pacifico,VIII,Rio Santiago,16,sin dato,SIN SEQUIA,SIN REDUCCION
Region A - Primeros Quince dias habiles de cada Diciembre,32045,32,45,Tepechitlan,Zacatecas,Lerma Santiago Pacifico,VIII,Rio Santiago,16,sin dato,SIN SEQUIA,SIN REDUCCION
Region A - Primeros Quince dias habiles de cada Diciembre,32046,32,46,Tepetongo,Zacatecas,Lerma Santiago Pacifico,VIII,Rio Santiago,16,sin dato,SIN SEQUIA,SIN REDUCCION
Region A - Primeros Quince dias habiles de cada Diciembre,32047,32,47,Teul de Gonzalez Ortega,Zacatecas,Lerma Santiago Pacifico,VIII,Rio Santiago,16,sin dato,SIN SEQUIA,SIN REDUCCION
Region A - Primeros Quince dias habiles de cada Diciembre,32048,32,48,Tlaltenango de Sanchez Roman,Zacatecas,Lerma Santiago Pacifico,VIII,Rio Santiago,16,sin dato,SIN SEQUIA,SIN REDUCCION
Region A - Primeros Quince dias habiles de cada Diciembre,32049,32,49,Valparaiso,Zacatecas,Lerma Santiago Pacifico,VIII,Rio Santiago,16,sin dato,SIN SEQUIA,SIN REDUCCION
Region A - Primeros Quince dias habiles de cada Diciembre,32050,32,50,Vetagrande,Zacatecas,Cuencas Centrales del Norte,VII,Del Altiplano,14,sin dato,SIN SEQUIA,SIN REDUCCION
Region A - Primeros Quince dias habiles de cada Diciembre,32051,32,51,Villa de Cos,Zacatecas,Cuencas Centrales del Norte,VII,Del Altiplano,14,sin dato,SIN SEQUIA,SIN REDUCCION
Region A - Primeros Quince dias habiles de cada Diciembre,32052,32,52,Villa Garcia,Zacatecas,Lerma Santiago Pacifico,VIII,Rio Santiago,16,sin dato,SIN SEQUIA,SIN REDUCCION
Region A - Primeros Quince dias habiles de cada Diciembre,32053,32,53,Villa Gonzalez Ortega,Zacatecas,Cuencas Centrales del Norte,VII,Del Altiplano,14,sin dato,SIN SEQUIA,SIN REDUCCION
Region A - Primeros Quince dias habiles de cada Diciembre,32054,32,54,Villa Hidalgo,Zacatecas,Cuencas Centrales del Norte,VII,Del Altiplano,14,sin dato,SIN SEQUIA,SIN REDUCCION
Region A - Primeros Quince dias habiles de cada Diciembre,32055,32,55,Villanueva,Zacatecas,Lerma Santiago Pacifico,VIII,Rio Santiago,16,sin dato,SIN SEQUIA,SIN REDUCCION
Region A - Primeros Quince dias habiles de cada Diciembre,32056,32,56,Zacatecas,Zacatecas,Cuencas Centrales del Norte,VII,Rio Santiago,16,sin dato,SIN SEQUIA,SIN REDUCCION
Region A - Primeros Quince dias habiles de cada Diciembre,32057,32,57,Trancoso,Zacatecas,Cuencas Centrales del Norte,VII,Del Altiplano,14,sin dato,SIN SEQUIA,SIN REDUCCION
Region A - Primeros Quince dias habiles de cada Diciembre,32058,32,58,Santa Maria de la Paz,Zacatecas,Lerma Santiago Pacifico,VIII,Rio Santiago,16,sin dato,SIN SEQUIA,SIN REDUCCION
